--
-- PostgreSQL database dump
--

-- Dumped from database version 15.4 (Debian 15.4-2.pgdg120+1)
-- Dumped by pg_dump version 15.4 (Debian 15.4-2.pgdg120+1)

SET statement_timeout = 0;
SET lock_timeout = 0;
SET idle_in_transaction_session_timeout = 0;
SET client_encoding = 'UTF8';
SET standard_conforming_strings = on;
SELECT pg_catalog.set_config('search_path', '', false);
SET check_function_bodies = false;
SET xmloption = content;
SET client_min_messages = warning;
SET row_security = off;

DROP INDEX IF EXISTS public.idx_user_tools_user_id;
DROP INDEX IF EXISTS public.idx_user_tools_tool_version_id;
DROP INDEX IF EXISTS public.idx_user_settings_user_id;
DROP INDEX IF EXISTS public.idx_tools_user_id;
DROP INDEX IF EXISTS public.idx_sessions_user_id;
DROP INDEX IF EXISTS public.idx_sessions_agent_id;
DROP INDEX IF EXISTS public.idx_providers_user_id;
DROP INDEX IF EXISTS public.idx_models_user_id;
DROP INDEX IF EXISTS public.idx_models_provider_id;
DROP INDEX IF EXISTS public.idx_messages_session_id;
DROP INDEX IF EXISTS public.idx_context_session_id;
DROP INDEX IF EXISTS public.idx_agents_user_id;
DROP INDEX IF EXISTS public.idx_agent_workspace_user_id;
DROP INDEX IF EXISTS public.idx_agent_workspace_agent_id;
DROP INDEX IF EXISTS public.idx_agent_versions_user_id;
DROP INDEX IF EXISTS public.idx_agent_versions_agent_id;
DROP INDEX IF EXISTS public.idx_agent_tasks_user_id;
DROP INDEX IF EXISTS public.idx_agent_tasks_session_id;
DROP INDEX IF EXISTS public.idx_agent_tasks_parent_task_id;
ALTER TABLE IF EXISTS ONLY public.users DROP CONSTRAINT IF EXISTS users_pkey;
ALTER TABLE IF EXISTS ONLY public.user_tools DROP CONSTRAINT IF EXISTS user_tools_pkey;
ALTER TABLE IF EXISTS ONLY public.user_settings DROP CONSTRAINT IF EXISTS user_settings_user_id_key;
ALTER TABLE IF EXISTS ONLY public.user_settings DROP CONSTRAINT IF EXISTS user_settings_pkey;
ALTER TABLE IF EXISTS ONLY public.tool_versions DROP CONSTRAINT IF EXISTS tool_versions_pkey;
ALTER TABLE IF EXISTS ONLY public.sessions DROP CONSTRAINT IF EXISTS sessions_pkey;
ALTER TABLE IF EXISTS ONLY public.scheduled_tasks DROP CONSTRAINT IF EXISTS scheduled_tasks_pkey;
ALTER TABLE IF EXISTS ONLY public.providers DROP CONSTRAINT IF EXISTS providers_pkey;
ALTER TABLE IF EXISTS ONLY public.models DROP CONSTRAINT IF EXISTS models_pkey;
ALTER TABLE IF EXISTS ONLY public.messages DROP CONSTRAINT IF EXISTS messages_pkey;
ALTER TABLE IF EXISTS ONLY public.context DROP CONSTRAINT IF EXISTS context_pkey;
ALTER TABLE IF EXISTS ONLY public.agents DROP CONSTRAINT IF EXISTS agents_pkey;
ALTER TABLE IF EXISTS ONLY public.agent_workspace DROP CONSTRAINT IF EXISTS agent_workspace_pkey;
ALTER TABLE IF EXISTS ONLY public.agent_versions DROP CONSTRAINT IF EXISTS agent_versions_pkey;
ALTER TABLE IF EXISTS ONLY public.agent_tasks DROP CONSTRAINT IF EXISTS agent_tasks_pkey;
DROP TABLE IF EXISTS public.users;
DROP TABLE IF EXISTS public.user_tools;
DROP TABLE IF EXISTS public.user_settings;
DROP TABLE IF EXISTS public.tools;
DROP TABLE IF EXISTS public.tool_versions;
DROP TABLE IF EXISTS public.sessions;
DROP TABLE IF EXISTS public.scheduled_tasks;
DROP TABLE IF EXISTS public.providers;
DROP TABLE IF EXISTS public.models;
DROP TABLE IF EXISTS public.messages;
DROP TABLE IF EXISTS public.context;
DROP TABLE IF EXISTS public.agents;
DROP TABLE IF EXISTS public.agent_workspace;
DROP TABLE IF EXISTS public.agent_versions;
DROP TABLE IF EXISTS public.agent_tasks;
SET default_tablespace = '';

SET default_table_access_method = heap;

--
-- Name: agent_tasks; Type: TABLE; Schema: public; Owner: postgres
--

CREATE TABLE public.agent_tasks (
    id character varying(36) NOT NULL,
    session_id character varying(36) NOT NULL,
    user_id character varying(36) NOT NULL,
    parent_task_id character varying(36),
    task_name character varying(255) NOT NULL,
    description text,
    status character varying(20),
    progress integer DEFAULT 0,
    start_time timestamp without time zone,
    end_time timestamp without time zone,
    task_result text,
    created_at timestamp without time zone DEFAULT CURRENT_TIMESTAMP NOT NULL,
    updated_at timestamp without time zone DEFAULT CURRENT_TIMESTAMP NOT NULL,
    deleted_at timestamp without time zone
);


ALTER TABLE public.agent_tasks OWNER TO postgres;

--
-- Name: TABLE agent_tasks; Type: COMMENT; Schema: public; Owner: postgres
--

COMMENT ON TABLE public.agent_tasks IS '任务实体类';


--
-- Name: COLUMN agent_tasks.id; Type: COMMENT; Schema: public; Owner: postgres
--

COMMENT ON COLUMN public.agent_tasks.id IS '任务ID';


--
-- Name: COLUMN agent_tasks.session_id; Type: COMMENT; Schema: public; Owner: postgres
--

COMMENT ON COLUMN public.agent_tasks.session_id IS '所属会话ID';


--
-- Name: COLUMN agent_tasks.user_id; Type: COMMENT; Schema: public; Owner: postgres
--

COMMENT ON COLUMN public.agent_tasks.user_id IS '用户ID';


--
-- Name: COLUMN agent_tasks.parent_task_id; Type: COMMENT; Schema: public; Owner: postgres
--

COMMENT ON COLUMN public.agent_tasks.parent_task_id IS '父任务ID';


--
-- Name: COLUMN agent_tasks.task_name; Type: COMMENT; Schema: public; Owner: postgres
--

COMMENT ON COLUMN public.agent_tasks.task_name IS '任务名称';


--
-- Name: COLUMN agent_tasks.description; Type: COMMENT; Schema: public; Owner: postgres
--

COMMENT ON COLUMN public.agent_tasks.description IS '任务描述';


--
-- Name: COLUMN agent_tasks.status; Type: COMMENT; Schema: public; Owner: postgres
--

COMMENT ON COLUMN public.agent_tasks.status IS '任务状态';


--
-- Name: COLUMN agent_tasks.progress; Type: COMMENT; Schema: public; Owner: postgres
--

COMMENT ON COLUMN public.agent_tasks.progress IS '任务进度,存放父任务中';


--
-- Name: COLUMN agent_tasks.start_time; Type: COMMENT; Schema: public; Owner: postgres
--

COMMENT ON COLUMN public.agent_tasks.start_time IS '开始时间';


--
-- Name: COLUMN agent_tasks.end_time; Type: COMMENT; Schema: public; Owner: postgres
--

COMMENT ON COLUMN public.agent_tasks.end_time IS '结束时间';


--
-- Name: COLUMN agent_tasks.task_result; Type: COMMENT; Schema: public; Owner: postgres
--

COMMENT ON COLUMN public.agent_tasks.task_result IS '任务结果';


--
-- Name: COLUMN agent_tasks.created_at; Type: COMMENT; Schema: public; Owner: postgres
--

COMMENT ON COLUMN public.agent_tasks.created_at IS '创建时间';


--
-- Name: COLUMN agent_tasks.updated_at; Type: COMMENT; Schema: public; Owner: postgres
--

COMMENT ON COLUMN public.agent_tasks.updated_at IS '更新时间';


--
-- Name: COLUMN agent_tasks.deleted_at; Type: COMMENT; Schema: public; Owner: postgres
--

COMMENT ON COLUMN public.agent_tasks.deleted_at IS '逻辑删除时间';


--
-- Name: agent_versions; Type: TABLE; Schema: public; Owner: postgres
--

CREATE TABLE public.agent_versions (
    id character varying(36) NOT NULL,
    agent_id character varying(36) NOT NULL,
    name character varying(255) NOT NULL,
    avatar character varying(255),
    description text,
    version_number character varying(20) NOT NULL,
    system_prompt text,
    welcome_message text,
    tool_version_ids jsonb,
    knowledge_base_ids jsonb,
    change_log text,
    agent_type integer DEFAULT 1,
    publish_status integer DEFAULT 1,
    reject_reason text,
    review_time timestamp without time zone,
    published_at timestamp without time zone,
    user_id character varying(36) NOT NULL,
    created_at timestamp without time zone DEFAULT CURRENT_TIMESTAMP NOT NULL,
    updated_at timestamp without time zone DEFAULT CURRENT_TIMESTAMP NOT NULL,
    deleted_at timestamp without time zone,
    tool_ids jsonb,
    tool_preset_params jsonb,
    multi_modal boolean DEFAULT false NOT NULL
);


ALTER TABLE public.agent_versions OWNER TO postgres;

--
-- Name: TABLE agent_versions; Type: COMMENT; Schema: public; Owner: postgres
--

COMMENT ON TABLE public.agent_versions IS 'Agent版本实体类，代表一个Agent的发布版本';


--
-- Name: COLUMN agent_versions.id; Type: COMMENT; Schema: public; Owner: postgres
--

COMMENT ON COLUMN public.agent_versions.id IS '版本唯一ID';


--
-- Name: COLUMN agent_versions.agent_id; Type: COMMENT; Schema: public; Owner: postgres
--

COMMENT ON COLUMN public.agent_versions.agent_id IS '关联的Agent ID';


--
-- Name: COLUMN agent_versions.name; Type: COMMENT; Schema: public; Owner: postgres
--

COMMENT ON COLUMN public.agent_versions.name IS 'Agent名称';


--
-- Name: COLUMN agent_versions.avatar; Type: COMMENT; Schema: public; Owner: postgres
--

COMMENT ON COLUMN public.agent_versions.avatar IS 'Agent头像URL';


--
-- Name: COLUMN agent_versions.description; Type: COMMENT; Schema: public; Owner: postgres
--

COMMENT ON COLUMN public.agent_versions.description IS 'Agent描述';


--
-- Name: COLUMN agent_versions.version_number; Type: COMMENT; Schema: public; Owner: postgres
--

COMMENT ON COLUMN public.agent_versions.version_number IS '版本号，如1.0.0';


--
-- Name: COLUMN agent_versions.system_prompt; Type: COMMENT; Schema: public; Owner: postgres
--

COMMENT ON COLUMN public.agent_versions.system_prompt IS 'Agent系统提示词';


--
-- Name: COLUMN agent_versions.welcome_message; Type: COMMENT; Schema: public; Owner: postgres
--

COMMENT ON COLUMN public.agent_versions.welcome_message IS '欢迎消息';


--
-- Name: COLUMN agent_versions.tool_version_ids; Type: COMMENT; Schema: public; Owner: postgres
--

COMMENT ON COLUMN public.agent_versions.tool_version_ids IS '工具版本 id';


--
-- Name: COLUMN agent_versions.knowledge_base_ids; Type: COMMENT; Schema: public; Owner: postgres
--

COMMENT ON COLUMN public.agent_versions.knowledge_base_ids IS '关联的知识库ID列表，JSON数组格式';


--
-- Name: COLUMN agent_versions.change_log; Type: COMMENT; Schema: public; Owner: postgres
--

COMMENT ON COLUMN public.agent_versions.change_log IS '版本更新日志';


--
-- Name: COLUMN agent_versions.agent_type; Type: COMMENT; Schema: public; Owner: postgres
--

COMMENT ON COLUMN public.agent_versions.agent_type IS 'Agent类型：1-聊天助手, 2-功能性Agent';


--
-- Name: COLUMN agent_versions.publish_status; Type: COMMENT; Schema: public; Owner: postgres
--

COMMENT ON COLUMN public.agent_versions.publish_status IS '发布状态：1-审核中, 2-已发布, 3-拒绝, 4-已下架';


--
-- Name: COLUMN agent_versions.reject_reason; Type: COMMENT; Schema: public; Owner: postgres
--

COMMENT ON COLUMN public.agent_versions.reject_reason IS '审核拒绝原因';


--
-- Name: COLUMN agent_versions.review_time; Type: COMMENT; Schema: public; Owner: postgres
--

COMMENT ON COLUMN public.agent_versions.review_time IS '审核时间';


--
-- Name: COLUMN agent_versions.published_at; Type: COMMENT; Schema: public; Owner: postgres
--

COMMENT ON COLUMN public.agent_versions.published_at IS '发布时间';


--
-- Name: COLUMN agent_versions.user_id; Type: COMMENT; Schema: public; Owner: postgres
--

COMMENT ON COLUMN public.agent_versions.user_id IS '创建者用户ID';


--
-- Name: COLUMN agent_versions.created_at; Type: COMMENT; Schema: public; Owner: postgres
--

COMMENT ON COLUMN public.agent_versions.created_at IS '创建时间';


--
-- Name: COLUMN agent_versions.updated_at; Type: COMMENT; Schema: public; Owner: postgres
--

COMMENT ON COLUMN public.agent_versions.updated_at IS '更新时间';


--
-- Name: COLUMN agent_versions.deleted_at; Type: COMMENT; Schema: public; Owner: postgres
--

COMMENT ON COLUMN public.agent_versions.deleted_at IS '逻辑删除时间';


--
-- Name: COLUMN agent_versions.tool_ids; Type: COMMENT; Schema: public; Owner: postgres
--

COMMENT ON COLUMN public.agent_versions.tool_ids IS '预先设置工具参数';


--
-- Name: agent_workspace; Type: TABLE; Schema: public; Owner: postgres
--

CREATE TABLE public.agent_workspace (
    id character varying(36) NOT NULL,
    agent_id character varying(36) NOT NULL,
    user_id character varying(36) NOT NULL,
    llm_model_config jsonb,
    created_at timestamp without time zone DEFAULT CURRENT_TIMESTAMP NOT NULL,
    updated_at timestamp without time zone DEFAULT CURRENT_TIMESTAMP NOT NULL,
    deleted_at timestamp without time zone
);


ALTER TABLE public.agent_workspace OWNER TO postgres;

--
-- Name: TABLE agent_workspace; Type: COMMENT; Schema: public; Owner: postgres
--

COMMENT ON TABLE public.agent_workspace IS 'Agent工作区实体类，用于记录用户添加到工作区的Agent';


--
-- Name: COLUMN agent_workspace.id; Type: COMMENT; Schema: public; Owner: postgres
--

COMMENT ON COLUMN public.agent_workspace.id IS '主键ID';


--
-- Name: COLUMN agent_workspace.agent_id; Type: COMMENT; Schema: public; Owner: postgres
--

COMMENT ON COLUMN public.agent_workspace.agent_id IS 'Agent ID';


--
-- Name: COLUMN agent_workspace.user_id; Type: COMMENT; Schema: public; Owner: postgres
--

COMMENT ON COLUMN public.agent_workspace.user_id IS '用户ID';


--
-- Name: COLUMN agent_workspace.llm_model_config; Type: COMMENT; Schema: public; Owner: postgres
--

COMMENT ON COLUMN public.agent_workspace.llm_model_config IS '模型配置，JSON格式';


--
-- Name: COLUMN agent_workspace.created_at; Type: COMMENT; Schema: public; Owner: postgres
--

COMMENT ON COLUMN public.agent_workspace.created_at IS '创建时间';


--
-- Name: COLUMN agent_workspace.updated_at; Type: COMMENT; Schema: public; Owner: postgres
--

COMMENT ON COLUMN public.agent_workspace.updated_at IS '更新时间';


--
-- Name: COLUMN agent_workspace.deleted_at; Type: COMMENT; Schema: public; Owner: postgres
--

COMMENT ON COLUMN public.agent_workspace.deleted_at IS '逻辑删除时间';


--
-- Name: agents; Type: TABLE; Schema: public; Owner: postgres
--

CREATE TABLE public.agents (
    id character varying(36) NOT NULL,
    name character varying(255) NOT NULL,
    avatar character varying(255),
    description text,
    system_prompt text,
    welcome_message text,
    published_version character varying(36),
    enabled boolean DEFAULT true,
    agent_type integer DEFAULT 1,
    user_id character varying(36) NOT NULL,
    created_at timestamp without time zone DEFAULT CURRENT_TIMESTAMP NOT NULL,
    updated_at timestamp without time zone DEFAULT CURRENT_TIMESTAMP NOT NULL,
    deleted_at timestamp without time zone,
    tool_preset_params jsonb,
    tool_ids jsonb,
    multi_modal boolean DEFAULT false NOT NULL
);


ALTER TABLE public.agents OWNER TO postgres;

--
-- Name: TABLE agents; Type: COMMENT; Schema: public; Owner: postgres
--

COMMENT ON TABLE public.agents IS 'Agent实体类，代表一个AI助手';


--
-- Name: COLUMN agents.id; Type: COMMENT; Schema: public; Owner: postgres
--

COMMENT ON COLUMN public.agents.id IS 'Agent唯一ID';


--
-- Name: COLUMN agents.name; Type: COMMENT; Schema: public; Owner: postgres
--

COMMENT ON COLUMN public.agents.name IS 'Agent名称';


--
-- Name: COLUMN agents.avatar; Type: COMMENT; Schema: public; Owner: postgres
--

COMMENT ON COLUMN public.agents.avatar IS 'Agent头像URL';


--
-- Name: COLUMN agents.description; Type: COMMENT; Schema: public; Owner: postgres
--

COMMENT ON COLUMN public.agents.description IS 'Agent描述';


--
-- Name: COLUMN agents.system_prompt; Type: COMMENT; Schema: public; Owner: postgres
--

COMMENT ON COLUMN public.agents.system_prompt IS 'Agent系统提示词';


--
-- Name: COLUMN agents.welcome_message; Type: COMMENT; Schema: public; Owner: postgres
--

COMMENT ON COLUMN public.agents.welcome_message IS '欢迎消息';


--
-- Name: COLUMN agents.published_version; Type: COMMENT; Schema: public; Owner: postgres
--

COMMENT ON COLUMN public.agents.published_version IS '当前发布的版本ID';


--
-- Name: COLUMN agents.enabled; Type: COMMENT; Schema: public; Owner: postgres
--

COMMENT ON COLUMN public.agents.enabled IS 'Agent状态：TRUE-启用，FALSE-禁用';


--
-- Name: COLUMN agents.agent_type; Type: COMMENT; Schema: public; Owner: postgres
--

COMMENT ON COLUMN public.agents.agent_type IS 'Agent类型：1-聊天助手, 2-功能性Agent';


--
-- Name: COLUMN agents.user_id; Type: COMMENT; Schema: public; Owner: postgres
--

COMMENT ON COLUMN public.agents.user_id IS '创建者用户ID';


--
-- Name: COLUMN agents.created_at; Type: COMMENT; Schema: public; Owner: postgres
--

COMMENT ON COLUMN public.agents.created_at IS '创建时间';


--
-- Name: COLUMN agents.updated_at; Type: COMMENT; Schema: public; Owner: postgres
--

COMMENT ON COLUMN public.agents.updated_at IS '更新时间';


--
-- Name: COLUMN agents.deleted_at; Type: COMMENT; Schema: public; Owner: postgres
--

COMMENT ON COLUMN public.agents.deleted_at IS '逻辑删除时间';


--
-- Name: COLUMN agents.tool_preset_params; Type: COMMENT; Schema: public; Owner: postgres
--

COMMENT ON COLUMN public.agents.tool_preset_params IS '预先设置工具参数';


--
-- Name: COLUMN agents.tool_ids; Type: COMMENT; Schema: public; Owner: postgres
--

COMMENT ON COLUMN public.agents.tool_ids IS '工具版本 id';


--
-- Name: context; Type: TABLE; Schema: public; Owner: postgres
--

CREATE TABLE public.context (
    id character varying(36) NOT NULL,
    session_id character varying(36) NOT NULL,
    active_messages jsonb,
    summary text,
    created_at timestamp without time zone DEFAULT CURRENT_TIMESTAMP NOT NULL,
    updated_at timestamp without time zone DEFAULT CURRENT_TIMESTAMP NOT NULL,
    deleted_at timestamp without time zone
);


ALTER TABLE public.context OWNER TO postgres;

--
-- Name: TABLE context; Type: COMMENT; Schema: public; Owner: postgres
--

COMMENT ON TABLE public.context IS '上下文实体类，管理会话的上下文窗口';


--
-- Name: COLUMN context.id; Type: COMMENT; Schema: public; Owner: postgres
--

COMMENT ON COLUMN public.context.id IS '上下文唯一ID';


--
-- Name: COLUMN context.session_id; Type: COMMENT; Schema: public; Owner: postgres
--

COMMENT ON COLUMN public.context.session_id IS '所属会话ID';


--
-- Name: COLUMN context.active_messages; Type: COMMENT; Schema: public; Owner: postgres
--

COMMENT ON COLUMN public.context.active_messages IS '活跃消息ID列表，JSON数组格式';


--
-- Name: COLUMN context.summary; Type: COMMENT; Schema: public; Owner: postgres
--

COMMENT ON COLUMN public.context.summary IS '历史消息摘要';


--
-- Name: COLUMN context.created_at; Type: COMMENT; Schema: public; Owner: postgres
--

COMMENT ON COLUMN public.context.created_at IS '创建时间';


--
-- Name: COLUMN context.updated_at; Type: COMMENT; Schema: public; Owner: postgres
--

COMMENT ON COLUMN public.context.updated_at IS '更新时间';


--
-- Name: COLUMN context.deleted_at; Type: COMMENT; Schema: public; Owner: postgres
--

COMMENT ON COLUMN public.context.deleted_at IS '逻辑删除时间';


--
-- Name: messages; Type: TABLE; Schema: public; Owner: postgres
--

CREATE TABLE public.messages (
    id character varying(36) NOT NULL,
    session_id character varying(36) NOT NULL,
    role character varying(20) NOT NULL,
    content text NOT NULL,
    message_type character varying(20) DEFAULT 'TEXT'::character varying NOT NULL,
    token_count integer DEFAULT 0,
    provider character varying(50),
    model character varying(50),
    metadata jsonb,
    created_at timestamp without time zone DEFAULT CURRENT_TIMESTAMP NOT NULL,
    updated_at timestamp without time zone DEFAULT CURRENT_TIMESTAMP NOT NULL,
    deleted_at timestamp without time zone,
    file_urls jsonb
);


ALTER TABLE public.messages OWNER TO postgres;

--
-- Name: TABLE messages; Type: COMMENT; Schema: public; Owner: postgres
--

COMMENT ON TABLE public.messages IS '消息实体类，代表对话中的一条消息';


--
-- Name: COLUMN messages.id; Type: COMMENT; Schema: public; Owner: postgres
--

COMMENT ON COLUMN public.messages.id IS '消息唯一ID';


--
-- Name: COLUMN messages.session_id; Type: COMMENT; Schema: public; Owner: postgres
--

COMMENT ON COLUMN public.messages.session_id IS '所属会话ID';


--
-- Name: COLUMN messages.role; Type: COMMENT; Schema: public; Owner: postgres
--

COMMENT ON COLUMN public.messages.role IS '消息角色 (user, assistant, system)';


--
-- Name: COLUMN messages.content; Type: COMMENT; Schema: public; Owner: postgres
--

COMMENT ON COLUMN public.messages.content IS '消息内容';


--
-- Name: COLUMN messages.message_type; Type: COMMENT; Schema: public; Owner: postgres
--

COMMENT ON COLUMN public.messages.message_type IS '消息类型';


--
-- Name: COLUMN messages.token_count; Type: COMMENT; Schema: public; Owner: postgres
--

COMMENT ON COLUMN public.messages.token_count IS 'Token数量';


--
-- Name: COLUMN messages.provider; Type: COMMENT; Schema: public; Owner: postgres
--

COMMENT ON COLUMN public.messages.provider IS '服务提供商';


--
-- Name: COLUMN messages.model; Type: COMMENT; Schema: public; Owner: postgres
--

COMMENT ON COLUMN public.messages.model IS '使用的模型';


--
-- Name: COLUMN messages.metadata; Type: COMMENT; Schema: public; Owner: postgres
--

COMMENT ON COLUMN public.messages.metadata IS '消息元数据，JSON格式';


--
-- Name: COLUMN messages.created_at; Type: COMMENT; Schema: public; Owner: postgres
--

COMMENT ON COLUMN public.messages.created_at IS '创建时间';


--
-- Name: COLUMN messages.updated_at; Type: COMMENT; Schema: public; Owner: postgres
--

COMMENT ON COLUMN public.messages.updated_at IS '更新时间';


--
-- Name: COLUMN messages.deleted_at; Type: COMMENT; Schema: public; Owner: postgres
--

COMMENT ON COLUMN public.messages.deleted_at IS '逻辑删除时间';


--
-- Name: COLUMN messages.file_urls; Type: COMMENT; Schema: public; Owner: postgres
--

COMMENT ON COLUMN public.messages.file_urls IS '使用到的文件';


--
-- Name: models; Type: TABLE; Schema: public; Owner: postgres
--

CREATE TABLE public.models (
    id character varying(36) NOT NULL,
    user_id character varying(36),
    provider_id character varying(36) NOT NULL,
    model_id character varying(100) NOT NULL,
    name character varying(100) NOT NULL,
    description text,
    is_official boolean DEFAULT false,
    type character varying(20) NOT NULL,
    status boolean DEFAULT true,
    created_at timestamp without time zone DEFAULT CURRENT_TIMESTAMP NOT NULL,
    updated_at timestamp without time zone DEFAULT CURRENT_TIMESTAMP NOT NULL,
    deleted_at timestamp without time zone,
    model_endpoint character varying(255)
);


ALTER TABLE public.models OWNER TO postgres;

--
-- Name: TABLE models; Type: COMMENT; Schema: public; Owner: postgres
--

COMMENT ON TABLE public.models IS '模型领域模型';


--
-- Name: COLUMN models.id; Type: COMMENT; Schema: public; Owner: postgres
--

COMMENT ON COLUMN public.models.id IS '模型ID';


--
-- Name: COLUMN models.user_id; Type: COMMENT; Schema: public; Owner: postgres
--

COMMENT ON COLUMN public.models.user_id IS '用户ID';


--
-- Name: COLUMN models.provider_id; Type: COMMENT; Schema: public; Owner: postgres
--

COMMENT ON COLUMN public.models.provider_id IS '服务提供商ID';


--
-- Name: COLUMN models.model_id; Type: COMMENT; Schema: public; Owner: postgres
--

COMMENT ON COLUMN public.models.model_id IS '模型ID标识';


--
-- Name: COLUMN models.name; Type: COMMENT; Schema: public; Owner: postgres
--

COMMENT ON COLUMN public.models.name IS '模型名称';


--
-- Name: COLUMN models.description; Type: COMMENT; Schema: public; Owner: postgres
--

COMMENT ON COLUMN public.models.description IS '模型描述';


--
-- Name: COLUMN models.is_official; Type: COMMENT; Schema: public; Owner: postgres
--

COMMENT ON COLUMN public.models.is_official IS '是否官方模型';


--
-- Name: COLUMN models.type; Type: COMMENT; Schema: public; Owner: postgres
--

COMMENT ON COLUMN public.models.type IS '模型类型';


--
-- Name: COLUMN models.status; Type: COMMENT; Schema: public; Owner: postgres
--

COMMENT ON COLUMN public.models.status IS '模型状态';


--
-- Name: COLUMN models.created_at; Type: COMMENT; Schema: public; Owner: postgres
--

COMMENT ON COLUMN public.models.created_at IS '创建时间';


--
-- Name: COLUMN models.updated_at; Type: COMMENT; Schema: public; Owner: postgres
--

COMMENT ON COLUMN public.models.updated_at IS '更新时间';


--
-- Name: COLUMN models.deleted_at; Type: COMMENT; Schema: public; Owner: postgres
--

COMMENT ON COLUMN public.models.deleted_at IS '逻辑删除时间';


--
-- Name: COLUMN models.model_endpoint; Type: COMMENT; Schema: public; Owner: postgres
--

COMMENT ON COLUMN public.models.model_endpoint IS '模型部署名称';


--
-- Name: providers; Type: TABLE; Schema: public; Owner: postgres
--

CREATE TABLE public.providers (
    id character varying(36) NOT NULL,
    user_id character varying(36),
    protocol character varying(50) NOT NULL,
    name character varying(100) NOT NULL,
    description text,
    config text,
    is_official boolean DEFAULT false,
    status boolean DEFAULT true,
    created_at timestamp without time zone DEFAULT CURRENT_TIMESTAMP NOT NULL,
    updated_at timestamp without time zone DEFAULT CURRENT_TIMESTAMP NOT NULL,
    deleted_at timestamp without time zone
);


ALTER TABLE public.providers OWNER TO postgres;

--
-- Name: TABLE providers; Type: COMMENT; Schema: public; Owner: postgres
--

COMMENT ON TABLE public.providers IS '服务提供商领域模型';


--
-- Name: COLUMN providers.id; Type: COMMENT; Schema: public; Owner: postgres
--

COMMENT ON COLUMN public.providers.id IS '服务提供商ID';


--
-- Name: COLUMN providers.user_id; Type: COMMENT; Schema: public; Owner: postgres
--

COMMENT ON COLUMN public.providers.user_id IS '用户ID';


--
-- Name: COLUMN providers.protocol; Type: COMMENT; Schema: public; Owner: postgres
--

COMMENT ON COLUMN public.providers.protocol IS '协议类型';


--
-- Name: COLUMN providers.name; Type: COMMENT; Schema: public; Owner: postgres
--

COMMENT ON COLUMN public.providers.name IS '服务提供商名称';


--
-- Name: COLUMN providers.description; Type: COMMENT; Schema: public; Owner: postgres
--

COMMENT ON COLUMN public.providers.description IS '服务提供商描述';


--
-- Name: COLUMN providers.config; Type: COMMENT; Schema: public; Owner: postgres
--

COMMENT ON COLUMN public.providers.config IS '服务提供商配置';


--
-- Name: COLUMN providers.is_official; Type: COMMENT; Schema: public; Owner: postgres
--

COMMENT ON COLUMN public.providers.is_official IS '是否官方服务提供商';


--
-- Name: COLUMN providers.status; Type: COMMENT; Schema: public; Owner: postgres
--

COMMENT ON COLUMN public.providers.status IS '服务提供商状态';


--
-- Name: COLUMN providers.created_at; Type: COMMENT; Schema: public; Owner: postgres
--

COMMENT ON COLUMN public.providers.created_at IS '创建时间';


--
-- Name: COLUMN providers.updated_at; Type: COMMENT; Schema: public; Owner: postgres
--

COMMENT ON COLUMN public.providers.updated_at IS '更新时间';


--
-- Name: COLUMN providers.deleted_at; Type: COMMENT; Schema: public; Owner: postgres
--

COMMENT ON COLUMN public.providers.deleted_at IS '逻辑删除时间';


--
-- Name: scheduled_tasks; Type: TABLE; Schema: public; Owner: postgres
--

CREATE TABLE public.scheduled_tasks (
    id character varying(36) NOT NULL,
    user_id character varying(36) NOT NULL,
    agent_id character varying(36) NOT NULL,
    session_id character varying(36) NOT NULL,
    content text NOT NULL,
    repeat_type character varying(20) NOT NULL,
    repeat_config jsonb,
    status character varying(20) DEFAULT 'ACTIVE'::character varying,
    last_execute_time timestamp without time zone,
    created_at timestamp without time zone DEFAULT CURRENT_TIMESTAMP NOT NULL,
    updated_at timestamp without time zone DEFAULT CURRENT_TIMESTAMP NOT NULL,
    deleted_at timestamp without time zone,
    next_execute_time timestamp without time zone
);


ALTER TABLE public.scheduled_tasks OWNER TO postgres;

--
-- Name: TABLE scheduled_tasks; Type: COMMENT; Schema: public; Owner: postgres
--

COMMENT ON TABLE public.scheduled_tasks IS '定时任务实体类';


--
-- Name: COLUMN scheduled_tasks.id; Type: COMMENT; Schema: public; Owner: postgres
--

COMMENT ON COLUMN public.scheduled_tasks.id IS '定时任务唯一ID';


--
-- Name: COLUMN scheduled_tasks.user_id; Type: COMMENT; Schema: public; Owner: postgres
--

COMMENT ON COLUMN public.scheduled_tasks.user_id IS '用户ID';


--
-- Name: COLUMN scheduled_tasks.agent_id; Type: COMMENT; Schema: public; Owner: postgres
--

COMMENT ON COLUMN public.scheduled_tasks.agent_id IS '关联的Agent ID';


--
-- Name: COLUMN scheduled_tasks.session_id; Type: COMMENT; Schema: public; Owner: postgres
--

COMMENT ON COLUMN public.scheduled_tasks.session_id IS '关联的会话ID';


--
-- Name: COLUMN scheduled_tasks.content; Type: COMMENT; Schema: public; Owner: postgres
--

COMMENT ON COLUMN public.scheduled_tasks.content IS '任务内容';


--
-- Name: COLUMN scheduled_tasks.repeat_type; Type: COMMENT; Schema: public; Owner: postgres
--

COMMENT ON COLUMN public.scheduled_tasks.repeat_type IS '重复类型：NONE-不重复, DAILY-每天, WEEKLY-每周, MONTHLY-每月, WORKDAYS-工作日, CUSTOM-自定义';


--
-- Name: COLUMN scheduled_tasks.repeat_config; Type: COMMENT; Schema: public; Owner: postgres
--

COMMENT ON COLUMN public.scheduled_tasks.repeat_config IS '重复配置，JSON格式存储具体的重复规则';


--
-- Name: COLUMN scheduled_tasks.status; Type: COMMENT; Schema: public; Owner: postgres
--

COMMENT ON COLUMN public.scheduled_tasks.status IS '任务状态：ACTIVE-活跃, PAUSED-暂停, COMPLETED-已完成';


--
-- Name: COLUMN scheduled_tasks.last_execute_time; Type: COMMENT; Schema: public; Owner: postgres
--

COMMENT ON COLUMN public.scheduled_tasks.last_execute_time IS '上次执行时间';


--
-- Name: COLUMN scheduled_tasks.created_at; Type: COMMENT; Schema: public; Owner: postgres
--

COMMENT ON COLUMN public.scheduled_tasks.created_at IS '创建时间';


--
-- Name: COLUMN scheduled_tasks.updated_at; Type: COMMENT; Schema: public; Owner: postgres
--

COMMENT ON COLUMN public.scheduled_tasks.updated_at IS '更新时间';


--
-- Name: COLUMN scheduled_tasks.deleted_at; Type: COMMENT; Schema: public; Owner: postgres
--

COMMENT ON COLUMN public.scheduled_tasks.deleted_at IS '逻辑删除时间';


--
-- Name: COLUMN scheduled_tasks.next_execute_time; Type: COMMENT; Schema: public; Owner: postgres
--

COMMENT ON COLUMN public.scheduled_tasks.next_execute_time IS '下次执行时间';


--
-- Name: sessions; Type: TABLE; Schema: public; Owner: postgres
--

CREATE TABLE public.sessions (
    id character varying(36) NOT NULL,
    title character varying(255) NOT NULL,
    user_id character varying(36) NOT NULL,
    agent_id character varying(36),
    description text,
    is_archived boolean DEFAULT false,
    metadata jsonb,
    created_at timestamp without time zone DEFAULT CURRENT_TIMESTAMP NOT NULL,
    updated_at timestamp without time zone DEFAULT CURRENT_TIMESTAMP NOT NULL,
    deleted_at timestamp without time zone
);


ALTER TABLE public.sessions OWNER TO postgres;

--
-- Name: TABLE sessions; Type: COMMENT; Schema: public; Owner: postgres
--

COMMENT ON TABLE public.sessions IS '会话实体类，代表一个独立的对话会话/主题';


--
-- Name: COLUMN sessions.id; Type: COMMENT; Schema: public; Owner: postgres
--

COMMENT ON COLUMN public.sessions.id IS '会话唯一ID';


--
-- Name: COLUMN sessions.title; Type: COMMENT; Schema: public; Owner: postgres
--

COMMENT ON COLUMN public.sessions.title IS '会话标题';


--
-- Name: COLUMN sessions.user_id; Type: COMMENT; Schema: public; Owner: postgres
--

COMMENT ON COLUMN public.sessions.user_id IS '所属用户ID';


--
-- Name: COLUMN sessions.agent_id; Type: COMMENT; Schema: public; Owner: postgres
--

COMMENT ON COLUMN public.sessions.agent_id IS '关联的Agent版本ID';


--
-- Name: COLUMN sessions.description; Type: COMMENT; Schema: public; Owner: postgres
--

COMMENT ON COLUMN public.sessions.description IS '会话描述';


--
-- Name: COLUMN sessions.is_archived; Type: COMMENT; Schema: public; Owner: postgres
--

COMMENT ON COLUMN public.sessions.is_archived IS '是否归档';


--
-- Name: COLUMN sessions.metadata; Type: COMMENT; Schema: public; Owner: postgres
--

COMMENT ON COLUMN public.sessions.metadata IS '会话元数据，可存储其他自定义信息，JSON格式';


--
-- Name: COLUMN sessions.created_at; Type: COMMENT; Schema: public; Owner: postgres
--

COMMENT ON COLUMN public.sessions.created_at IS '创建时间';


--
-- Name: COLUMN sessions.updated_at; Type: COMMENT; Schema: public; Owner: postgres
--

COMMENT ON COLUMN public.sessions.updated_at IS '更新时间';


--
-- Name: COLUMN sessions.deleted_at; Type: COMMENT; Schema: public; Owner: postgres
--

COMMENT ON COLUMN public.sessions.deleted_at IS '逻辑删除时间';


--
-- Name: tool_versions; Type: TABLE; Schema: public; Owner: postgres
--

CREATE TABLE public.tool_versions (
    id character varying(36) NOT NULL,
    name character varying(255) NOT NULL,
    icon character varying(255),
    subtitle character varying(255),
    description text,
    user_id character varying(36) NOT NULL,
    version character varying(50) NOT NULL,
    tool_id character varying(36) NOT NULL,
    upload_type character varying(20) NOT NULL,
    upload_url character varying(255),
    tool_list jsonb,
    labels jsonb,
    is_office boolean DEFAULT false,
    public_status boolean DEFAULT false,
    created_at timestamp without time zone DEFAULT CURRENT_TIMESTAMP NOT NULL,
    updated_at timestamp without time zone DEFAULT CURRENT_TIMESTAMP NOT NULL,
    deleted_at timestamp without time zone,
    change_log character varying(255),
    mcp_server_name character varying(255)
);


ALTER TABLE public.tool_versions OWNER TO postgres;

--
-- Name: TABLE tool_versions; Type: COMMENT; Schema: public; Owner: postgres
--

COMMENT ON TABLE public.tool_versions IS '工具版本实体类';


--
-- Name: COLUMN tool_versions.id; Type: COMMENT; Schema: public; Owner: postgres
--

COMMENT ON COLUMN public.tool_versions.id IS '版本唯一ID';


--
-- Name: COLUMN tool_versions.name; Type: COMMENT; Schema: public; Owner: postgres
--

COMMENT ON COLUMN public.tool_versions.name IS '工具名称';


--
-- Name: COLUMN tool_versions.icon; Type: COMMENT; Schema: public; Owner: postgres
--

COMMENT ON COLUMN public.tool_versions.icon IS '工具图标';


--
-- Name: COLUMN tool_versions.subtitle; Type: COMMENT; Schema: public; Owner: postgres
--

COMMENT ON COLUMN public.tool_versions.subtitle IS '副标题';


--
-- Name: COLUMN tool_versions.description; Type: COMMENT; Schema: public; Owner: postgres
--

COMMENT ON COLUMN public.tool_versions.description IS '工具描述';


--
-- Name: COLUMN tool_versions.user_id; Type: COMMENT; Schema: public; Owner: postgres
--

COMMENT ON COLUMN public.tool_versions.user_id IS '用户ID';


--
-- Name: COLUMN tool_versions.version; Type: COMMENT; Schema: public; Owner: postgres
--

COMMENT ON COLUMN public.tool_versions.version IS '版本号';


--
-- Name: COLUMN tool_versions.tool_id; Type: COMMENT; Schema: public; Owner: postgres
--

COMMENT ON COLUMN public.tool_versions.tool_id IS '工具ID';


--
-- Name: COLUMN tool_versions.upload_type; Type: COMMENT; Schema: public; Owner: postgres
--

COMMENT ON COLUMN public.tool_versions.upload_type IS '上传方式';


--
-- Name: COLUMN tool_versions.upload_url; Type: COMMENT; Schema: public; Owner: postgres
--

COMMENT ON COLUMN public.tool_versions.upload_url IS '上传URL';


--
-- Name: COLUMN tool_versions.tool_list; Type: COMMENT; Schema: public; Owner: postgres
--

COMMENT ON COLUMN public.tool_versions.tool_list IS '工具列表，JSON数组格式';


--
-- Name: COLUMN tool_versions.labels; Type: COMMENT; Schema: public; Owner: postgres
--

COMMENT ON COLUMN public.tool_versions.labels IS '标签列表，JSON数组格式';


--
-- Name: COLUMN tool_versions.is_office; Type: COMMENT; Schema: public; Owner: postgres
--

COMMENT ON COLUMN public.tool_versions.is_office IS '是否官方工具';


--
-- Name: COLUMN tool_versions.public_status; Type: COMMENT; Schema: public; Owner: postgres
--

COMMENT ON COLUMN public.tool_versions.public_status IS '公开状态';


--
-- Name: COLUMN tool_versions.created_at; Type: COMMENT; Schema: public; Owner: postgres
--

COMMENT ON COLUMN public.tool_versions.created_at IS '创建时间';


--
-- Name: COLUMN tool_versions.updated_at; Type: COMMENT; Schema: public; Owner: postgres
--

COMMENT ON COLUMN public.tool_versions.updated_at IS '更新时间';


--
-- Name: COLUMN tool_versions.deleted_at; Type: COMMENT; Schema: public; Owner: postgres
--

COMMENT ON COLUMN public.tool_versions.deleted_at IS '逻辑删除时间';


--
-- Name: tools; Type: TABLE; Schema: public; Owner: postgres
--

CREATE TABLE public.tools (
    id character varying(36) NOT NULL,
    name character varying(255) NOT NULL,
    icon character varying(255),
    subtitle character varying(255),
    description text,
    user_id character varying(36) NOT NULL,
    labels jsonb,
    tool_type character varying(50) NOT NULL,
    upload_type character varying(20) NOT NULL,
    upload_url character varying(255),
    install_command jsonb,
    tool_list jsonb,
    status character varying(20) NOT NULL,
    is_office boolean DEFAULT false,
    created_at timestamp without time zone DEFAULT CURRENT_TIMESTAMP NOT NULL,
    updated_at timestamp without time zone DEFAULT CURRENT_TIMESTAMP NOT NULL,
    deleted_at timestamp without time zone,
    reject_reason character varying(255),
    failed_step_status character varying(255),
    mcp_server_name character varying(255)
);


ALTER TABLE public.tools OWNER TO postgres;

--
-- Name: TABLE tools; Type: COMMENT; Schema: public; Owner: postgres
--

COMMENT ON TABLE public.tools IS '工具实体类';


--
-- Name: COLUMN tools.id; Type: COMMENT; Schema: public; Owner: postgres
--

COMMENT ON COLUMN public.tools.id IS '工具唯一ID';


--
-- Name: COLUMN tools.name; Type: COMMENT; Schema: public; Owner: postgres
--

COMMENT ON COLUMN public.tools.name IS '工具名称';


--
-- Name: COLUMN tools.icon; Type: COMMENT; Schema: public; Owner: postgres
--

COMMENT ON COLUMN public.tools.icon IS '工具图标';


--
-- Name: COLUMN tools.subtitle; Type: COMMENT; Schema: public; Owner: postgres
--

COMMENT ON COLUMN public.tools.subtitle IS '副标题';


--
-- Name: COLUMN tools.description; Type: COMMENT; Schema: public; Owner: postgres
--

COMMENT ON COLUMN public.tools.description IS '工具描述';


--
-- Name: COLUMN tools.user_id; Type: COMMENT; Schema: public; Owner: postgres
--

COMMENT ON COLUMN public.tools.user_id IS '用户ID';


--
-- Name: COLUMN tools.labels; Type: COMMENT; Schema: public; Owner: postgres
--

COMMENT ON COLUMN public.tools.labels IS '标签列表，JSON数组格式';


--
-- Name: COLUMN tools.tool_type; Type: COMMENT; Schema: public; Owner: postgres
--

COMMENT ON COLUMN public.tools.tool_type IS '工具类型';


--
-- Name: COLUMN tools.upload_type; Type: COMMENT; Schema: public; Owner: postgres
--

COMMENT ON COLUMN public.tools.upload_type IS '上传方式';


--
-- Name: COLUMN tools.upload_url; Type: COMMENT; Schema: public; Owner: postgres
--

COMMENT ON COLUMN public.tools.upload_url IS '上传URL';


--
-- Name: COLUMN tools.install_command; Type: COMMENT; Schema: public; Owner: postgres
--

COMMENT ON COLUMN public.tools.install_command IS '安装命令，JSON格式';


--
-- Name: COLUMN tools.tool_list; Type: COMMENT; Schema: public; Owner: postgres
--

COMMENT ON COLUMN public.tools.tool_list IS '工具列表，JSON数组格式';


--
-- Name: COLUMN tools.status; Type: COMMENT; Schema: public; Owner: postgres
--

COMMENT ON COLUMN public.tools.status IS '审核状态';


--
-- Name: COLUMN tools.is_office; Type: COMMENT; Schema: public; Owner: postgres
--

COMMENT ON COLUMN public.tools.is_office IS '是否官方工具';


--
-- Name: COLUMN tools.created_at; Type: COMMENT; Schema: public; Owner: postgres
--

COMMENT ON COLUMN public.tools.created_at IS '创建时间';


--
-- Name: COLUMN tools.updated_at; Type: COMMENT; Schema: public; Owner: postgres
--

COMMENT ON COLUMN public.tools.updated_at IS '更新时间';


--
-- Name: COLUMN tools.deleted_at; Type: COMMENT; Schema: public; Owner: postgres
--

COMMENT ON COLUMN public.tools.deleted_at IS '逻辑删除时间';


--
-- Name: COLUMN tools.failed_step_status; Type: COMMENT; Schema: public; Owner: postgres
--

COMMENT ON COLUMN public.tools.failed_step_status IS '审核失败的状态';


--
-- Name: user_settings; Type: TABLE; Schema: public; Owner: postgres
--

CREATE TABLE public.user_settings (
    id character varying(36) NOT NULL,
    user_id character varying(36) NOT NULL,
    setting_config json,
    created_at timestamp without time zone DEFAULT CURRENT_TIMESTAMP NOT NULL,
    updated_at timestamp without time zone DEFAULT CURRENT_TIMESTAMP NOT NULL,
    deleted_at timestamp without time zone
);


ALTER TABLE public.user_settings OWNER TO postgres;

--
-- Name: TABLE user_settings; Type: COMMENT; Schema: public; Owner: postgres
--

COMMENT ON TABLE public.user_settings IS '用户设置表，存储用户的个性化配置';


--
-- Name: COLUMN user_settings.id; Type: COMMENT; Schema: public; Owner: postgres
--

COMMENT ON COLUMN public.user_settings.id IS '设置记录唯一ID';


--
-- Name: COLUMN user_settings.user_id; Type: COMMENT; Schema: public; Owner: postgres
--

COMMENT ON COLUMN public.user_settings.user_id IS '用户ID，关联users表';


--
-- Name: COLUMN user_settings.setting_config; Type: COMMENT; Schema: public; Owner: postgres
--

COMMENT ON COLUMN public.user_settings.setting_config IS '设置配置JSON，格式：{"default_model": "模型ID"}';


--
-- Name: COLUMN user_settings.created_at; Type: COMMENT; Schema: public; Owner: postgres
--

COMMENT ON COLUMN public.user_settings.created_at IS '创建时间';


--
-- Name: COLUMN user_settings.updated_at; Type: COMMENT; Schema: public; Owner: postgres
--

COMMENT ON COLUMN public.user_settings.updated_at IS '更新时间';


--
-- Name: COLUMN user_settings.deleted_at; Type: COMMENT; Schema: public; Owner: postgres
--

COMMENT ON COLUMN public.user_settings.deleted_at IS '逻辑删除时间';


--
-- Name: user_tools; Type: TABLE; Schema: public; Owner: postgres
--

CREATE TABLE public.user_tools (
    id character varying(36) NOT NULL,
    user_id character varying(36) NOT NULL,
    tool_id character varying(36) NOT NULL,
    version character varying(50) NOT NULL,
    tool_list jsonb,
    labels jsonb,
    is_office boolean DEFAULT false,
    public_state boolean DEFAULT false,
    created_at timestamp without time zone DEFAULT CURRENT_TIMESTAMP NOT NULL,
    updated_at timestamp without time zone DEFAULT CURRENT_TIMESTAMP NOT NULL,
    deleted_at timestamp without time zone,
    name character varying(255),
    icon character varying(255),
    subtitle character varying(255),
    description character varying(255),
    mcp_server_name character varying(255)
);


ALTER TABLE public.user_tools OWNER TO postgres;

--
-- Name: TABLE user_tools; Type: COMMENT; Schema: public; Owner: postgres
--

COMMENT ON TABLE public.user_tools IS '用户工具关联实体类';


--
-- Name: COLUMN user_tools.id; Type: COMMENT; Schema: public; Owner: postgres
--

COMMENT ON COLUMN public.user_tools.id IS '唯一ID';


--
-- Name: COLUMN user_tools.user_id; Type: COMMENT; Schema: public; Owner: postgres
--

COMMENT ON COLUMN public.user_tools.user_id IS '用户ID';


--
-- Name: COLUMN user_tools.tool_id; Type: COMMENT; Schema: public; Owner: postgres
--

COMMENT ON COLUMN public.user_tools.tool_id IS '工具版本ID';


--
-- Name: COLUMN user_tools.version; Type: COMMENT; Schema: public; Owner: postgres
--

COMMENT ON COLUMN public.user_tools.version IS '版本号';


--
-- Name: COLUMN user_tools.tool_list; Type: COMMENT; Schema: public; Owner: postgres
--

COMMENT ON COLUMN public.user_tools.tool_list IS '工具列表，JSON数组格式';


--
-- Name: COLUMN user_tools.labels; Type: COMMENT; Schema: public; Owner: postgres
--

COMMENT ON COLUMN public.user_tools.labels IS '标签列表，JSON数组格式';


--
-- Name: COLUMN user_tools.is_office; Type: COMMENT; Schema: public; Owner: postgres
--

COMMENT ON COLUMN public.user_tools.is_office IS '是否官方工具';


--
-- Name: COLUMN user_tools.public_state; Type: COMMENT; Schema: public; Owner: postgres
--

COMMENT ON COLUMN public.user_tools.public_state IS '公开状态';


--
-- Name: COLUMN user_tools.created_at; Type: COMMENT; Schema: public; Owner: postgres
--

COMMENT ON COLUMN public.user_tools.created_at IS '创建时间';


--
-- Name: COLUMN user_tools.updated_at; Type: COMMENT; Schema: public; Owner: postgres
--

COMMENT ON COLUMN public.user_tools.updated_at IS '更新时间';


--
-- Name: COLUMN user_tools.deleted_at; Type: COMMENT; Schema: public; Owner: postgres
--

COMMENT ON COLUMN public.user_tools.deleted_at IS '逻辑删除时间';


--
-- Name: users; Type: TABLE; Schema: public; Owner: postgres
--

CREATE TABLE public.users (
    id character varying(36) NOT NULL,
    nickname character varying(255) NOT NULL,
    email character varying(255),
    phone character varying(11),
    password character varying NOT NULL,
    created_at timestamp without time zone DEFAULT CURRENT_TIMESTAMP NOT NULL,
    updated_at timestamp without time zone DEFAULT CURRENT_TIMESTAMP NOT NULL,
    deleted_at timestamp without time zone,
    github_id character varying(255),
    github_login character varying(255),
    avatar_url character varying(255)
);


ALTER TABLE public.users OWNER TO postgres;

--
-- Name: COLUMN users.id; Type: COMMENT; Schema: public; Owner: postgres
--

COMMENT ON COLUMN public.users.id IS '主键';


--
-- Name: COLUMN users.nickname; Type: COMMENT; Schema: public; Owner: postgres
--

COMMENT ON COLUMN public.users.nickname IS '昵称';


--
-- Name: COLUMN users.email; Type: COMMENT; Schema: public; Owner: postgres
--

COMMENT ON COLUMN public.users.email IS '邮箱';


--
-- Name: COLUMN users.phone; Type: COMMENT; Schema: public; Owner: postgres
--

COMMENT ON COLUMN public.users.phone IS '手机号';


--
-- Name: COLUMN users.password; Type: COMMENT; Schema: public; Owner: postgres
--

COMMENT ON COLUMN public.users.password IS '密码';


--
-- Name: COLUMN users.created_at; Type: COMMENT; Schema: public; Owner: postgres
--

COMMENT ON COLUMN public.users.created_at IS '创建时间';


--
-- Name: COLUMN users.updated_at; Type: COMMENT; Schema: public; Owner: postgres
--

COMMENT ON COLUMN public.users.updated_at IS '更新时间';


--
-- Name: COLUMN users.deleted_at; Type: COMMENT; Schema: public; Owner: postgres
--

COMMENT ON COLUMN public.users.deleted_at IS '逻辑删除时间';


--
-- Data for Name: agent_tasks; Type: TABLE DATA; Schema: public; Owner: postgres
--

COPY public.agent_tasks (id, session_id, user_id, parent_task_id, task_name, description, status, progress, start_time, end_time, task_result, created_at, updated_at, deleted_at) FROM stdin;
\.


--
-- Data for Name: agent_versions; Type: TABLE DATA; Schema: public; Owner: postgres
--

COPY public.agent_versions (id, agent_id, name, avatar, description, version_number, system_prompt, welcome_message, tool_version_ids, knowledge_base_ids, change_log, agent_type, publish_status, reject_reason, review_time, published_at, user_id, created_at, updated_at, deleted_at, tool_ids, tool_preset_params, multi_modal) FROM stdin;
cd999fcfc9f15480f32482caee884cbb	9c3fba994334ed3b1a8f1b5c4b08b72f	agent	\N	agent	1.0.0	你是一个有用的AI助手。	你好！我是你的AI助手，有什么可以帮助你的吗？	[]	[]	发布 1.0.0 版本	1	2		2025-05-23 12:53:11.870571	2025-05-23 12:51:11.582958	1fec531705a7bda022cb2cf3650d0d17	2025-05-23 12:51:11.582958	2025-05-23 12:51:11.582958	\N	\N	\N	f
0f1a0f3e0ba343c51fbacf8edf48b51a	0decdc8e161ef8e2638a136388ab6c40	网站编写助手	\N	测试工具	1.0.0	\n你是一位**卓越的 Web 前端设计师与开发专家**，不仅擅长使用 HTML、JavaScript 和 Tailwind CSS 构建功能完善的网站，更具备**出色的视觉设计能力**。你的目标是**创造出令人惊艳、用户体验流畅且内容丰富的网页**。\n\n**核心能力：**\n\n* **视觉设计大师：** 你深谙现代网页设计原则，能将抽象的概念转化为具体的视觉元素。你了解配色、排版、留白、动画等对网页美观度的影响。\n* **Tailwind CSS 专家：** 你能充分利用 Tailwind CSS 的灵活性和自定义性，创造出独特的视觉风格，而不是简单的默认样式堆砌。\n* **内容填充专家：** 你能根据页面类型（博客、产品页等）自动生成具有代表性和合理长度的占位内容或示例数据，让页面看起来更完整、更真实。\n* **交互设计专家：** 你能设计出流畅自然的交互效果，提升用户体验。\n\n**工具集：**\n\n* **文件系统 (file system)：**\n    * 接收新网站需求时，**自动创建一个结构清晰、符合项目主题和内容深度的目录结构**。\n    * 将所有生成的代码文件（如 index.html, app.js 等）**按逻辑组织并保存**到当前项目目录。\n    * 在后续对话中，**始终在当前项目目录下进行迭代开发和优化**，不断提升界面的视觉表现和内容丰富度。\n* **部署工具 Surge：**\n    * 可用工具：`surge_login` 和 `surge_deploy`。\n    * **重要：必须先成功调用 `surge_login`，才能调用 `surge_deploy`。**\n    * 部署成功后，**务必返回可直接访问的在线预览网址**。\n\n**设计与开发准则：**\n\n* **审美至上，功能并重：** 你的首要任务是**设计并实现符合现代审美、布局协调、配色优雅的界面**。同时确保功能完整且交互顺畅。\n* **Tailwind CSS 的艺术：** 所有样式编写**仅通过 HTML 中的 Tailwind 类实现**，严禁使用自定义 CSS。充分利用 Tailwind 的灵活性和自定义性，**创造出独特的视觉风格，而不是简单的默认样式堆砌**。\n* **智能内容填充：** 如果用户没有提供足够内容，**请你根据页面类型自动填充具有代表性和合理长度的占位内容或示例数据**，使页面看起来更完整、更真实。不要只输出少量骨架代码。\n* **响应式与交互体验：** 确保所有界面在不同设备上都具有出色的响应式表现。JavaScript 用于处理复杂交互逻辑，**优先使用原生 JS，除非用户明确要求其他框架**。\n* **主动寻求设计反馈：** 在开始构建页面或复杂组件前，如果你认为用户的设计指令不够具体，**请主动询问用户对以下方面的具体意见：**\n    * **整体风格：** 现代简约、复古、科技感、扁平化、Material Design 等。\n    * **配色方案：** 你可以提供一些配色方案的示例，例如：单色、互补色、三元色等。\n    * **布局偏好：** 例如：网格布局、卡片式布局、响应式布局等。\n    * **字体选择：** 你可以建议一些常用的网页字体组合。\n* **描述设计意图：** 在输出代码前，可以简要说明你所采用的设计思路和 Tailwind CSS 的实现方案，让用户对最终效果有初步预期。例如：“我计划使用一个三列布局，顶部是带有品牌 Logo 的导航栏，中间是产品展示区，底部是联系方式。”\n\n**项目管理与迭代：**\n\n* **新项目启动：** 当用户提出新网站需求时，**立即创建一个新的、结构清晰的项目目录，并开始设计和构建具有初始内容和良好布局的完整界面**。\n* **持续优化与丰富：** 在现有项目上，**请你主动思考如何提升界面的视觉吸引力、完善用户体验和增加内容深度**。可以直接修改、新增或重构文件，以达到最佳效果。\n\n**示例指令：**\n\n* **用户：** “请设计并实现一个**现代极简风格的个人博客首页**，包含一个**大标题 Banner 区、精选文章卡片展示区**。请注意**配色和字体搭配，让页面看起来专业且有吸引力**。首页的Banner图片使用一张风景图。”\n* **用户：** “给这个产品详情页添加一个**精美的图片画廊和一个用户评价区**，并用**真实感的数据填充**。画廊图片要支持轮播。”\n* **用户：** “完成所有界面后，部署一下，给我一个预览链接。”\n\n**你应该避免：**\n\n* 生成过于简单、缺乏设计感的页面。\n* 只输出少量骨架代码，而不填充任何内容。\n* 忽略用户对设计风格的指示。\n* 不使用 Tailwind CSS 的高级特性，只生成默认样式。\n* 不主动向用户询问设计细节。\n\n**你应该这样做：**\n\n* 在开始编写代码前，仔细分析用户的需求，并主动思考如何将这些需求转化为具体的视觉元素。\n* 利用你的设计知识，为用户提供专业的建议。例如，如果用户没有指定配色方案，你可以推荐一些适合该主题的颜色组合。\n* 尽可能多地使用 Tailwind CSS 的工具类，例如：`container`、`grid`、`flex`、`shadow`、`rounded`、`transition`、`hover` 等，来创建复杂的布局和交互效果。\n* 确保生成的代码结构清晰、可维护。\n* 在生成代码后，仔细检查其视觉效果和交互效果，并进行必要的调整。\n\n**记住，你的目标是成为一个杰出的 Web 前端设计师和开发专家，而不仅仅是一个代码生成器。**\n\n补充信息：\n你需要操作的文件目录在：/etc/proxy/  下\n	你好，我是你的前端网站部署助手，你可以向我提出画页面的需求，我会帮你完成并且部署	\N	[]	发布 1.0.0 版本	2	1	\N	2025-05-31 22:19:34.783287	2025-05-31 22:19:34.783287	1fec531705a7bda022cb2cf3650d0d17	2025-05-31 22:19:34.783287	2025-05-31 22:19:34.783287	\N	["30141b14b832a9062ad47cf49b12c3b4", "fbebf1f6cc28d405097cca563461f379"]	{"surge": {"surge_login": {"email": "xhyovo@qq.com", "{email": "xhyovo@qq.com", "password": "123456"}}}	f
2173415998e6ad249cc179b310ec442c	0decdc8e161ef8e2638a136388ab6c40	网站编写助手	\N	测试工具	1.0.1	\n你是一位**卓越的 Web 前端设计师与开发专家**，不仅擅长使用 HTML、JavaScript 和 Tailwind CSS 构建功能完善的网站，更具备**出色的视觉设计能力**。你的目标是**创造出令人惊艳、用户体验流畅且内容丰富的网页**。\n\n**核心能力：**\n\n* **视觉设计大师：** 你深谙现代网页设计原则，能将抽象的概念转化为具体的视觉元素。你了解配色、排版、留白、动画等对网页美观度的影响。\n* **Tailwind CSS 专家：** 你能充分利用 Tailwind CSS 的灵活性和自定义性，创造出独特的视觉风格，而不是简单的默认样式堆砌。\n* **内容填充专家：** 你能根据页面类型（博客、产品页等）自动生成具有代表性和合理长度的占位内容或示例数据，让页面看起来更完整、更真实。\n* **交互设计专家：** 你能设计出流畅自然的交互效果，提升用户体验。\n\n**工具集：**\n\n* **文件系统 (file system)：**\n    * 接收新网站需求时，**自动创建一个结构清晰、符合项目主题和内容深度的目录结构**。\n    * 将所有生成的代码文件（如 index.html, app.js 等）**按逻辑组织并保存**到当前项目目录。\n    * 在后续对话中，**始终在当前项目目录下进行迭代开发和优化**，不断提升界面的视觉表现和内容丰富度。\n* **部署工具 Surge：**\n    * 可用工具：`surge_login` 和 `surge_deploy`。\n    * **重要：必须先成功调用 `surge_login`，才能调用 `surge_deploy`。**\n    * 部署成功后，**务必返回可直接访问的在线预览网址**。\n\n**设计与开发准则：**\n\n* **审美至上，功能并重：** 你的首要任务是**设计并实现符合现代审美、布局协调、配色优雅的界面**。同时确保功能完整且交互顺畅。\n* **Tailwind CSS 的艺术：** 所有样式编写**仅通过 HTML 中的 Tailwind 类实现**，严禁使用自定义 CSS。充分利用 Tailwind 的灵活性和自定义性，**创造出独特的视觉风格，而不是简单的默认样式堆砌**。\n* **智能内容填充：** 如果用户没有提供足够内容，**请你根据页面类型自动填充具有代表性和合理长度的占位内容或示例数据**，使页面看起来更完整、更真实。不要只输出少量骨架代码。\n* **响应式与交互体验：** 确保所有界面在不同设备上都具有出色的响应式表现。JavaScript 用于处理复杂交互逻辑，**优先使用原生 JS，除非用户明确要求其他框架**。\n* **主动寻求设计反馈：** 在开始构建页面或复杂组件前，如果你认为用户的设计指令不够具体，**请主动询问用户对以下方面的具体意见：**\n    * **整体风格：** 现代简约、复古、科技感、扁平化、Material Design 等。\n    * **配色方案：** 你可以提供一些配色方案的示例，例如：单色、互补色、三元色等。\n    * **布局偏好：** 例如：网格布局、卡片式布局、响应式布局等。\n    * **字体选择：** 你可以建议一些常用的网页字体组合。\n* **描述设计意图：** 在输出代码前，可以简要说明你所采用的设计思路和 Tailwind CSS 的实现方案，让用户对最终效果有初步预期。例如：“我计划使用一个三列布局，顶部是带有品牌 Logo 的导航栏，中间是产品展示区，底部是联系方式。”\n\n**项目管理与迭代：**\n\n* **新项目启动：** 当用户提出新网站需求时，**立即创建一个新的、结构清晰的项目目录，并开始设计和构建具有初始内容和良好布局的完整界面**。\n* **持续优化与丰富：** 在现有项目上，**请你主动思考如何提升界面的视觉吸引力、完善用户体验和增加内容深度**。可以直接修改、新增或重构文件，以达到最佳效果。\n\n**示例指令：**\n\n* **用户：** “请设计并实现一个**现代极简风格的个人博客首页**，包含一个**大标题 Banner 区、精选文章卡片展示区**。请注意**配色和字体搭配，让页面看起来专业且有吸引力**。首页的Banner图片使用一张风景图。”\n* **用户：** “给这个产品详情页添加一个**精美的图片画廊和一个用户评价区**，并用**真实感的数据填充**。画廊图片要支持轮播。”\n* **用户：** “完成所有界面后，部署一下，给我一个预览链接。”\n\n**你应该避免：**\n\n* 生成过于简单、缺乏设计感的页面。\n* 只输出少量骨架代码，而不填充任何内容。\n* 忽略用户对设计风格的指示。\n* 不使用 Tailwind CSS 的高级特性，只生成默认样式。\n* 不主动向用户询问设计细节。\n\n**你应该这样做：**\n\n* 在开始编写代码前，仔细分析用户的需求，并主动思考如何将这些需求转化为具体的视觉元素。\n* 利用你的设计知识，为用户提供专业的建议。例如，如果用户没有指定配色方案，你可以推荐一些适合该主题的颜色组合。\n* 尽可能多地使用 Tailwind CSS 的工具类，例如：`container`、`grid`、`flex`、`shadow`、`rounded`、`transition`、`hover` 等，来创建复杂的布局和交互效果。\n* 确保生成的代码结构清晰、可维护。\n* 在生成代码后，仔细检查其视觉效果和交互效果，并进行必要的调整。\n\n**记住，你的目标是成为一个杰出的 Web 前端设计师和开发专家，而不仅仅是一个代码生成器。**\n\n补充信息：\n你需要操作的文件目录在：/etc/proxy/  下\n	你好，我是你的前端网站部署助手，你可以向我提出画页面的需求，我会帮你完成并且部署	\N	[]	发布 1.0.1 版本	2	1	\N	2025-05-31 22:39:57.076778	2025-05-31 22:39:57.076778	1fec531705a7bda022cb2cf3650d0d17	2025-05-31 22:39:57.076778	2025-05-31 22:39:57.076778	\N	["30141b14b832a9062ad47cf49b12c3b4", "fbebf1f6cc28d405097cca563461f379"]	{"surge": {"surge_login": {"email": "xhyovo@qq.com", "{email": "xhyovo@qq.com", "password": "123456"}}}	f
12c0d396021bae39494720c24a620c5e	0ee94c8945453f1f66bbe9d38e52d69f	测试助手，纯对话	https://agentx.oss-cn-beijing.aliyuncs.com/agent/2025/06/02/1748836220933_shjnvt.jpg	测试	1.0.0	你是一个有用的AI助手。	你好！我是你的AI助手，有什么可以帮助你的吗？	\N	[]	发布 1.0.0 版本	2	2		2025-06-02 11:51:26.279393	2025-06-02 11:50:46.17223	1fec531705a7bda022cb2cf3650d0d17	2025-06-02 11:50:46.17223	2025-06-02 11:50:46.17223	\N	[]	{}	f
\.


--
-- Data for Name: agent_workspace; Type: TABLE DATA; Schema: public; Owner: postgres
--

COPY public.agent_workspace (id, agent_id, user_id, llm_model_config, created_at, updated_at, deleted_at) FROM stdin;
6bef9c4974e7c3b32522ccc7604419ac	1ed0bdd1f191403e7a0787d0cf2d8f4e	1fec531705a7bda022cb2cf3650d0d17	{"topK": 50, "topP": 0.7, "temperature": 0.7, "strategyType": "NONE"}	2025-05-24 11:30:09.389072	2025-05-24 11:30:09.389072	\N
88a600ffe6c802783d8f0683c834433f	98bf5b6129590de9960d33b17d940f32	1fec531705a7bda022cb2cf3650d0d17	{"topK": 50, "topP": 0.7, "temperature": 0.7, "strategyType": "NONE"}	2025-05-24 11:31:56.776653	2025-05-24 11:31:56.776653	\N
fd32af275d3034910d001061b9b2b0ad	1a3abe0294162e6c5fb351c2700430d9	1fec531705a7bda022cb2cf3650d0d17	{"topK": 50, "topP": 0.7, "temperature": 0.7, "strategyType": "NONE"}	2025-05-24 15:15:49.160907	2025-05-24 15:15:49.160907	\N
bda6d0ed079abaf0233d3db39460864d	4a936afeac7ac125f1796b0b181fa990	1fec531705a7bda022cb2cf3650d0d17	{"topK": 50, "topP": 0.7, "temperature": 0.7, "strategyType": "NONE"}	2025-05-24 15:28:52.228741	2025-05-24 15:28:52.228741	\N
659f76767ee5007ae0c49c8a0c84a69d	2d2c9fc14534428bfc9d9914898ad2c1	1fec531705a7bda022cb2cf3650d0d17	{"topK": 50, "topP": 0.7, "temperature": 0.7, "strategyType": "NONE"}	2025-05-24 17:15:33.875877	2025-05-24 17:15:33.875877	\N
4f9a954c064e18c1b97edd21d0353416	9c3fba994334ed3b1a8f1b5c4b08b72f	1fec531705a7bda022cb2cf3650d0d17	{"topK": 50, "topP": 0.7, "modelId": "766413d538676a165318588ac74f3ccd", "maxTokens": 4096, "temperature": 0.7, "reserveRatio": 0.2, "strategyType": "NONE", "summaryThreshold": 35}	2025-05-13 22:25:55.663973	2025-05-31 21:52:31.148331	\N
52354a49cd56354f294e1c4c62855e39	0ee94c8945453f1f66bbe9d38e52d69f	1fec531705a7bda022cb2cf3650d0d17	{"topK": 50, "topP": 0.7, "modelId": "03cb724e3dfc40818ed07ba5dba3a8e2", "maxTokens": 4096, "temperature": 0.7, "reserveRatio": 0.2, "strategyType": "NONE", "summaryThreshold": 35}	2025-05-24 14:41:51.860606	2025-06-02 11:06:39.03922	\N
f792f81a377e7878842c1063c6039d95	0decdc8e161ef8e2638a136388ab6c40	1fec531705a7bda022cb2cf3650d0d17	{"topK": 50, "topP": 0.7, "modelId": "acad5e9ea641bebdea92ef11ee5fa8a7", "maxTokens": 4096, "temperature": 0.7, "reserveRatio": 0.2, "strategyType": "NONE", "summaryThreshold": 35}	2025-05-24 15:19:02.638615	2025-05-24 20:19:22.763312	\N
1113dabb99533dfab3270317a9b79c77	cf71a9bc56d74bb32bda7c73e9b76c30	1fec531705a7bda022cb2cf3650d0d17	{"topK": 50, "topP": 0.7, "temperature": 0.7, "strategyType": "NONE"}	2025-06-10 12:43:11.697918	2025-06-10 12:43:11.697918	\N
88bdac66cf91a765bfd9312d655a4ef9	a7eeb67884ecc92f7cd696bf47b47bb7	1fec531705a7bda022cb2cf3650d0d17	{"topK": 50, "topP": 0.7, "temperature": 0.7, "strategyType": "NONE"}	2025-06-10 12:53:19.981555	2025-06-10 12:53:19.981555	\N
\.


--
-- Data for Name: agents; Type: TABLE DATA; Schema: public; Owner: postgres
--

COPY public.agents (id, name, avatar, description, system_prompt, welcome_message, published_version, enabled, agent_type, user_id, created_at, updated_at, deleted_at, tool_preset_params, tool_ids, multi_modal) FROM stdin;
98bf5b6129590de9960d33b17d940f32	agent 测试携带工具	\N	agent 测试携带工具	你是一个有用的AI助手。	你好！我是你的AI助手，有什么可以帮助你的吗？	\N	t	2	1fec531705a7bda022cb2cf3650d0d17	2025-05-24 11:31:56.75943	2025-05-24 14:29:45.173945	\N	{"surge": {"surge_login": {"email": "xhyovo@qq.com", "password": "123456"}}}	[]	f
4a936afeac7ac125f1796b0b181fa990	解决	\N		你是一个有用的AI助手。	你好！我是你的AI助手，有什么可以帮助你的吗？	\N	t	2	1fec531705a7bda022cb2cf3650d0d17	2025-05-24 15:28:52.221766	2025-05-24 15:28:52.221766	2025-05-24 15:49:32.19957	\N	["fbebf1f6cc28d405097cca563461f379"]	f
9c3fba994334ed3b1a8f1b5c4b08b72f	agent	\N	agent	你是一个有用的AI助手。	你好！我是你的AI助手，有什么可以帮助你的吗？	cd999fcfc9f15480f32482caee884cbb	t	2	1fec531705a7bda022cb2cf3650d0d17	2025-05-13 22:25:55.607181	2025-05-23 12:53:11.879917	\N	\N	\N	f
1a3abe0294162e6c5fb351c2700430d9	123	\N		你是一个有用的AI助手。	你好！我是你的AI助手，有什么可以帮助你的吗？	\N	t	2	1fec531705a7bda022cb2cf3650d0d17	2025-05-24 15:15:49.153875	2025-05-24 15:18:42.731065	2025-05-24 16:27:34.412322	\N	["30141b14b832a9062ad47cf49b12c3b4", "fbebf1f6cc28d405097cca563461f379"]	f
0ee94c8945453f1f66bbe9d38e52d69f	测试助手，纯对话	https://agentx.oss-cn-beijing.aliyuncs.com/agent/2025/06/02/1748850436783_9o5weu.jpg	测试	你是一个有用的AI助手。	你好！我是你的AI助手，有什么可以帮助你的吗？	12c0d396021bae39494720c24a620c5e	t	2	1fec531705a7bda022cb2cf3650d0d17	2025-05-24 14:41:51.844131	2025-06-02 15:47:18.754419	\N	{}	[]	t
2d2c9fc14534428bfc9d9914898ad2c1	1111	\N		你是一个有用的AI助手。	你好！我是你的AI助手，有什么可以帮助你的吗？	\N	t	1	1fec531705a7bda022cb2cf3650d0d17	2025-05-24 17:15:33.864672	2025-05-24 17:15:33.864672	2025-05-24 17:18:47.127409	{"surge": {"surge_login": {"email": "xhyovo@qq.com", "password": "123456"}}}	["30141b14b832a9062ad47cf49b12c3b4"]	f
cf71a9bc56d74bb32bda7c73e9b76c30	test123	\N	test123	你是一个有用的AI助手。	你好！我是你的AI助手，有什么可以帮助你的吗？	\N	t	1	1fec531705a7bda022cb2cf3650d0d17	2025-06-10 12:43:11.677866	2025-06-10 12:48:58.127685	2025-06-10 12:49:01.440248	{}	[]	f
a7eeb67884ecc92f7cd696bf47b47bb7	123333	https://agentx.oss-cn-beijing.aliyuncs.com/agent/2025/06/10/1749531220255_2evl1d.jpg	3333	你是一个有用的AI助手。	你好！我是你的AI助手，有什么可以帮助你的吗？	\N	f	1	1fec531705a7bda022cb2cf3650d0d17	2025-06-10 12:53:19.971093	2025-06-10 13:01:23.176945	2025-06-10 13:01:30.610769	{}	[]	f
0decdc8e161ef8e2638a136388ab6c40	网站编写助手 22	https://agentx.oss-cn-beijing.aliyuncs.com/agent/2025/06/02/1748850444732_5h84so.jpg	测试工具33	\n你是一位**卓越的 Web 前端设计师与开发专家**，不仅擅长使用 HTML、JavaScript 和 Tailwind CSS 构建功能完善的网站，更具备**出色的视觉设计能力**。你的目标是**创造出令人惊艳、用户体验流畅且内容丰富的网页**。\n\n**核心能力：**\n\n* **视觉设计大师：** 你深谙现代网页设计原则，能将抽象的概念转化为具体的视觉元素。你了解配色、排版、留白、动画等对网页美观度的影响。\n* **Tailwind CSS 专家：** 你能充分利用 Tailwind CSS 的灵活性和自定义性，创造出独特的视觉风格，而不是简单的默认样式堆砌。\n* **内容填充专家：** 你能根据页面类型（博客、产品页等）自动生成具有代表性和合理长度的占位内容或示例数据，让页面看起来更完整、更真实。\n* **交互设计专家：** 你能设计出流畅自然的交互效果，提升用户体验。\n\n**工具集：**\n\n* **文件系统 (file system)：**\n    * 接收新网站需求时，**自动创建一个结构清晰、符合项目主题和内容深度的目录结构**。\n    * 将所有生成的代码文件（如 index.html, app.js 等）**按逻辑组织并保存**到当前项目目录。\n    * 在后续对话中，**始终在当前项目目录下进行迭代开发和优化**，不断提升界面的视觉表现和内容丰富度。\n* **部署工具 Surge：**\n    * 可用工具：`surge_login` 和 `surge_deploy`。\n    * **重要：必须先成功调用 `surge_login`，才能调用 `surge_deploy`。**\n    * 部署成功后，**务必返回可直接访问的在线预览网址**。\n\n**设计与开发准则：**\n\n* **审美至上，功能并重：** 你的首要任务是**设计并实现符合现代审美、布局协调、配色优雅的界面**。同时确保功能完整且交互顺畅。\n* **Tailwind CSS 的艺术：** 所有样式编写**仅通过 HTML 中的 Tailwind 类实现**，严禁使用自定义 CSS。充分利用 Tailwind 的灵活性和自定义性，**创造出独特的视觉风格，而不是简单的默认样式堆砌**。\n* **智能内容填充：** 如果用户没有提供足够内容，**请你根据页面类型自动填充具有代表性和合理长度的占位内容或示例数据**，使页面看起来更完整、更真实。不要只输出少量骨架代码。\n* **响应式与交互体验：** 确保所有界面在不同设备上都具有出色的响应式表现。JavaScript 用于处理复杂交互逻辑，**优先使用原生 JS，除非用户明确要求其他框架**。\n* **主动寻求设计反馈：** 在开始构建页面或复杂组件前，如果你认为用户的设计指令不够具体，**请主动询问用户对以下方面的具体意见：**\n    * **整体风格：** 现代简约、复古、科技感、扁平化、Material Design 等。\n    * **配色方案：** 你可以提供一些配色方案的示例，例如：单色、互补色、三元色等。\n    * **布局偏好：** 例如：网格布局、卡片式布局、响应式布局等。\n    * **字体选择：** 你可以建议一些常用的网页字体组合。\n* **描述设计意图：** 在输出代码前，可以简要说明你所采用的设计思路和 Tailwind CSS 的实现方案，让用户对最终效果有初步预期。例如：“我计划使用一个三列布局，顶部是带有品牌 Logo 的导航栏，中间是产品展示区，底部是联系方式。”\n\n**项目管理与迭代：**\n\n* **新项目启动：** 当用户提出新网站需求时，**立即创建一个新的、结构清晰的项目目录，并开始设计和构建具有初始内容和良好布局的完整界面**。\n* **持续优化与丰富：** 在现有项目上，**请你主动思考如何提升界面的视觉吸引力、完善用户体验和增加内容深度**。可以直接修改、新增或重构文件，以达到最佳效果。\n\n**示例指令：**\n\n* **用户：** “请设计并实现一个**现代极简风格的个人博客首页**，包含一个**大标题 Banner 区、精选文章卡片展示区**。请注意**配色和字体搭配，让页面看起来专业且有吸引力**。首页的Banner图片使用一张风景图。”\n* **用户：** “给这个产品详情页添加一个**精美的图片画廊和一个用户评价区**，并用**真实感的数据填充**。画廊图片要支持轮播。”\n* **用户：** “完成所有界面后，部署一下，给我一个预览链接。”\n\n**你应该避免：**\n\n* 生成过于简单、缺乏设计感的页面。\n* 只输出少量骨架代码，而不填充任何内容。\n* 忽略用户对设计风格的指示。\n* 不使用 Tailwind CSS 的高级特性，只生成默认样式。\n* 不主动向用户询问设计细节。\n\n**你应该这样做：**\n\n* 在开始编写代码前，仔细分析用户的需求，并主动思考如何将这些需求转化为具体的视觉元素。\n* 利用你的设计知识，为用户提供专业的建议。例如，如果用户没有指定配色方案，你可以推荐一些适合该主题的颜色组合。\n* 尽可能多地使用 Tailwind CSS 的工具类，例如：`container`、`grid`、`flex`、`shadow`、`rounded`、`transition`、`hover` 等，来创建复杂的布局和交互效果。\n* 确保生成的代码结构清晰、可维护。\n* 在生成代码后，仔细检查其视觉效果和交互效果，并进行必要的调整。\n\n**记住，你的目标是成为一个杰出的 Web 前端设计师和开发专家，而不仅仅是一个代码生成器。**\n\n补充信息：\n你需要操作的文件目录在：/etc/proxy/  下\n	你好，我是你的前端网站部署助手，你可以向我提出画页面的需求，我会帮你完成并且部署 22	\N	t	2	1fec531705a7bda022cb2cf3650d0d17	2025-05-24 15:19:02.600352	2025-06-10 13:11:03.206546	\N	{"surge": {"surge_login": {"email": "xhyovo@qq.com", "{email": "xhyovo@qq.com", "password": "123456"}}}	["fbebf1f6cc28d405097cca563461f379"]	f
\.


--
-- Data for Name: context; Type: TABLE DATA; Schema: public; Owner: postgres
--

COPY public.context (id, session_id, active_messages, summary, created_at, updated_at, deleted_at) FROM stdin;
ac4741fd084ec9116364b4569b0757fe	63ba51bbefad9f9ef22bf97780c80862	["063479b99eea5fc27b190e5f960ad378", "af0408418403334b0798c1b3f2ba4e0d", "d8e9af6d6a9363c8b669da5f7d4112df", "b5f2cdca644007d83be5f57a3166d346"]	\N	2025-05-24 16:30:33.380229	2025-05-24 16:30:33.380229	\N
a5fc52020065832c1140ecb98a2dba51	4c7136406f93452fd2ce04b2eac51974	["aef9a37ed6478c1dbc75a57621cc85d9", "f8b85d1152ee52b583afce49b01e938a", "f83dc2f7da890a5bd29e77b18674ab82", "abe1f73281149a1b1e2e1c3ddeeea70b", "7553c37f10c301fd6e9f5e912bdf0846", "1d1170c3236725fbb06e18d6e41b77e5", "e014d83335151c96954824b3a554c803", "017b0cc6881bfa652b4b3c095fe9d4dd", "40ba3374e06dacc0a6964b2e6598aa1a"]	\N	2025-05-24 16:44:14.167252	2025-05-24 16:44:14.167252	\N
887250c52ff0d8add0a323e95cce9820	b3d5443d70cfd9e9efcf4aecee9dba6c	["015b6d0a2f79fe645639be2239be0a65", "fefc89253a328509a26d15ea1e5ec98f", "edc391e949c933999807f86f191476d0", "a376b50b2e9e3e977471618c2e532bd4"]	\N	2025-05-24 16:46:25.943306	2025-05-24 16:46:25.943306	\N
cff85c8f73be05b7280dd0fcac1a2cd6	944636c9fd997d5ab0e5d95acbf25032	["3b698dfc5ccee85dff1ab1e36ec259a2", "3bc9db7092f77f2da7f54599375afd2d", "0b92e58e476fee890cfb53dc71c68b01", "f8f2b0b41ffcbbe27059dfa0bcd5b416", "aba7e25d73ef1b9c9dba5ab6a290ee46", "753b47ffa40763b35f15a5e9f86bf6c8", "5e084ce92e2c930dd631d0f179037c31", "6535ccd5c1282f75f5478ec8b62d2626", "f19af79a1541845618032d0146c76c25", "9544acba17bd3e79a50187bf1c4d1b36", "a817d761a3ae395e2970512f2b8e49b8", "fce8c2dbc50037f4e11677335c10160c", "55496c500b6b39eead5d27cb51f103b5", "8f7cff79fa30f586dfd59125458d7296", "fe2f35de25bff58e7506c95cbe4af71f", "5574e1f6446de68b5109c74d2a4ca284"]	\N	2025-05-24 16:41:07.231665	2025-05-24 16:41:07.231665	\N
21d95da7d6dfc09353a1264ac7c3bf47	0d02c5bf24c25a0da901c3cc07f3f073	["559b8f6be10e6ca803af354cc0b5922a", "172ab526a10c03285b45524817403cae", "4bcf4ee9ccbe6201fb750f2f7a655ef9", "e9ff8952228dc63322c227191179279e", "bc023c902f5ffc37d7681dfa496f52da", "870d540943a9501caf4d4628c7d37a3d", "ecf3db0022bada2917692f0bbbbdc342", "0335a3c3aa9f93a04b1be7fe1edc2477", "e38be56163455250543a5bc87c2b3992", "773cba4fc6f7740d4d88ffb08e74ad70", "b67931bf31c4559b53c1e42ccf40088e", "c1b8703b13070a5cb1bf7f10c0c34aa9"]	\N	2025-05-24 16:38:13.965083	2025-05-24 16:38:13.965083	\N
3373c9627c5fffb3457f0b9bdfd18a1b	b7b0181b288156f87cf627bcd870f0f3	["0351d7010b256444c634ef6a9e72e251", "c841f56daa1b794d42c0d771c9c19009", "cbcd60674515dde24fc3cca0f9d06f69", "c90178199625cd146e84e89f02f7e243", "d206df3a9ff4abc2962b778c47f3b5cc", "6ecb6efff2955a614ad20cab0922b38f", "63ffce9a0832c6a69b0aeb253f3705d5", "8e6d56324cc948c6afe4f37b91933157", "ca7ca9e5cd7178ba67221992d676489b", "8acf97edbc80f13ff6c6d5d58ae36a77"]	\N	2025-05-24 18:10:44.491189	2025-05-24 18:10:44.491189	\N
9500ae3913da42873dca1243b465628e	dfa235c52f4f760356ddea87b2143f86	["170e3465c2e52a4262b2776f3ff0439c", "bf729001d19a6166a8ea2571da8e6281", "5eebcbc174bcd404358b7bc1dd45521f", "1fd1ab5a83b22dfa661a95a7487f8bb9", "12fc04687ed47c495de0d4fd959c5391", "6f9de67711261544f044ea26a7d56698", "c2041882beda450398adf391de3fc089", "f1653e7f632c93c7cf50bf9c1eb0a243", "7b0741fa8f6e67ad46e996fe7264b786", "3416d7192eed4da80770ea96a7b5e9e9"]	\N	2025-05-24 16:51:40.6237	2025-05-24 16:51:40.6237	\N
22de27a1fd90796c6f20c84559eb5a17	a2ffa66803d380f38c2c556d7915c179	["74e5620db9972315ca39136c9b38121b"]	\N	2025-05-24 18:06:53.273364	2025-05-24 18:06:53.273364	\N
a1b6a0532ad35fb8daac1d79dcdb7c3f	f51295bf9d83ee0f197486f6c76d2f22	["300268d6ddc50ddc0637cdf891cf2b66", "85f1d44250a25e19c2bc1e4e79138d66", "5fc5057ab30bda82de1212d4fc668919", "a64d475204774aebf0de793da26ae105", "775133166071cc5618d3e17fb323f908", "a2417d68da94337e55b370397d87e0dd", "d485019e88706d354baff4f31327278e", "40643109e093f05006f1cc5ea84668c8", "a0a909356b70b40672b3dcfc209099a4", "795b53dd7fef310aa811797612dc1b56", "bb9da962980df5781795f91a969af95e", "6177eac11a3439a34c1c86b0e7d3f9a6", "311cc8364df1b67ee4b362aaba7b178d", "9c2b612fe1b4dbcb9e96442df252cf2a", "18fc5e45d56704c4ead374df26dd0bd4", "0c32e3c81b67fa632f2768409c0e8ea4", "a387b03b80071ffe7c1a345c074123d2", "5d8a58410e85149b106c02801d3fd934", "1c3e000e0a5d0d265c2c84a0241e68e1", "6eeb9552f5ad3ce9406102e175399776", "d89b6fdf1966518b4964cb195242f9f4", "e332d20c246f9f9f3485ee271b6b22c2", "6d65fd6a2c3a8a3872d50e4e493c299f", "bae2d89b802011e982f5ec9b3481fe5a", "e2d525907573c72fc117b2ac4bbdb000", "4c22863a6ad823488b89ac3f2294ef75", "f2e2c13656554938de806f7cfbf70ae2", "da65db4dbbd72ed2c84f1040feaedd84", "17802b6da3ded5d64bb3faab7d18a9ae", "064c174c918b739a72fbee3bfaaae19d", "148dff02928b3e9b7266551faef56977", "64d6bfce227a071fa204059d3c9b3712", "044c33fd8f95b21dec3befd8c5572ac2", "f2cd8f13fae4144b9bea82f3be6256d3", "b1601df483b31b95152fbc24984d245d", "af07541549f923e5a7d3cf6ae2649436", "c02434c3b979c2473149c64abb629a4e", "79b7720d20bd85f5132f5e494a5d9cf5"]	\N	2025-05-24 18:12:12.62844	2025-05-24 18:12:12.62844	\N
db7b9d2389b50865552bf7bf2ff4a0da	f49e297a303fe7a6de9fbef58086349e	["a5353e5b00167527675dbeaadc2aef9b", "eda644581c1ab0e97efaa2ceaec5688e", "056192873bb91157694b824633a930bd"]	\N	2025-05-24 19:53:22.520043	2025-05-24 19:53:22.520043	\N
5316fc37a54bd4cef2691f57680e1641	78f49a59de719635323a2e94c2e494de	["ef6ba7bf06dc0fc9a2eed31ab8d7953c", "e67ca0902039a68eb6e12a9bca9a7a3e", "8f105606f08c1025c2b5cda5cf7710f3", "c0a922e44f83a35995d61812ca33659a", "1553308c94ed4d70bdcffb255903c6a7", "4a4846d8b8ac5775e40f7fff7313e522", "f5195ebdf19b763aea3feffd2c19f5cc", "248fa901c681c44750b57f96348407c6", "d439aeda2b459d57deaa5a60a71caabd", "78179d2ce817f28d07fc48a712a646e0", "16416a0e3c253afb22cf01d48130ada0", "eedf779c36f2e3ec4427caf9fdd63fb8", "ffda069a7713598602c064c678acddc6"]	\N	2025-05-24 18:33:35.214024	2025-05-24 18:33:35.214024	\N
51a4f70a2352e1c6cce93d9fd1f09a2e	bd040efb37fec6bdf6f0008f2d78c593	["0bc74303da64c8cb7df94d5ec526b38f", "ff5aca7b51153654e996d65a55c0e05a", "0ef300cf3cb5f5a9c9423f74ba6691b1", "df8f91d73a433ed0dac4fae384ab00f1", "3c0b2e23ecd85a1dbbfc0608bc8571f6", "b9355e86b6e541de651d7664e7652254", "df0ebcc7e11e7ca4fbdcbf08422f60f7", "0cc94b625b5a90f403464c9c1b8b9872", "c0d42fedfc02bc8a98ff73ae3e7f919f", "5c27e54cab12ac89c14c5048a1d7a104", "1aa1ecaae43516a5c823940281e2be49", "b83bb4fcf3426a9340a697e0bceda26c", "b0f3463419bc8e6030f2c00e8a8d3f3e", "5adc69c821c132b87042fdfd1059e6a7", "b588e09197c22cfe81020a2c914cc28d", "d10590d60090ad0798dd2c1cf24a80bc", "19ac54afd55dfc6fcd025bdf4e35d4dc", "c5bf113b2cb9880e3279de0bd01c77ab", "3798709c2c0cd7b888697c62de5be52e", "e949eb31f58513dbaf8cb106a7d11d99"]	\N	2025-05-24 18:18:35.915656	2025-05-24 18:18:35.915656	\N
345b84fed93913160e49fbd9cd01d4a9	ad02f26957b4c2ca8f40af252f72d0a5	["89ccf7ccc110b0bbe79a0b32716f9a59", "7f8e71b2679601bd75b68ee59acc48b2", "12be5381354c3754f71753bbd8ac0cef", "863ed9ece6877bc000b29f9a37d8fa33", "de8ffd2d321b5a8a0ed2b2a555a0d4f8", "93dacef394eca41af3376364f8391ad6", "62aa5983c33dbd25297c0d6e340af5ec", "375fdefd3d74c8b66cf7d89e51945807", "71ca173defcdbc0a6bc42bcd1f686f43", "c69df0424ccf7ada3fabc247ca070304", "b4028e362b54175f886310975fc0a4d4", "cec47523aa8097bff45e1a8508c3deca", "30f960979a1072348382e1f47a2549d5", "a34d1a86ee2b33aef61e0df3a46b9d3f", "83ab0f6cb90800e10cadcc8a7ae4fdf8", "b15f00072e56a0e4ce05fdbbe82a9db5"]	\N	2025-05-24 18:15:45.016278	2025-05-24 18:15:45.016278	\N
4edb8200fd5d15635bfff7ef5c396ff7	e5469905472995dd49cbd6f3cabcefed	["2c8ede72c0a0a308f12f27ad88741bda", "b518f453e1a923574e62a9811223b4c0", "e3708cae1d8dc6ec2b472c47aa52981b", "bcec2900780a76aeb44d12ee870da285", "248e67d1548e6b56761609174cc8b6f7"]	\N	2025-05-24 18:27:33.196959	2025-05-24 18:27:33.196959	\N
3ba80f3429d03e5e5d61dfde36b7df4c	271bd131145dfc322eb9cb9a65bec42b	["5b05344838f0210f55a06a15f6474799", "3e2d857e2793905cea88fca315b1259e", "9339a50566163f4f923a7487f5ce48e6", "76a7a7ef0001b7a9abed4246cd8781a2", "41f856fa0f103c2c41c0544f6d701e53"]	\N	2025-05-24 18:24:11.767246	2025-05-24 18:24:11.767246	\N
fe83ae929e4e488f40bf68fa62ed1451	0d1da7f1f82533d4b86d8a045ddc9ab5	["6bbe67c3a9b9e59556c15d16d2127e7f", "1c2571dfff8a7dec79c2f3482012a1b9", "39620e949c45cb9736ab77c69577c289", "2464e1478bf7f1754c96ec0baa557d2a", "e5991be8591e9bf439374b0d7d70e489", "d1cadedfc4cb6ea61a93193ff7844fb0", "3f84b42024734ce3eb3d283fae4bcd0d", "11a7017d042c9a32f9f7e71e06083263", "5a8eb3933c4e6168043947fb09b9eb88", "9a40a541fc3c6febf529f1fff25f7cdd", "5e797fb46fd03792fbcdf668e6001a20"]	\N	2025-05-24 18:39:16.161039	2025-05-24 18:39:16.161039	\N
4dfe62845032e66bd85c3e979174284c	936ad0fb336a841362ecd64a9c6aca2d	["75fab6a3332c708aa74e9a286c0c6d50"]	\N	2025-05-24 18:47:57.060266	2025-05-24 18:47:57.060266	\N
1e412a37fb625388ba476cfdf4dd15a9	eaa3e2729fc34ebf60eef5624e2bb0b8	["f063804d934d55b11dd6aedafaacbd5b", "f9b885085976a16d0e7799e78caabc53"]	\N	2025-05-24 18:48:22.928948	2025-05-24 18:48:22.928948	\N
c8ee362dd8453bbef95b020d1f7cd8db	9ff40229a5b6f767f079d6be281945b2	["1a8ecf2e730038ba80782291508ee6b7", "4462ffdb05026240051a6199514ea020", "4985c03dbc5ec7e2b23ce2c7f0a3c065", "cf1a3dbbf62a7068b5a359ff87313556", "5e375f3e9f85b71b211d3cb5e4b5b8b9", "a94c386fc5a815024106d12978fd85b3", "f57978b3cc0bb56335bd173d557fd17b", "f1db756201e5106247fc3331c0c188ed", "58ea0b61ad6f88551cf87e2f394b0afb", "9d8c1e8b01e040c965641ebb058ecb3a", "0d635ec8fddaf06d2863953a49704d8d", "92e1e88d43ccc5478388f2dcaf820c0f", "1fd7221811996d88a7d5dc70e6489ab3"]	\N	2025-05-24 19:24:36.982386	2025-05-24 19:24:36.982386	\N
17dbdababea1f716fb51fbdc0e8e302e	9410e3c08ea58b0fc7e0e3fb3a63ae40	["8e7f5812d959faf33da510bb99e39d1c", "711befcd4a6b9241dcd3fe9d08b66a55", "93a771145d17ba51dd9e84aa6b9bc604", "3112f3b2121f572efb5e24a683ca34d3", "69fc4e6d910838be4268b87440b44b7b", "8118c403ed327a55bcfe7ca37b8e1d03", "57003e2f03f540814f9f12edef0746c6", "3d1b93d3a29e0427a7e4e0f35c0d88ad", "f269d3c65c46ab4736db9f3d06a50749", "b266023b17749111454e27c0ee77169a"]	\N	2025-05-24 19:46:59.588585	2025-05-24 19:46:59.588585	\N
fec37eb880e816ac44a93b976b5a0823	f9fd5771d9fd73879ece3e9085a9822b	["60281722b42741eb7dd3bf2dd4d0d566", "f539121ab5f006f9f9b4a55d7d9dda4c", "0ac276771cc1a6645fd917a611568d5f", "83def715d609d1d8869f034e15b9ab45", "4b99a3f0c7b7a3fd8f4c234214e46836", "33a86c182892adedb4d96bada6d0a62e", "a7c149a7e2b5659b5904cbab08aad557", "fe90fd883045609e8613703d6bb7e99e", "ef59b9ab3e2d950b8f77c59b0385a5c2"]	\N	2025-05-24 20:20:35.704159	2025-05-24 20:20:35.704159	\N
bc1ffdce650186522c29de11899239bc	6ad3233ef2ab296ed7f36d5d47ce389e	["fb5265996a160216fd87d5261ad17a4e", "9386ccb10b069b40d6e1d7386a7901c5", "5ad828fcd51af624a0270dfb25a01dda", "1e30d79bd78ec5067af99915f1deb23b", "1285b7d4ebd574190d91e892db131a00", "b980d8c157ed9c48ddebd909c9288fc8", "83eb98dd0e706fcf8570e69040d1fded", "0f7a58ec29fcba7e3caf6475dfb2006e", "0f95be699a453c28f8acacdfa30a6e11", "27d29b6dea109326e49284b14bcd9d48", "297ab0da1946bae8f1de231a1b2c6b22", "99ec2fb5edd6721043bd9659ae2ab3d4", "16b1ffbef8629c4973c0096964183e87"]	\N	2025-05-24 20:48:14.200837	2025-05-24 20:48:14.200837	\N
9f221a92630625881d841acedd413661	86cd80bbe441a6da4effb5b277067173	["af4b8c7943bbbd53d70caf20aa6ff5b5", "42961914ea450359d4e5443aa86b4d90", "29e57e77458b4072d8e5bf8b03509850", "83ce82ef34aef1d59c99b6d73cab4953", "c98e8eafad332f9cb3a851c82a8f9164", "edd2406899086f5a5ed64bbf3d7a9166", "306c7973694d9e3d7e8435cd25251337", "50dd3990bdc3e80d3d4e7460bc964d71", "7b118c7b8479254ade79059ca62e9e91", "4b84668e58045894ffe1aacacec14254", "0d5927ec7ed2b8be784ded2d07f0e5be", "0493504ae9bb742c7f8dec0832a9736a", "56febdd4fcec37c0becf5e1e9e8a0fa2", "39626029345d9df8c9994586325c6081", "fd5824f373bfc4f49ec2d6958073c31a", "1c6284147116386eb8e82e9d4500a21e", "cc74491dc030b414a1c2b15be9da21a8", "7c7297343d095b534ed82256867cffd8", "e363b66e0f66f4acb570b1fcd8f4650e", "038f9d0e6ed0acc816322505a9585888", "8b0fbccc5c85a9282afbf59b64b6b1ec", "e82ca81dda82e02e195b264569a736eb", "db97ab93d154445bcbc08f29d0482046"]	\N	2025-05-24 21:01:59.171519	2025-05-24 21:01:59.171519	\N
0ce420dbcb6379bffa592178973ea196	3cdefe61af23fb0bb071c5f9655c8b68	["606594d7291b7c6304695656f5225261", "700843560b6d3154c524d1f66bb27864", "65c6a1992e042b0a8921599ac6607f2e", "af00d9f3c8f68c63af5f5546c1d378d6", "cbaecb04eb3d9ccfcbdb55b985c64a08", "a1883d130886324142d8c82a7cff020a", "df48d396e937d0374192928c1815f13c", "721e6e909024462202a5c9c7015eb426", "be3d02bcf9ab2cc51ffb1339b08e37d9", "16aec46bc2b642046ccbfb04fd6f2202", "286d36387eef537d0c4d339677a6b2f2", "b948863efcb1e8f507b8f8903f05b303", "59925eae1dd5d45616fa85775866cdf8", "9eb6e9bf3211ce0f6bc525ccdfddd45e", "cbe4b709bbc10a0ef7a51ec794b2d6f4", "f609a048370c6ba8727b2b823b7b0049", "bf4338d2c03b3ae8bc35c8dfbac84b58", "1b4aa3f0efcfb352036b60e8fe4c1dd2", "70ecafd589a405c061d7058af8288360", "79427457a58ab2b66b48f7807bc7c543", "ae981fa391730a7f7a6167b6f72e0ee2", "0704e96befc2d23157a5fc9c39a7959a", "29456140af1150348cbd338d7aa6edae", "c95828fda07fa7ba44b23f68791d315c", "6f633efc0a6459ddf9339863a95af94c", "33b0248df5f5444f77afd08229f6e7ab", "29aab1cbab8425ddc8f524977b296d7d", "1d5eb5ec79dc66b1963bc26a1a6335c3", "bf63e8a3c08c9b12698e5aef000f2741", "a15f31fa298d08dbf4c2109f2fd08b65", "3a65bb16a4a366d3ebca8de86ecf67ed", "d616c014711d60f9549d7eadd7e7048a", "c0fcffc5674c2fc75b33d550d7fc74e6", "72d4773814848f26e8d154f364bf8585", "fbe56d69b56ae6b428ebbf9b9f456d8e", "cf56a65e1fa589d49490b39519b50152"]	\N	2025-05-24 16:29:50.788622	2025-05-24 16:29:50.788622	\N
585fb5f6f8d10b2915aee6e92ffe8fa8	6582f2d76c5aacf284b9426bccb211c4	["a1da9be1706683ebb0a28118fff2c76e"]	\N	2025-05-25 14:11:25.245856	2025-05-25 14:11:25.245856	\N
483c4f3ef3b7b4423bed34505cccba08	dc07c5cfd283ae14f77ff2fdc8082207	["23e19b3a6b53ad4268662fafadf19f02", "64a8763e16494129b44ed158a2fe339c"]	\N	2025-05-25 14:11:53.874073	2025-05-25 14:11:53.874073	\N
7bf94ce316ea8e4c2ff20fe9a9b691f1	preview-session	["f8f889063e85f53e3fe5b3acbcf3401b"]	\N	2025-05-31 21:35:26.388031	2025-05-31 21:35:26.388031	\N
151fb46d40504162fb6a01228582b86f	preview-session	["2b14f3131f5ed3dbfc43f711d4f8524e"]	\N	2025-05-31 21:37:00.333306	2025-05-31 21:37:00.333306	\N
46beb0f500e92efcb202d26d971cddbe	preview-session	["5f91be101caf1efd44ccda2f6ffdfa2d"]	\N	2025-05-31 21:38:22.380524	2025-05-31 21:38:22.380524	\N
9d02b5bda9003d69d6e8d7e4d75255cf	preview-session	["cb22330733774ae9e0c207883c7656b3"]	\N	2025-05-31 21:39:46.241037	2025-05-31 21:39:46.241037	\N
54fe2c2e9307c7709043ba737841ff7e	239fe267b86a207b68a827d461d17eb7	["8dbfea97565ae65045b77ac3ba3f406e", "fdf88ad4a8b4a68e7a2b7c01f0baefbe", "6560081c1c5a5198537a4b997535ea66", "32564816b4458b55c115d9c7462f7bb0", "0e7edfb846c379f66d3347ef0798a213", "1b8c9058d79f77402c2b4b128fe629a4", "f4c5c4fcbf9bc34dc45897fef96840a7", "53aec0166918bf88e2ccc053e2f445d4", "ac3bdef7fbf8c9985235c0acf8c6e586", "f6ac8eb74f3053c59778db3e5bd5f5ce", "6b16dd9b7fc4d70e71f7fbce1432b5f7", "68599fd1e9ae4865349dd602219e3e5c", "d755553191a3cb82863e962bdab61eaf", "22f8579edd23e6164d02ae57fb70a090", "59eb97c1576e88a4f523b3c2d0a20f45", "b06a53156658fb33d9921f562ff3eade", "3239c4bf86dc0c1289139c2c5acda3aa", "064168f5c54dff6af407c39c3d60825e", "4beeeaf7be9c5adb446db7c5c6b40cab"]	\N	2025-05-25 14:14:18.78308	2025-05-25 14:14:18.78308	\N
e0fe00e32da79991cebedfa63e19afc8	8db4b5cbb4de1e3b8f6114e5db67badd	["d63799bce5e8db869ed6b2036d233025", "9182594503a25632ee03c6e0d2df5aa3"]	\N	2025-06-04 09:25:00.120416	2025-06-04 09:25:00.120416	\N
511f623d7d9202e592550f761f31a9fa	cee5c41fc6268bd94818f33a5c249ec3	["8eaa491774600ae062d6844be7663a29", "2c2928f8cf5c96251151519e49c8f4e0", "0b24d6255e19aac697ea37bd2abac6f8", "a2970fbe230d0eb9a7aaa8c4142f16a4", "8b35b94f05c64274761f863ea58accc0"]	\N	2025-06-02 00:34:47.164606	2025-06-02 00:34:47.164606	\N
682487b86ec1b48515995a5f4bff1687	68de188585dbb1c6d8e23345c580a80d	["3550d0c48e0fb103bcb5071b88a27851", "88298711a34ce9eb629080d1b4471436", "a32464c244115549306b45b8bb1cb16e", "5fa63ebf602b7c8d681d29cb7e5b9ab2", "5a67fc8c1d76c5d817158ae8005d71cd", "2b48f8a79bdbca81f8451bf53ef91ba3", "ca3404b0e66510e3fabd05e1ace61c56", "c46e14d675265606c9cea8b02cd19579", "9b4cf702bb51b18d0e22c2aec5c333f4", "4d9d3afe17003f2a0559938289ff93ae", "e4afe62361f5936787de46d472b8a243", "4f7249c1b3e03c39b92d4162c2b57987", "c4ba605422c50cd65f89cab96e644553", "be76a58cd5261229df59689a7d355d57", "c608500b68296ba0a1dbc05bf6f31c57", "7bfbb0ab00b8a4126bd0b5d6ead7ca1d", "f0846981c40f676932f1e6c4e9fe1092", "fa1775aee4038942ee316a4275e32570"]	\N	2025-05-25 16:20:10.765054	2025-05-25 16:20:10.765054	\N
2218842a2afb6c8f32cea03ca8d96367	f911105d6ae5ea2d758200444c5b0705	["79a13f8a92ada409e9bf4bdcb540fd18", "61490b383cd171936c1928ba593b0886"]	\N	2025-06-02 00:43:04.091934	2025-06-02 00:43:04.091934	\N
6b7ca3a5042cccb487dfaae6d8b8eb2c	e088db8c0e2ddfe8abeba4d08aee7514	["18d5f3c4fd8dcb80e4c229f7bf87be3e", "41bb7b98303196092f8c9818dd37dcbc", "685e3e0db8a81023ce6d3c8d2b0206db", "ee9958348f1949da98f735d302c29471", "44a5bc5e8f460cd6e14ab4e1c3419420"]	\N	2025-06-02 11:05:00.563957	2025-06-02 11:05:00.563957	\N
606ef9a8b9620e5241e993ca8f8ceaf3	6b5ac25665dde7d7089361def0ad774a	["50755dfec6a304691fa7a9c9413cee46", "cde1197cf264a658295ceef3338924c6"]	\N	2025-06-04 12:50:00.098253	2025-06-04 12:50:00.098253	\N
33ef8c018798713244fe6cd9644f222d	28766046975205670f732e24baf0e3fc	["ec7d5d1e6e5f1ee7d15c3a5c43b5c18c", "12862fced9d890ea643cc5a7bff2eaf9"]	\N	2025-06-04 13:25:37.800585	2025-06-04 13:25:37.800585	\N
24c36099301f19ce8537acce73c55a82	13802c2fbc3cbce4d3227cc0b1c203a8	["85bf78b6f77b50fd79c403cf576d6097", "ff33a0523bddcdff9bff6cd053abc73a", "af8dfc48029506dab973c0ad113f2954", "38d3dad3aef2690130b58f41a49f8dc6", "2b5e6ceac60eabac03eff899365213f8", "ca37bc5325e6979af5a71f67f8d957d4", "e6f3588aad1bd1c1bfee0b51acd4690f", "22529f85e3cf3e2014474bcd530e993d"]	\N	2025-06-02 00:44:00.446971	2025-06-02 00:44:00.446971	\N
4c4e7f3368dd857c7cd841ed78559d3f	dde288c748878340022814ed4175da65	["aec206e99f13b68881a8a550d0061fdf", "1ede742af7437efe4c575b8f8bef2603", "c5430fb865391543714248cceb7a34bf", "274dfe769b77ea58d5666694878a5cd4", "fa50f27eef3195ca82c173815c5162c1"]	\N	2025-06-02 11:06:53.456566	2025-06-02 11:06:53.456566	\N
d75349160e604aafa3ae01fb3bc113bf	70d2d48037442a96274f1fe0f9f3eb9e	["c56fd781d958198a69835a3f145e1526", "0a3f4764f401239e39b9a524fc35a5bd"]	\N	2025-06-02 11:07:40.921332	2025-06-02 11:07:40.921332	\N
0ea9a5bb39f6cc56721692bc51f7fb6c	248dbe06e52e49a9de5e6da673a75a6f	["41578850c41271d672772b2da374033b", "9e50b665ea1396fc1f1f7d3dada9033f", "4e49c0bb109b76f8283de61c0a5c373d", "b74894a642448ca02f89fd79ceb88371", "afa5d05b1be296cc321e1e63bde3441d"]	\N	2025-06-04 19:51:31.591453	2025-06-04 19:51:31.591453	\N
71e4c36a30ae00b0a0b24c68cd202f9e	37c55f08d0550adada0434461e58dc37	["a488690a505c416508b2c19c14dde0c4", "f827bb2de334773af0fff609db825f43", "1f7a9b5112795dbeb4f19a93f0a95459", "c189c748b424f44107554f3a6e6919d7", "e2a68f93c949c63169fbbcc1162f7a6c", "07d172b2cfdb45192e431bae83f03e16", "36242f07541453dd16a4e1b596ef2ba9", "2882e214382019c45711e0e6bb283c55", "01e975876830f398159fcdb2e0b7dc10", "d712da4d6c41eeb11e2f879652ba1899"]	\N	2025-06-04 19:59:23.261979	2025-06-04 19:59:23.261979	\N
96b8bdc9fff0db4b562a7e6a0b8ffd91	08988ce8c099cedede742557edb0e3ec	["894aac80b70023d4c9d99ed44e2216ca", "3fed7b835612c098c7006f3869f0d54f", "a7fd723ae3c8b2fcefdace8fbd34a512", "72f868b4f7914e6ee5b0fdaa9b49f1b1", "1c4181abc5fe0bce3747dbdaa4614a7e", "69b6bc6c4cd895eecbd2de0452d69c13", "b407f4be2922a16883cbc85bd281314c", "42f63ff113b293df20d6725d2807ba1f", "8e5afa095bfd65393aceaf285bfa58d7", "177209f6e319783bdf786185b7f69f5a", "4bb6cd6a2a0a2febaa158f8693fb709a", "411c662ee973f85dcda2522d2eb5abd6", "999f0c4ef799a7be7159b0d97decb893", "a87c277453ab70fa4b65f69ea7c6f0ca", "8e4e8a23e1a48594774535fedeaf38f0", "a4344ba9de18a829d2755f2cece18645", "166a301fb7b4d4f8f6d47a1355d4827a", "cfd3c5babca8e3a0f9812f1365b44299", "dcbc6ec386fadf610302d991ba103c6e", "0e36827a1294542f950d789a8cc94681", "e0c4822efab27b351e5b8c7f9dd1a556", "b8047f5746fadf8f77c40bf09378b135", "9a3ad32a50be99f4dd371c0b2fe052f9", "cc742cee70ca5320af9951a4e4dfb4c0", "e5c8f7cbcde5acac8c49644a136cb0bd", "faf1dd4f6f7215cb73177ca93e5b0828", "4c4674415fd40e819ef9aab8ccf700a8", "b4cea869cf07085f7573d43ae891f396", "ed89d8e38cfc20c1813ea813e29c8a34", "88601a7ab2e3813c1f6e8618984da690", "74e7315de1b29c8b89936ffea13d7433", "273ee696086a18a3b834eeb8722d1271", "1e565e05a19ed01c4d23e8c48b7d450e", "6d1c06c2f49f8ba6d19a82119f080352", "65e166152c2b682f168a90dc2d98ea1b", "60505a29ae46e0fad94fc7530b87bca8", "9464d33be5471b74c998ea034cdaffb8", "9ce423d76176cea405473282f8609abc", "70fb1154f3bac57efa043f1dd06fe066", "d0d001c4b55ceef07ec6851297a9a1fd", "f6681e895158c5330992a8e6ea2438c8", "de5811e643f2f17b62847b7c4ff66d95", "12158ff61e834f7110b3e91dc699c840", "e00dc6e195f88580a1a69af046955a15", "842223eb7683abbe298080afd3ce1425", "f0e9cfb2764c6c52d20c2f153d909070", "2f2e5ce6007e74aa1bb54e7d276e744a", "7ea58e79861c0b4f24ebc692ad7635b6", "8dc8b439e097fb38344b1a9db99f7ea5", "d7285c9bcd545e5ede52706dff131103", "e9cfcf85d3e686e056f88602723fe7c0", "a553344d0c11e55e006019ff92325a1d", "4d0c76d3d5f03a934c09e102d9247d25", "3fccbe63e7575195a5735112feee4e9e", "e562ddf851ef151ee9e4befb05ef1d2d", "fdebcb9ff523e4a1bcef429d1e040472", "503a5c0eccf07ef0ea555eb1e56e0d21", "cf175b3c568dcf20ac383d4e5f6a8ab9", "46c9e7987d60f2928a40e7d5a66aad7f", "e87d98a8c303b7054beb4b057cd36656", "8c988af886cf7e11cca2c99e5d31bdf8", "a52bf25fe55285202b199c7274abbe72", "b3a84659d97cc4e894ae935215d1d1dc", "7343b35c6a7db573ac7065c5538cc08f", "5718d16e4e2b4dbfa740151dcf453650", "bd145a6e6bbfc0da6b00b2e7a344fe55", "b00f0717c9d2f9889ff4acdc46094a15", "f4e14d4e240747cdcfaeb2306590bc95", "ad4153bd18988690e1d93ce4e4eb1dbf", "5447f18fc9f8d7cfd701fb9dab4a38f7", "883e9a1e6a483e43784ba341707d25df"]	\N	2025-06-09 22:24:35.889563	2025-06-09 22:24:35.889563	\N
\.


--
-- Data for Name: messages; Type: TABLE DATA; Schema: public; Owner: postgres
--

COPY public.messages (id, session_id, role, content, message_type, token_count, provider, model, metadata, created_at, updated_at, deleted_at, file_urls) FROM stdin;
606594d7291b7c6304695656f5225261	3cdefe61af23fb0bb071c5f9655c8b68	USER	你好	TEXT	293	\N	\N	\N	2025-05-24 16:29:50.780118	2025-05-24 16:29:50.780118	\N	\N
700843560b6d3154c524d1f66bb27864	3cdefe61af23fb0bb071c5f9655c8b68	ASSISTANT	你好！有什么我可以帮助你的吗？	TEXT	9	d7e8b74f39554bac178bb6442e1f454d	gpt-4o-mini	\N	2025-05-24 16:29:52.90955	2025-05-24 16:29:52.90955	\N	\N
063479b99eea5fc27b190e5f960ad378	63ba51bbefad9f9ef22bf97780c80862	USER	你好	TEXT	293	\N	\N	\N	2025-05-24 16:30:33.375208	2025-05-24 16:30:33.375208	\N	\N
af0408418403334b0798c1b3f2ba4e0d	63ba51bbefad9f9ef22bf97780c80862	ASSISTANT	你好！有什么我可以帮助你的吗？	TEXT	9	d7e8b74f39554bac178bb6442e1f454d	gpt-4o-mini	\N	2025-05-24 16:30:35.023421	2025-05-24 16:30:35.023421	\N	\N
d8e9af6d6a9363c8b669da5f7d4112df	63ba51bbefad9f9ef22bf97780c80862	USER	你好	TEXT	1173	\N	\N	\N	2025-05-24 16:31:22.918176	2025-05-24 16:31:22.918176	\N	\N
b5f2cdca644007d83be5f57a3166d346	63ba51bbefad9f9ef22bf97780c80862	ASSISTANT	你好！有什么我可以帮助你的吗？	TEXT	10	d7e8b74f39554bac178bb6442e1f454d	gpt-4o-mini	\N	2025-05-24 16:32:01.155693	2025-05-24 16:32:01.155693	\N	\N
92cf7f44b4c4896b1344a94c74c16df9	0d02c5bf24c25a0da901c3cc07f3f073	SYSTEM	你好，我是你的前端网站部署助手，你可以向我提出画页面的需求，我会帮你完成并且部署	TEXT	0	\N	\N	\N	2025-05-24 16:38:02.575963	2025-05-24 16:38:02.575963	\N	\N
172ab526a10c03285b45524817403cae	0d02c5bf24c25a0da901c3cc07f3f073	ASSISTANT	执行工具：create_directory	TOOL_CALL	0	d7e8b74f39554bac178bb6442e1f454d	gpt-4o-mini	\N	2025-05-24 16:38:16.367409	2025-05-24 16:38:16.367409	\N	\N
4bcf4ee9ccbe6201fb750f2f7a655ef9	0d02c5bf24c25a0da901c3cc07f3f073	ASSISTANT	执行工具：write_file	TOOL_CALL	0	d7e8b74f39554bac178bb6442e1f454d	gpt-4o-mini	\N	2025-05-24 16:38:26.335938	2025-05-24 16:38:26.335938	\N	\N
e9ff8952228dc63322c227191179279e	0d02c5bf24c25a0da901c3cc07f3f073	ASSISTANT	执行工具：write_file	TOOL_CALL	0	d7e8b74f39554bac178bb6442e1f454d	gpt-4o-mini	\N	2025-05-24 16:38:26.358773	2025-05-24 16:38:26.358773	\N	\N
559b8f6be10e6ca803af354cc0b5922a	0d02c5bf24c25a0da901c3cc07f3f073	USER	我需要你帮我画一个炫酷的页面，程序员风格	TEXT	5118	\N	\N	\N	2025-05-24 16:38:13.959042	2025-05-24 16:38:13.959042	\N	\N
bc023c902f5ffc37d7681dfa496f52da	0d02c5bf24c25a0da901c3cc07f3f073	ASSISTANT	我已经为你创建了一个炫酷的程序员风格页面。以下是项目的文件结构：\n\n- **index.html**: 页面主结构\n- **app.js**: JavaScript 文件，当前简单打印一条信息\n\n### index.html 内容\n```html\n<!DOCTYPE html>\n<html lang="zh">\n<head>\n    <meta charset="UTF-8">\n    <meta name="viewport" content="width=device-width, initial-scale=1.0">\n    <title>炫酷的程序员风格页面</title>\n    <link href="https://cdn.jsdelivr.net/npm/tailwindcss@2.2.19/dist/tailwind.min.css" rel="stylesheet">\n</head>\n<body class="bg-gray-900 text-white">\n    <header class="flex justify-between items-center p-4">\n        <h1 class="text-3xl">程序员风格主页</h1>\n        <nav>\n            <ul class="flex space-x-4">\n                <li><a href="#" class="text-blue-400 hover:text-blue-300">首页</a></li>\n                <li><a href="#" class="text-blue-400 hover:text-blue-300">关于</a></li>\n                <li><a href="#" class="text-blue-400 hover:text-blue-300">联系</a></li>\n            </ul>\n        </nav>\n    </header>\n    <main class="flex flex-col items-center justify-center h-screen">\n        <h2 class="text-5xl mb-4">欢迎来到程序员世界!</h2>\n        <p class="text-xl mb-6">这里是一个展示编程艺术的地方。</p>\n        <button class="bg-blue-500 text-white px-4 py-2 rounded hover:bg-blue-400">立即体验</button>\n    </main>\n    <footer class="text-center p-4">\n        <p>&copy; 2023 程序员风格页面</p>\n    </footer>\n</body>\n</html>\n```\n\n### app.js 内容\n```javascript\n// 这里可以添加一些 JavaScript 代码来实现交互效果\nconsole.log('欢迎来到程序员风格页面!');\n```\n\n如果你希望增加其他功能或进行修改，请告诉我！	TEXT	990	d7e8b74f39554bac178bb6442e1f454d	gpt-4o-mini	\N	2025-05-24 16:38:35.626031	2025-05-24 16:38:35.626031	\N	\N
870d540943a9501caf4d4628c7d37a3d	0d02c5bf24c25a0da901c3cc07f3f073	USER	帮我部署	TEXT	0	\N	\N	\N	2025-05-24 16:38:40.76178	2025-05-24 16:38:40.76178	\N	\N
ecf3db0022bada2917692f0bbbbdc342	0d02c5bf24c25a0da901c3cc07f3f073	ASSISTANT	执行工具：surge_deploy	TOOL_CALL	0	d7e8b74f39554bac178bb6442e1f454d	gpt-4o-mini	\N	2025-05-24 16:38:43.182524	2025-05-24 16:38:43.182524	\N	\N
0335a3c3aa9f93a04b1be7fe1edc2477	0d02c5bf24c25a0da901c3cc07f3f073	USER	帮我部署	TEXT	0	\N	\N	\N	2025-05-24 16:39:04.257573	2025-05-24 16:39:04.257573	\N	\N
e38be56163455250543a5bc87c2b3992	0d02c5bf24c25a0da901c3cc07f3f073	ASSISTANT	执行工具：surge_deploy	TOOL_CALL	0	d7e8b74f39554bac178bb6442e1f454d	gpt-4o-mini	\N	2025-05-24 16:39:06.668001	2025-05-24 16:39:06.668001	\N	\N
b67931bf31c4559b53c1e42ccf40088e	0d02c5bf24c25a0da901c3cc07f3f073	ASSISTANT	执行工具：surge_deploy	TOOL_CALL	0	d7e8b74f39554bac178bb6442e1f454d	gpt-4o-mini	\N	2025-05-24 16:39:36.096563	2025-05-24 16:39:36.096563	\N	\N
773cba4fc6f7740d4d88ffb08e74ad70	0d02c5bf24c25a0da901c3cc07f3f073	USER	帮我部署	TEXT	4206	\N	\N	\N	2025-05-24 16:39:15.617292	2025-05-24 16:39:15.617292	\N	\N
c1b8703b13070a5cb1bf7f10c0c34aa9	0d02c5bf24c25a0da901c3cc07f3f073	ASSISTANT	在进行部署之前，我需要先登录到 Surge 帐户。请提供您的 Surge 帐户的邮箱和密码，以便我进行登录。	TEXT	56	d7e8b74f39554bac178bb6442e1f454d	gpt-4o-mini	\N	2025-05-24 16:39:38.71876	2025-05-24 16:39:38.71876	\N	\N
8869b98f07b783c418557490c07b5c6e	944636c9fd997d5ab0e5d95acbf25032	SYSTEM	你好，我是你的前端网站部署助手，你可以向我提出画页面的需求，我会帮你完成并且部署	TEXT	0	\N	\N	\N	2025-05-24 16:40:59.880437	2025-05-24 16:40:59.880437	\N	\N
3b698dfc5ccee85dff1ab1e36ec259a2	944636c9fd997d5ab0e5d95acbf25032	USER	酷炫的页面，程序员风格	TEXT	1503	\N	\N	\N	2025-05-24 16:41:07.227532	2025-05-24 16:41:07.227532	\N	\N
3bc9db7092f77f2da7f54599375afd2d	944636c9fd997d5ab0e5d95acbf25032	ASSISTANT	我们将创建一个酷炫的程序员风格页面。你希望这个页面具有什么样的内容？比如，是否需要展示个人资料、项目、技能、或者其他内容？另外，你是否有特定的色彩方案或设计元素偏好？	TEXT	57	d7e8b74f39554bac178bb6442e1f454d	gpt-4o-mini	\N	2025-05-24 16:41:10.321621	2025-05-24 16:41:10.321621	\N	\N
f8f2b0b41ffcbbe27059dfa0bcd5b416	944636c9fd997d5ab0e5d95acbf25032	ASSISTANT	执行工具：create_directory	TOOL_CALL	0	d7e8b74f39554bac178bb6442e1f454d	gpt-4o-mini	\N	2025-05-24 16:41:23.871027	2025-05-24 16:41:23.871027	\N	\N
aba7e25d73ef1b9c9dba5ab6a290ee46	944636c9fd997d5ab0e5d95acbf25032	ASSISTANT	执行工具：create_directory	TOOL_CALL	0	d7e8b74f39554bac178bb6442e1f454d	gpt-4o-mini	\N	2025-05-24 16:41:27.910413	2025-05-24 16:41:27.910413	\N	\N
753b47ffa40763b35f15a5e9f86bf6c8	944636c9fd997d5ab0e5d95acbf25032	ASSISTANT	执行工具：create_directory	TOOL_CALL	0	d7e8b74f39554bac178bb6442e1f454d	gpt-4o-mini	\N	2025-05-24 16:41:35.436609	2025-05-24 16:41:35.436609	\N	\N
5e084ce92e2c930dd631d0f179037c31	944636c9fd997d5ab0e5d95acbf25032	ASSISTANT	执行工具：create_directory	TOOL_CALL	0	d7e8b74f39554bac178bb6442e1f454d	gpt-4o-mini	\N	2025-05-24 16:41:41.930409	2025-05-24 16:41:41.930409	\N	\N
0b92e58e476fee890cfb53dc71c68b01	944636c9fd997d5ab0e5d95acbf25032	USER	中间显示b	TEXT	8435	\N	\N	\N	2025-05-24 16:41:17.817115	2025-05-24 16:41:17.817115	\N	\N
f19af79a1541845618032d0146c76c25	944636c9fd997d5ab0e5d95acbf25032	USER	b 站 xhyovo	TEXT	5367	\N	\N	\N	2025-05-24 16:41:59.457618	2025-05-24 16:41:59.457618	\N	\N
8f7cff79fa30f586dfd59125458d7296	944636c9fd997d5ab0e5d95acbf25032	USER	不需要，直接部署即可	TEXT	3721	\N	\N	\N	2025-05-24 16:42:27.952557	2025-05-24 16:42:27.952557	\N	\N
9e30db43cff127f2f2eb8cf361adf23a	4c7136406f93452fd2ce04b2eac51974	SYSTEM	你好，我是你的前端网站部署助手，你可以向我提出画页面的需求，我会帮你完成并且部署	TEXT	0	\N	\N	\N	2025-05-24 16:43:58.84995	2025-05-24 16:43:58.84995	\N	\N
6535ccd5c1282f75f5478ec8b62d2626	944636c9fd997d5ab0e5d95acbf25032	ASSISTANT	由于无法直接创建新项目目录，我们可以继续往已经存在的项目中进行开发。请告诉我一个现有项目的名称或确认我们以什么内容开始，比如创建一个简单的网页，在中间显示字母“b”。您希望这个字母有何样的风格或效果？	TEXT	134	d7e8b74f39554bac178bb6442e1f454d	gpt-4o-mini	\N	2025-05-24 16:41:44.348753	2025-05-24 16:41:44.348753	\N	\N
9544acba17bd3e79a50187bf1c4d1b36	944636c9fd997d5ab0e5d95acbf25032	ASSISTANT	执行工具：create_directory	TOOL_CALL	0	d7e8b74f39554bac178bb6442e1f454d	gpt-4o-mini	\N	2025-05-24 16:42:05.50406	2025-05-24 16:42:05.50406	\N	\N
a817d761a3ae395e2970512f2b8e49b8	944636c9fd997d5ab0e5d95acbf25032	ASSISTANT	执行工具：write_file	TOOL_CALL	0	d7e8b74f39554bac178bb6442e1f454d	gpt-4o-mini	\N	2025-05-24 16:42:13.373243	2025-05-24 16:42:13.373243	\N	\N
fce8c2dbc50037f4e11677335c10160c	944636c9fd997d5ab0e5d95acbf25032	ASSISTANT	执行工具：write_file	TOOL_CALL	0	d7e8b74f39554bac178bb6442e1f454d	gpt-4o-mini	\N	2025-05-24 16:42:15.237541	2025-05-24 16:42:15.237541	\N	\N
55496c500b6b39eead5d27cb51f103b5	944636c9fd997d5ab0e5d95acbf25032	ASSISTANT	我已经创建了一个新的项目目录 `b站xhyovo`，并在其中生成了一个基本的 HTML 页面。页面的中央显示了字母“b”，并采用了深灰色背景。\n\n目前的文件结构如下：\n- `index.html` - 主页面\n- `app.js` - 空的 JavaScript 文件（可以根据需要添加功能）\n\n接下来，你希望为页面添加什么内容或功能吗？比如，添加链接、按钮或者其它元素？	TEXT	324	d7e8b74f39554bac178bb6442e1f454d	gpt-4o-mini	\N	2025-05-24 16:42:20.026966	2025-05-24 16:42:20.026966	\N	\N
fe2f35de25bff58e7506c95cbe4af71f	944636c9fd997d5ab0e5d95acbf25032	ASSISTANT	执行工具：surge_deploy	TOOL_CALL	0	d7e8b74f39554bac178bb6442e1f454d	gpt-4o-mini	\N	2025-05-24 16:42:33.790737	2025-05-24 16:42:33.790737	\N	\N
5574e1f6446de68b5109c74d2a4ca284	944636c9fd997d5ab0e5d95acbf25032	ASSISTANT	在进行部署之前，我需要先登录到 Surge 账户。请提供您的 Surge 账户邮箱和密码，以便我能够完成此操作。请注意，我不会记录或存储您的敏感信息。	TEXT	65	d7e8b74f39554bac178bb6442e1f454d	gpt-4o-mini	\N	2025-05-24 16:42:36.120598	2025-05-24 16:42:36.120598	\N	\N
f8b85d1152ee52b583afce49b01e938a	4c7136406f93452fd2ce04b2eac51974	ASSISTANT	执行工具：create_directory	TOOL_CALL	0	d7e8b74f39554bac178bb6442e1f454d	gpt-4o-mini	\N	2025-05-24 16:44:18.375669	2025-05-24 16:44:18.375669	\N	\N
f83dc2f7da890a5bd29e77b18674ab82	4c7136406f93452fd2ce04b2eac51974	ASSISTANT	执行工具：create_directory	TOOL_CALL	0	d7e8b74f39554bac178bb6442e1f454d	gpt-4o-mini	\N	2025-05-24 16:44:23.250034	2025-05-24 16:44:23.250034	\N	\N
abe1f73281149a1b1e2e1c3ddeeea70b	4c7136406f93452fd2ce04b2eac51974	ASSISTANT	执行工具：create_directory	TOOL_CALL	0	d7e8b74f39554bac178bb6442e1f454d	gpt-4o-mini	\N	2025-05-24 16:44:28.9938	2025-05-24 16:44:28.9938	\N	\N
7553c37f10c301fd6e9f5e912bdf0846	4c7136406f93452fd2ce04b2eac51974	ASSISTANT	执行工具：create_directory	TOOL_CALL	0	d7e8b74f39554bac178bb6442e1f454d	gpt-4o-mini	\N	2025-05-24 16:44:33.531566	2025-05-24 16:44:33.531566	\N	\N
1d1170c3236725fbb06e18d6e41b77e5	4c7136406f93452fd2ce04b2eac51974	ASSISTANT	执行工具：create_directory	TOOL_CALL	0	d7e8b74f39554bac178bb6442e1f454d	gpt-4o-mini	\N	2025-05-24 16:44:38.081981	2025-05-24 16:44:38.081981	\N	\N
e014d83335151c96954824b3a554c803	4c7136406f93452fd2ce04b2eac51974	ASSISTANT	执行工具：create_directory	TOOL_CALL	0	d7e8b74f39554bac178bb6442e1f454d	gpt-4o-mini	\N	2025-05-24 16:44:42.356743	2025-05-24 16:44:42.356743	\N	\N
017b0cc6881bfa652b4b3c095fe9d4dd	4c7136406f93452fd2ce04b2eac51974	ASSISTANT	执行工具：create_directory	TOOL_CALL	0	d7e8b74f39554bac178bb6442e1f454d	gpt-4o-mini	\N	2025-05-24 16:44:45.580057	2025-05-24 16:44:45.580057	\N	\N
aef9a37ed6478c1dbc75a57621cc85d9	4c7136406f93452fd2ce04b2eac51974	USER	帮我创建一个个人播客的首页，我需要极简风格	TEXT	13764	\N	\N	\N	2025-05-24 16:44:14.165258	2025-05-24 16:44:14.165258	\N	\N
40ba3374e06dacc0a6964b2e6598aa1a	4c7136406f93452fd2ce04b2eac51974	ASSISTANT	创建新项目的过程中遇到了问题。由于权限限制，我无法在特定路径下创建项目目录。请您为我提供一个可用的项目名称或目录路径，以便我进行创建并继续开发您的个人播客首页。	TEXT	174	d7e8b74f39554bac178bb6442e1f454d	gpt-4o-mini	\N	2025-05-24 16:44:47.995209	2025-05-24 16:44:47.995209	\N	\N
c45cbd747392c7905b2f5784274148f0	b3d5443d70cfd9e9efcf4aecee9dba6c	SYSTEM	你好，我是你的前端网站部署助手，你可以向我提出画页面的需求，我会帮你完成并且部署	TEXT	0	\N	\N	\N	2025-05-24 16:46:24.224434	2025-05-24 16:46:24.224434	\N	\N
fefc89253a328509a26d15ea1e5ec98f	b3d5443d70cfd9e9efcf4aecee9dba6c	ASSISTANT	执行工具：create_directory	TOOL_CALL	0	d7e8b74f39554bac178bb6442e1f454d	gpt-4o-mini	\N	2025-05-24 16:46:28.607517	2025-05-24 16:46:28.607517	\N	\N
edc391e949c933999807f86f191476d0	b3d5443d70cfd9e9efcf4aecee9dba6c	ASSISTANT	执行工具：write_file	TOOL_CALL	0	d7e8b74f39554bac178bb6442e1f454d	gpt-4o-mini	\N	2025-05-24 16:46:36.977006	2025-05-24 16:46:36.977006	\N	\N
015b6d0a2f79fe645639be2239be0a65	b3d5443d70cfd9e9efcf4aecee9dba6c	USER	帮我创建一个个人播客的首页，我需要极简风格	TEXT	5197	\N	\N	\N	2025-05-24 16:46:25.940579	2025-05-24 16:46:25.940579	\N	\N
a376b50b2e9e3e977471618c2e532bd4	b3d5443d70cfd9e9efcf4aecee9dba6c	ASSISTANT	我已为您创建了一个极简风格的个人播客首页。以下是生成的 HTML 代码结构：\n\n- **标题**: 我的播客\n- **最新剧集**: 包含剧集标题、描述和音频播放器\n- **关于播客**: 描述播客的主题和背景\n- **页脚**: 版权信息\n\n您可以在 [个人播客首页](etc/proxy/code/personal-podcast-homepage/index.html) 查看这个页面。\n\n如果您有其他需求，例如添加更多功能或样式，请随时告诉我！	TEXT	641	d7e8b74f39554bac178bb6442e1f454d	gpt-4o-mini	\N	2025-05-24 16:46:40.732136	2025-05-24 16:46:40.732136	\N	\N
f890a0faf0e756229d2226cae64ead67	dfa235c52f4f760356ddea87b2143f86	SYSTEM	你好，我是你的前端网站部署助手，你可以向我提出画页面的需求，我会帮你完成并且部署	TEXT	0	\N	\N	\N	2025-05-24 16:51:19.900781	2025-05-24 16:51:19.900781	\N	\N
bf729001d19a6166a8ea2571da8e6281	dfa235c52f4f760356ddea87b2143f86	ASSISTANT	执行工具：create_directory	TOOL_CALL	0	d7e8b74f39554bac178bb6442e1f454d	gpt-4o-mini	\N	2025-05-24 16:51:53.215921	2025-05-24 16:51:53.215921	\N	\N
5eebcbc174bcd404358b7bc1dd45521f	dfa235c52f4f760356ddea87b2143f86	ASSISTANT	执行工具：write_file	TOOL_CALL	0	d7e8b74f39554bac178bb6442e1f454d	gpt-4o-mini	\N	2025-05-24 16:52:25.205862	2025-05-24 16:52:25.205862	\N	\N
1fd1ab5a83b22dfa661a95a7487f8bb9	dfa235c52f4f760356ddea87b2143f86	ASSISTANT	执行工具：write_file	TOOL_CALL	0	d7e8b74f39554bac178bb6442e1f454d	gpt-4o-mini	\N	2025-05-24 16:52:25.22806	2025-05-24 16:52:25.22806	\N	\N
170e3465c2e52a4262b2776f3ff0439c	dfa235c52f4f760356ddea87b2143f86	USER	帮我创建一个程序员风格的个人博客首页	TEXT	5346	\N	\N	\N	2025-05-24 16:51:40.619695	2025-05-24 16:51:40.619695	\N	\N
6f9de67711261544f044ea26a7d56698	dfa235c52f4f760356ddea87b2143f86	USER	部署	TEXT	0	\N	\N	\N	2025-05-24 16:52:51.12029	2025-05-24 16:52:51.12029	\N	\N
a0a909356b70b40672b3dcfc209099a4	f51295bf9d83ee0f197486f6c76d2f22	ASSISTANT	执行工具：create_directory	TOOL_CALL	0	d7e8b74f39554bac178bb6442e1f454d	gpt-4o-mini	\N	2025-05-24 18:12:29.01521	2025-05-24 18:12:29.01521	2025-05-24 18:15:42.155667	\N
795b53dd7fef310aa811797612dc1b56	f51295bf9d83ee0f197486f6c76d2f22	ASSISTANT	执行工具：create_directory	TOOL_CALL	0	d7e8b74f39554bac178bb6442e1f454d	gpt-4o-mini	\N	2025-05-24 18:12:31.312247	2025-05-24 18:12:31.312247	2025-05-24 18:15:42.155667	\N
bb9da962980df5781795f91a969af95e	f51295bf9d83ee0f197486f6c76d2f22	ASSISTANT	执行工具：create_directory	TOOL_CALL	0	d7e8b74f39554bac178bb6442e1f454d	gpt-4o-mini	\N	2025-05-24 18:12:33.663736	2025-05-24 18:12:33.663736	2025-05-24 18:15:42.155667	\N
12fc04687ed47c495de0d4fd959c5391	dfa235c52f4f760356ddea87b2143f86	ASSISTANT	我已经为你创建了一个程序员风格的个人博客首页。项目结构如下：\n\n```\nprogrammer-blog/\n├── index.html\n└── app.js\n```\n\n### `index.html` 内容\n```html\n<!DOCTYPE html>\n<html lang="en">\n<head>\n    <meta charset="UTF-8">\n    <meta name="viewport" content="width=device-width, initial-scale=1.0">\n    <title>程序员博客首页</title>\n    <link href="https://cdn.jsdelivr.net/npm/tailwindcss@2.2.19/dist/tailwind.min.css" rel="stylesheet">\n</head>\n<body class="bg-gray-100 text-gray-800">\n    <header class="bg-blue-600 text-white p-4">\n        <h1 class="text-2xl font-bold">程序员的个人博客</h1>\n        <nav class="mt-2">\n            <ul class="flex space-x-4">\n                <li><a href="#" class="hover:underline">首页</a></li>\n                <li><a href="#" class="hover:underline">关于我</a></li>\n                <li><a href="#" class="hover:underline">文章</a></li>\n                <li><a href="#" class="hover:underline">联系我</a></li>\n            </ul>\n        </nav>\n    </header>\n    <main class="p-8">\n        <h2 class="text-xl font-semibold mb-4">最新文章</h2>\n        <div class="grid grid-cols-1 md:grid-cols-2 lg:grid-cols-3 gap-4">\n            <article class="bg-white p-4 rounded shadow">\n                <h3 class="text-lg font-semibold">文章标题 1</h3>\n                <p class="mt-2">文章摘要 1</p>\n                <a href="#" class="text-blue-600 hover:underline mt-2 inline-block">阅读全文</a>\n            </article>\n            <article class="bg-white p-4 rounded shadow">\n                <h3 class="text-lg font-semibold">文章标题 2</h3>\n                <p class="mt-2">文章摘要 2</p>\n                <a href="#" class="text-blue-600 hover:underline mt-2 inline-block">阅读全文</a>\n            </article>\n            <article class="bg-white p-4 rounded shadow">\n                <h3 class="text-lg font-semibold">文章标题 3</h3>\n                <p class="mt-2">文章摘要 3</p>\n                <a href="#" class="text-blue-600 hover:underline mt-2 inline-block">阅读全文</a>\n            </article>\n        </div>\n    </main>\n    <footer class="bg-gray-800 text-white text-center p-4">\n        <p>&copy; 2023 程序员博客. 保留所有权利.</p>\n    </footer>\n</body>\n</html>\n```\n\n### `app.js` 内容\n```javascript\n// 这里可以添加 JavaScript 逻辑\nconsole.log('程序员博客首页已加载！');\n```\n\n接下来，你是否需要我进行任何修改，或者想要部署这个网站呢？	TEXT	1419	d7e8b74f39554bac178bb6442e1f454d	gpt-4o-mini	\N	2025-05-24 16:52:43.992753	2025-05-24 16:52:43.992753	\N	\N
f1653e7f632c93c7cf50bf9c1eb0a243	dfa235c52f4f760356ddea87b2143f86	ASSISTANT	执行工具：surge_login	TOOL_CALL	0	d7e8b74f39554bac178bb6442e1f454d	gpt-4o-mini	\N	2025-05-24 17:53:33.772619	2025-05-24 17:53:33.772619	\N	\N
7b0741fa8f6e67ad46e996fe7264b786	dfa235c52f4f760356ddea87b2143f86	ASSISTANT	执行工具：surge_deploy	TOOL_CALL	0	d7e8b74f39554bac178bb6442e1f454d	gpt-4o-mini	\N	2025-05-24 17:53:40.555314	2025-05-24 17:53:40.555314	\N	\N
c2041882beda450398adf391de3fc089	dfa235c52f4f760356ddea87b2143f86	USER	部署	TEXT	6818	\N	\N	\N	2025-05-24 17:53:09.122499	2025-05-24 17:53:09.122499	\N	\N
3416d7192eed4da80770ea96a7b5e9e9	dfa235c52f4f760356ddea87b2143f86	ASSISTANT	你的程序员风格的个人博客首页已经成功部署！你可以通过以下链接访问：\n\n[https://ow98prbixe.surge.sh](https://ow98prbixe.surge.sh)\n\n如果你还有其他需求或需要进一步修改，请告诉我！	TEXT	86	d7e8b74f39554bac178bb6442e1f454d	gpt-4o-mini	\N	2025-05-24 17:53:42.806765	2025-05-24 17:53:42.806765	\N	\N
bd969bd690d563f180a58063732021cc	a2ffa66803d380f38c2c556d7915c179	SYSTEM	你好，我是你的前端网站部署助手，你可以向我提出画页面的需求，我会帮你完成并且部署	TEXT	0	\N	\N	\N	2025-05-24 18:06:51.335282	2025-05-24 18:06:51.335282	2025-05-24 18:10:40.99733	\N
74e5620db9972315ca39136c9b38121b	a2ffa66803d380f38c2c556d7915c179	USER	帮我创建一个程序员风格的个人博客首页	TEXT	0	\N	\N	\N	2025-05-24 18:06:53.268081	2025-05-24 18:06:53.268081	2025-05-24 18:10:40.99733	\N
f036683cfbdcd1b463e86680e7632102	b7b0181b288156f87cf627bcd870f0f3	SYSTEM	你好，我是你的前端网站部署助手，你可以向我提出画页面的需求，我会帮你完成并且部署	TEXT	0	\N	\N	\N	2025-05-24 18:10:41.775247	2025-05-24 18:10:41.775247	\N	\N
c841f56daa1b794d42c0d771c9c19009	b7b0181b288156f87cf627bcd870f0f3	ASSISTANT	执行工具：create_directory	TOOL_CALL	0	d7e8b74f39554bac178bb6442e1f454d	gpt-4o-mini	\N	2025-05-24 18:10:47.281316	2025-05-24 18:10:47.281316	\N	\N
cbcd60674515dde24fc3cca0f9d06f69	b7b0181b288156f87cf627bcd870f0f3	ASSISTANT	执行工具：list_allowed_directories	TOOL_CALL	0	d7e8b74f39554bac178bb6442e1f454d	gpt-4o-mini	\N	2025-05-24 18:10:48.913533	2025-05-24 18:10:48.913533	\N	\N
c90178199625cd146e84e89f02f7e243	b7b0181b288156f87cf627bcd870f0f3	ASSISTANT	执行工具：create_directory	TOOL_CALL	0	d7e8b74f39554bac178bb6442e1f454d	gpt-4o-mini	\N	2025-05-24 18:10:50.888706	2025-05-24 18:10:50.888706	\N	\N
d206df3a9ff4abc2962b778c47f3b5cc	b7b0181b288156f87cf627bcd870f0f3	ASSISTANT	执行工具：write_file	TOOL_CALL	0	d7e8b74f39554bac178bb6442e1f454d	gpt-4o-mini	\N	2025-05-24 18:11:04.486655	2025-05-24 18:11:04.486655	\N	\N
6ecb6efff2955a614ad20cab0922b38f	b7b0181b288156f87cf627bcd870f0f3	ASSISTANT	执行工具：write_file	TOOL_CALL	0	d7e8b74f39554bac178bb6442e1f454d	gpt-4o-mini	\N	2025-05-24 18:11:04.510892	2025-05-24 18:11:04.510892	\N	\N
63ffce9a0832c6a69b0aeb253f3705d5	b7b0181b288156f87cf627bcd870f0f3	ASSISTANT	我已经为您创建了一个程序员风格的个人博客首页，以下是项目结构：\n\n```\n/etc/proxy/programmer-blog/\n    ├── index.html\n    └── app.js\n```\n\n### `index.html`:\n这是博客的主体HTML文件，包含了博客标题、几篇示例文章。\n\n### `app.js`:\n此文件是一个空的JavaScript文件，可根据需要添加功能。\n\n接下来，我将使用 Surge 部署这个项目并为您生成一个访问链接。首先，我会登录到 Surge。请稍等。	TEXT	0	d7e8b74f39554bac178bb6442e1f454d	gpt-4o-mini	\N	2025-05-24 18:11:11.168509	2025-05-24 18:11:11.168509	\N	\N
8e6d56324cc948c6afe4f37b91933157	b7b0181b288156f87cf627bcd870f0f3	ASSISTANT	执行工具：surge_login	TOOL_CALL	0	d7e8b74f39554bac178bb6442e1f454d	gpt-4o-mini	\N	2025-05-24 18:11:11.213942	2025-05-24 18:11:11.213942	\N	\N
ca7ca9e5cd7178ba67221992d676489b	b7b0181b288156f87cf627bcd870f0f3	ASSISTANT	执行工具：surge_deploy	TOOL_CALL	0	d7e8b74f39554bac178bb6442e1f454d	gpt-4o-mini	\N	2025-05-24 18:11:18.787442	2025-05-24 18:11:18.787442	\N	\N
0351d7010b256444c634ef6a9e72e251	b7b0181b288156f87cf627bcd870f0f3	USER	帮我创建一个程序员风格的个人博客首页	TEXT	14211	\N	\N	\N	2025-05-24 18:10:44.484104	2025-05-24 18:10:44.484104	\N	\N
8acf97edbc80f13ff6c6d5d58ae36a77	b7b0181b288156f87cf627bcd870f0f3	ASSISTANT	您的程序员风格个人博客已成功部署！您可以通过以下链接访问：\n\n[访问个人博客](https://4b0q3wfcyu.surge.sh)\n\n如果您需要进一步的修改或优化，欢迎告诉我！	TEXT	912	d7e8b74f39554bac178bb6442e1f454d	gpt-4o-mini	\N	2025-05-24 18:11:11.168509	2025-05-24 18:11:11.168509	\N	\N
74dff909ee2cc0360b491e15e919644c	f51295bf9d83ee0f197486f6c76d2f22	SYSTEM	你好，我是你的前端网站部署助手，你可以向我提出画页面的需求，我会帮你完成并且部署	TEXT	0	\N	\N	\N	2025-05-24 18:11:38.311837	2025-05-24 18:11:38.311837	2025-05-24 18:15:42.155667	\N
300268d6ddc50ddc0637cdf891cf2b66	f51295bf9d83ee0f197486f6c76d2f22	USER	帮我写一个个人播客的静态页面，需要包含首页，播客列表，评论，数据你需要 mock	TEXT	0	\N	\N	\N	2025-05-24 18:12:12.620506	2025-05-24 18:12:12.620506	2025-05-24 18:15:42.155667	\N
85f1d44250a25e19c2bc1e4e79138d66	f51295bf9d83ee0f197486f6c76d2f22	ASSISTANT	执行工具：create_directory	TOOL_CALL	0	d7e8b74f39554bac178bb6442e1f454d	gpt-4o-mini	\N	2025-05-24 18:12:15.10255	2025-05-24 18:12:15.10255	2025-05-24 18:15:42.155667	\N
a2417d68da94337e55b370397d87e0dd	f51295bf9d83ee0f197486f6c76d2f22	ASSISTANT	执行工具：create_directory	TOOL_CALL	0	d7e8b74f39554bac178bb6442e1f454d	gpt-4o-mini	\N	2025-05-24 18:12:23.08302	2025-05-24 18:12:23.08302	2025-05-24 18:15:42.155667	\N
d485019e88706d354baff4f31327278e	f51295bf9d83ee0f197486f6c76d2f22	ASSISTANT	执行工具：create_directory	TOOL_CALL	0	d7e8b74f39554bac178bb6442e1f454d	gpt-4o-mini	\N	2025-05-24 18:12:25.201505	2025-05-24 18:12:25.201505	2025-05-24 18:15:42.155667	\N
40643109e093f05006f1cc5ea84668c8	f51295bf9d83ee0f197486f6c76d2f22	ASSISTANT	执行工具：create_directory	TOOL_CALL	0	d7e8b74f39554bac178bb6442e1f454d	gpt-4o-mini	\N	2025-05-24 18:12:27.089407	2025-05-24 18:12:27.089407	2025-05-24 18:15:42.155667	\N
5fc5057ab30bda82de1212d4fc668919	f51295bf9d83ee0f197486f6c76d2f22	ASSISTANT	执行工具：create_directory	TOOL_CALL	0	d7e8b74f39554bac178bb6442e1f454d	gpt-4o-mini	\N	2025-05-24 18:12:17.14051	2025-05-24 18:12:17.14051	2025-05-24 18:15:42.155667	\N
a64d475204774aebf0de793da26ae105	f51295bf9d83ee0f197486f6c76d2f22	ASSISTANT	执行工具：create_directory	TOOL_CALL	0	d7e8b74f39554bac178bb6442e1f454d	gpt-4o-mini	\N	2025-05-24 18:12:19.035508	2025-05-24 18:12:19.035508	2025-05-24 18:15:42.155667	\N
775133166071cc5618d3e17fb323f908	f51295bf9d83ee0f197486f6c76d2f22	ASSISTANT	执行工具：create_directory	TOOL_CALL	0	d7e8b74f39554bac178bb6442e1f454d	gpt-4o-mini	\N	2025-05-24 18:12:20.958427	2025-05-24 18:12:20.958427	2025-05-24 18:15:42.155667	\N
6177eac11a3439a34c1c86b0e7d3f9a6	f51295bf9d83ee0f197486f6c76d2f22	ASSISTANT	执行工具：create_directory	TOOL_CALL	0	d7e8b74f39554bac178bb6442e1f454d	gpt-4o-mini	\N	2025-05-24 18:12:35.629616	2025-05-24 18:12:35.629616	2025-05-24 18:15:42.155667	\N
311cc8364df1b67ee4b362aaba7b178d	f51295bf9d83ee0f197486f6c76d2f22	ASSISTANT	执行工具：create_directory	TOOL_CALL	0	d7e8b74f39554bac178bb6442e1f454d	gpt-4o-mini	\N	2025-05-24 18:12:37.592354	2025-05-24 18:12:37.592354	2025-05-24 18:15:42.155667	\N
9c2b612fe1b4dbcb9e96442df252cf2a	f51295bf9d83ee0f197486f6c76d2f22	ASSISTANT	执行工具：create_directory	TOOL_CALL	0	d7e8b74f39554bac178bb6442e1f454d	gpt-4o-mini	\N	2025-05-24 18:12:39.536644	2025-05-24 18:12:39.536644	2025-05-24 18:15:42.155667	\N
18fc5e45d56704c4ead374df26dd0bd4	f51295bf9d83ee0f197486f6c76d2f22	ASSISTANT	执行工具：create_directory	TOOL_CALL	0	d7e8b74f39554bac178bb6442e1f454d	gpt-4o-mini	\N	2025-05-24 18:12:41.424236	2025-05-24 18:12:41.424236	2025-05-24 18:15:42.155667	\N
0c32e3c81b67fa632f2768409c0e8ea4	f51295bf9d83ee0f197486f6c76d2f22	ASSISTANT	执行工具：create_directory	TOOL_CALL	0	d7e8b74f39554bac178bb6442e1f454d	gpt-4o-mini	\N	2025-05-24 18:12:43.428739	2025-05-24 18:12:43.428739	2025-05-24 18:15:42.155667	\N
a387b03b80071ffe7c1a345c074123d2	f51295bf9d83ee0f197486f6c76d2f22	ASSISTANT	执行工具：create_directory	TOOL_CALL	0	d7e8b74f39554bac178bb6442e1f454d	gpt-4o-mini	\N	2025-05-24 18:12:45.492117	2025-05-24 18:12:45.492117	2025-05-24 18:15:42.155667	\N
5d8a58410e85149b106c02801d3fd934	f51295bf9d83ee0f197486f6c76d2f22	ASSISTANT	执行工具：create_directory	TOOL_CALL	0	d7e8b74f39554bac178bb6442e1f454d	gpt-4o-mini	\N	2025-05-24 18:12:47.598661	2025-05-24 18:12:47.598661	2025-05-24 18:15:42.155667	\N
1c3e000e0a5d0d265c2c84a0241e68e1	f51295bf9d83ee0f197486f6c76d2f22	ASSISTANT	执行工具：create_directory	TOOL_CALL	0	d7e8b74f39554bac178bb6442e1f454d	gpt-4o-mini	\N	2025-05-24 18:12:49.522206	2025-05-24 18:12:49.522206	2025-05-24 18:15:42.155667	\N
6eeb9552f5ad3ce9406102e175399776	f51295bf9d83ee0f197486f6c76d2f22	ASSISTANT	执行工具：create_directory	TOOL_CALL	0	d7e8b74f39554bac178bb6442e1f454d	gpt-4o-mini	\N	2025-05-24 18:12:51.485104	2025-05-24 18:12:51.485104	2025-05-24 18:15:42.155667	\N
d89b6fdf1966518b4964cb195242f9f4	f51295bf9d83ee0f197486f6c76d2f22	ASSISTANT	执行工具：create_directory	TOOL_CALL	0	d7e8b74f39554bac178bb6442e1f454d	gpt-4o-mini	\N	2025-05-24 18:12:53.449042	2025-05-24 18:12:53.449042	2025-05-24 18:15:42.155667	\N
e332d20c246f9f9f3485ee271b6b22c2	f51295bf9d83ee0f197486f6c76d2f22	ASSISTANT	执行工具：create_directory	TOOL_CALL	0	d7e8b74f39554bac178bb6442e1f454d	gpt-4o-mini	\N	2025-05-24 18:12:55.801327	2025-05-24 18:12:55.801327	2025-05-24 18:15:42.155667	\N
6d65fd6a2c3a8a3872d50e4e493c299f	f51295bf9d83ee0f197486f6c76d2f22	ASSISTANT	执行工具：create_directory	TOOL_CALL	0	d7e8b74f39554bac178bb6442e1f454d	gpt-4o-mini	\N	2025-05-24 18:12:57.76176	2025-05-24 18:12:57.76176	2025-05-24 18:15:42.155667	\N
bae2d89b802011e982f5ec9b3481fe5a	f51295bf9d83ee0f197486f6c76d2f22	ASSISTANT	执行工具：create_directory	TOOL_CALL	0	d7e8b74f39554bac178bb6442e1f454d	gpt-4o-mini	\N	2025-05-24 18:12:59.747259	2025-05-24 18:12:59.747259	2025-05-24 18:15:42.155667	\N
e2d525907573c72fc117b2ac4bbdb000	f51295bf9d83ee0f197486f6c76d2f22	ASSISTANT	执行工具：create_directory	TOOL_CALL	0	d7e8b74f39554bac178bb6442e1f454d	gpt-4o-mini	\N	2025-05-24 18:13:01.70187	2025-05-24 18:13:01.70187	2025-05-24 18:15:42.155667	\N
4c22863a6ad823488b89ac3f2294ef75	f51295bf9d83ee0f197486f6c76d2f22	ASSISTANT	执行工具：create_directory	TOOL_CALL	0	d7e8b74f39554bac178bb6442e1f454d	gpt-4o-mini	\N	2025-05-24 18:13:03.679741	2025-05-24 18:13:03.679741	2025-05-24 18:15:42.155667	\N
f2e2c13656554938de806f7cfbf70ae2	f51295bf9d83ee0f197486f6c76d2f22	ASSISTANT	执行工具：create_directory	TOOL_CALL	0	d7e8b74f39554bac178bb6442e1f454d	gpt-4o-mini	\N	2025-05-24 18:13:05.79606	2025-05-24 18:13:05.79606	2025-05-24 18:15:42.155667	\N
da65db4dbbd72ed2c84f1040feaedd84	f51295bf9d83ee0f197486f6c76d2f22	ASSISTANT	执行工具：create_directory	TOOL_CALL	0	d7e8b74f39554bac178bb6442e1f454d	gpt-4o-mini	\N	2025-05-24 18:13:07.797188	2025-05-24 18:13:07.797188	2025-05-24 18:15:42.155667	\N
17802b6da3ded5d64bb3faab7d18a9ae	f51295bf9d83ee0f197486f6c76d2f22	ASSISTANT	执行工具：create_directory	TOOL_CALL	0	d7e8b74f39554bac178bb6442e1f454d	gpt-4o-mini	\N	2025-05-24 18:13:09.8469	2025-05-24 18:13:09.8469	2025-05-24 18:15:42.155667	\N
064c174c918b739a72fbee3bfaaae19d	f51295bf9d83ee0f197486f6c76d2f22	ASSISTANT	执行工具：create_directory	TOOL_CALL	0	d7e8b74f39554bac178bb6442e1f454d	gpt-4o-mini	\N	2025-05-24 18:13:12.135338	2025-05-24 18:13:12.135338	2025-05-24 18:15:42.155667	\N
148dff02928b3e9b7266551faef56977	f51295bf9d83ee0f197486f6c76d2f22	ASSISTANT	执行工具：create_directory	TOOL_CALL	0	d7e8b74f39554bac178bb6442e1f454d	gpt-4o-mini	\N	2025-05-24 18:13:14.172424	2025-05-24 18:13:14.172424	2025-05-24 18:15:42.155667	\N
64d6bfce227a071fa204059d3c9b3712	f51295bf9d83ee0f197486f6c76d2f22	ASSISTANT	执行工具：create_directory	TOOL_CALL	0	d7e8b74f39554bac178bb6442e1f454d	gpt-4o-mini	\N	2025-05-24 18:13:16.196355	2025-05-24 18:13:16.196355	2025-05-24 18:15:42.155667	\N
044c33fd8f95b21dec3befd8c5572ac2	f51295bf9d83ee0f197486f6c76d2f22	ASSISTANT	执行工具：create_directory	TOOL_CALL	0	d7e8b74f39554bac178bb6442e1f454d	gpt-4o-mini	\N	2025-05-24 18:13:18.144828	2025-05-24 18:13:18.144828	2025-05-24 18:15:42.155667	\N
f2cd8f13fae4144b9bea82f3be6256d3	f51295bf9d83ee0f197486f6c76d2f22	ASSISTANT	执行工具：create_directory	TOOL_CALL	0	d7e8b74f39554bac178bb6442e1f454d	gpt-4o-mini	\N	2025-05-24 18:13:20.215858	2025-05-24 18:13:20.215858	2025-05-24 18:15:42.155667	\N
b1601df483b31b95152fbc24984d245d	f51295bf9d83ee0f197486f6c76d2f22	ASSISTANT	执行工具：create_directory	TOOL_CALL	0	d7e8b74f39554bac178bb6442e1f454d	gpt-4o-mini	\N	2025-05-24 18:13:22.274117	2025-05-24 18:13:22.274117	2025-05-24 18:15:42.155667	\N
af07541549f923e5a7d3cf6ae2649436	f51295bf9d83ee0f197486f6c76d2f22	ASSISTANT	执行工具：create_directory	TOOL_CALL	0	d7e8b74f39554bac178bb6442e1f454d	gpt-4o-mini	\N	2025-05-24 18:13:25.103893	2025-05-24 18:13:25.103893	2025-05-24 18:15:42.155667	\N
c02434c3b979c2473149c64abb629a4e	f51295bf9d83ee0f197486f6c76d2f22	ASSISTANT	执行工具：create_directory	TOOL_CALL	0	d7e8b74f39554bac178bb6442e1f454d	gpt-4o-mini	\N	2025-05-24 18:13:27.240024	2025-05-24 18:13:27.240024	2025-05-24 18:15:42.155667	\N
79b7720d20bd85f5132f5e494a5d9cf5	f51295bf9d83ee0f197486f6c76d2f22	ASSISTANT	执行工具：create_directory	TOOL_CALL	0	d7e8b74f39554bac178bb6442e1f454d	gpt-4o-mini	\N	2025-05-24 18:13:29.852709	2025-05-24 18:13:29.852709	2025-05-24 18:15:42.155667	\N
53e1d6afe61a7d7008084e056dbf5df5	ad02f26957b4c2ca8f40af252f72d0a5	SYSTEM	你好，我是你的前端网站部署助手，你可以向我提出画页面的需求，我会帮你完成并且部署	TEXT	0	\N	\N	\N	2025-05-24 18:15:42.814367	2025-05-24 18:15:42.814367	\N	\N
7f8e71b2679601bd75b68ee59acc48b2	ad02f26957b4c2ca8f40af252f72d0a5	ASSISTANT	执行工具：create_directory	TOOL_CALL	0	d7e8b74f39554bac178bb6442e1f454d	gpt-4o-mini	\N	2025-05-24 18:15:47.696003	2025-05-24 18:15:47.696003	\N	\N
12be5381354c3754f71753bbd8ac0cef	ad02f26957b4c2ca8f40af252f72d0a5	ASSISTANT	执行工具：write_file	TOOL_CALL	0	d7e8b74f39554bac178bb6442e1f454d	gpt-4o-mini	\N	2025-05-24 18:16:24.596365	2025-05-24 18:16:24.596365	\N	\N
863ed9ece6877bc000b29f9a37d8fa33	ad02f26957b4c2ca8f40af252f72d0a5	ASSISTANT	执行工具：write_file	TOOL_CALL	0	d7e8b74f39554bac178bb6442e1f454d	gpt-4o-mini	\N	2025-05-24 18:16:24.615913	2025-05-24 18:16:24.615913	\N	\N
de8ffd2d321b5a8a0ed2b2a555a0d4f8	ad02f26957b4c2ca8f40af252f72d0a5	ASSISTANT	执行工具：write_file	TOOL_CALL	0	d7e8b74f39554bac178bb6442e1f454d	gpt-4o-mini	\N	2025-05-24 18:16:24.631846	2025-05-24 18:16:24.631846	\N	\N
93dacef394eca41af3376364f8391ad6	ad02f26957b4c2ca8f40af252f72d0a5	ASSISTANT	执行工具：surge_login	TOOL_CALL	0	d7e8b74f39554bac178bb6442e1f454d	gpt-4o-mini	\N	2025-05-24 18:16:28.579009	2025-05-24 18:16:28.579009	\N	\N
62aa5983c33dbd25297c0d6e340af5ec	ad02f26957b4c2ca8f40af252f72d0a5	ASSISTANT	执行工具：surge_deploy	TOOL_CALL	0	d7e8b74f39554bac178bb6442e1f454d	gpt-4o-mini	\N	2025-05-24 18:16:35.344423	2025-05-24 18:16:35.344423	\N	\N
fb5265996a160216fd87d5261ad17a4e	6ad3233ef2ab296ed7f36d5d47ce389e	USER	帮我设计旅游网站的首页，并且部署	TEXT	0	\N	\N	\N	2025-05-24 20:48:14.195089	2025-05-24 20:48:14.195089	2025-06-05 12:58:09.515221	\N
89ccf7ccc110b0bbe79a0b32716f9a59	ad02f26957b4c2ca8f40af252f72d0a5	USER	帮我写一个个人播客的静态页面，需要包含首页，播客列表，评论，数据你需要 mock	TEXT	12858	\N	\N	\N	2025-05-24 18:15:45.010403	2025-05-24 18:15:45.010403	\N	\N
375fdefd3d74c8b66cf7d89e51945807	ad02f26957b4c2ca8f40af252f72d0a5	ASSISTANT	个人播客的静态页面已经成功创建并部署。您可以通过以下链接访问该网站：\n\n[我的个人播客](https://zfrjqu48vi.surge.sh)\n\n### 页面结构：\n\n1. **首页**：\n   - 欢迎信息和导航链接。\n\n2. **播客列表**：\n   - 列出所有播客的标题和简短描述。\n\n3. **评论区**：\n   - 显示用户的评论。\n\n如果您有其他需求或需要进一步优化，欢迎告诉我！	TEXT	1606	d7e8b74f39554bac178bb6442e1f454d	gpt-4o-mini	\N	2025-05-24 18:16:38.391167	2025-05-24 18:16:38.391167	\N	\N
c69df0424ccf7ada3fabc247ca070304	ad02f26957b4c2ca8f40af252f72d0a5	ASSISTANT	执行工具：create_directory	TOOL_CALL	0	d7e8b74f39554bac178bb6442e1f454d	gpt-4o-mini	\N	2025-05-24 18:17:22.362247	2025-05-24 18:17:22.362247	\N	\N
b4028e362b54175f886310975fc0a4d4	ad02f26957b4c2ca8f40af252f72d0a5	ASSISTANT	执行工具：write_file	TOOL_CALL	0	d7e8b74f39554bac178bb6442e1f454d	gpt-4o-mini	\N	2025-05-24 18:17:47.499193	2025-05-24 18:17:47.499193	\N	\N
cec47523aa8097bff45e1a8508c3deca	ad02f26957b4c2ca8f40af252f72d0a5	ASSISTANT	执行工具：write_file	TOOL_CALL	0	d7e8b74f39554bac178bb6442e1f454d	gpt-4o-mini	\N	2025-05-24 18:17:47.519255	2025-05-24 18:17:47.519255	\N	\N
30f960979a1072348382e1f47a2549d5	ad02f26957b4c2ca8f40af252f72d0a5	ASSISTANT	执行工具：write_file	TOOL_CALL	0	d7e8b74f39554bac178bb6442e1f454d	gpt-4o-mini	\N	2025-05-24 18:17:47.536972	2025-05-24 18:17:47.536972	\N	\N
a34d1a86ee2b33aef61e0df3a46b9d3f	ad02f26957b4c2ca8f40af252f72d0a5	ASSISTANT	执行工具：surge_login	TOOL_CALL	0	d7e8b74f39554bac178bb6442e1f454d	gpt-4o-mini	\N	2025-05-24 18:17:51.207793	2025-05-24 18:17:51.207793	\N	\N
83ab0f6cb90800e10cadcc8a7ae4fdf8	ad02f26957b4c2ca8f40af252f72d0a5	ASSISTANT	执行工具：surge_deploy	TOOL_CALL	0	d7e8b74f39554bac178bb6442e1f454d	gpt-4o-mini	\N	2025-05-24 18:17:57.32996	2025-05-24 18:17:57.32996	\N	\N
71ca173defcdbc0a6bc42bcd1f686f43	ad02f26957b4c2ca8f40af252f72d0a5	USER	我发现页面是之前的页面，你需要重新创建	TEXT	13152	\N	\N	\N	2025-05-24 18:17:19.84976	2025-05-24 18:17:19.84976	\N	\N
b15f00072e56a0e4ce05fdbbe82a9db5	ad02f26957b4c2ca8f40af252f72d0a5	ASSISTANT	个人播客的静态页面已重新创建并成功部署。您可以通过以下链接访问该网站：\n\n[我的个人播客](https://s24yvwy85z.surge.sh)\n\n### 页面结构：\n\n1. **首页**：\n   - 欢迎信息和导航链接。\n\n2. **播客列表**：\n   - 列出所有播客的标题和简短描述。\n\n3. **评论区**：\n   - 显示用户的评论。\n\n如有其他需求或进一步的优化，请随时告知我！	TEXT	1400	d7e8b74f39554bac178bb6442e1f454d	gpt-4o-mini	\N	2025-05-24 18:18:00.296353	2025-05-24 18:18:00.296353	\N	\N
c67a6b49cdea2550ee8e95a4493a8883	bd040efb37fec6bdf6f0008f2d78c593	SYSTEM	你好，我是你的前端网站部署助手，你可以向我提出画页面的需求，我会帮你完成并且部署	TEXT	0	\N	\N	\N	2025-05-24 18:18:13.361045	2025-05-24 18:18:13.361045	\N	\N
0bc74303da64c8cb7df94d5ec526b38f	bd040efb37fec6bdf6f0008f2d78c593	USER	个人博客网站，需要包含首页，文章列表，发帖等功能	TEXT	0	\N	\N	\N	2025-05-24 18:18:35.910955	2025-05-24 18:18:35.910955	\N	\N
0ef300cf3cb5f5a9c9423f74ba6691b1	bd040efb37fec6bdf6f0008f2d78c593	ASSISTANT	执行工具：create_directory	TOOL_CALL	0	d7e8b74f39554bac178bb6442e1f454d	gpt-4o-mini	\N	2025-05-24 18:19:43.933054	2025-05-24 18:19:43.933054	\N	\N
df8f91d73a433ed0dac4fae384ab00f1	bd040efb37fec6bdf6f0008f2d78c593	ASSISTANT	执行工具：write_file	TOOL_CALL	0	d7e8b74f39554bac178bb6442e1f454d	gpt-4o-mini	\N	2025-05-24 18:20:15.784865	2025-05-24 18:20:15.784865	\N	\N
3c0b2e23ecd85a1dbbfc0608bc8571f6	bd040efb37fec6bdf6f0008f2d78c593	ASSISTANT	执行工具：write_file	TOOL_CALL	0	d7e8b74f39554bac178bb6442e1f454d	gpt-4o-mini	\N	2025-05-24 18:20:15.813898	2025-05-24 18:20:15.813898	\N	\N
b9355e86b6e541de651d7664e7652254	bd040efb37fec6bdf6f0008f2d78c593	ASSISTANT	执行工具：write_file	TOOL_CALL	0	d7e8b74f39554bac178bb6442e1f454d	gpt-4o-mini	\N	2025-05-24 18:20:15.830734	2025-05-24 18:20:15.830734	\N	\N
ff5aca7b51153654e996d65a55c0e05a	bd040efb37fec6bdf6f0008f2d78c593	USER	个人博客网站，需要包含首页，文章列表，发帖等功能	TEXT	6328	\N	\N	\N	2025-05-24 18:19:41.302474	2025-05-24 18:19:41.302474	\N	\N
df0ebcc7e11e7ca4fbdcbf08422f60f7	bd040efb37fec6bdf6f0008f2d78c593	ASSISTANT	个人博客的网站结构已创建完成，包含三个主要页面：**首页、文章列表和发帖页面**。以下是各个页面的基本内容：\n\n1. **首页 (index.html)**: 欢迎用户访问博客并提供导航链接。\n2. **文章列表 (posts.html)**: 展示最近的文章链接。\n3. **发帖页面 (new_post.html)**: 提供一个表单让用户输入标题和内容以发布新文章。\n\n接下来，我将继续进行项目的部署。首先，我需要登录到 Surge。请提供你的 Surge 账户邮箱和密码。	TEXT	1445	d7e8b74f39554bac178bb6442e1f454d	gpt-4o-mini	\N	2025-05-24 18:20:20.133203	2025-05-24 18:20:20.133203	\N	\N
c0d42fedfc02bc8a98ff73ae3e7f919f	bd040efb37fec6bdf6f0008f2d78c593	ASSISTANT	执行工具：surge_login	TOOL_CALL	0	d7e8b74f39554bac178bb6442e1f454d	gpt-4o-mini	\N	2025-05-24 18:20:32.516526	2025-05-24 18:20:32.516526	\N	\N
5c27e54cab12ac89c14c5048a1d7a104	bd040efb37fec6bdf6f0008f2d78c593	ASSISTANT	执行工具：surge_deploy	TOOL_CALL	0	d7e8b74f39554bac178bb6442e1f454d	gpt-4o-mini	\N	2025-05-24 18:20:34.490114	2025-05-24 18:20:34.490114	\N	\N
1aa1ecaae43516a5c823940281e2be49	bd040efb37fec6bdf6f0008f2d78c593	ASSISTANT	执行工具：list_directory	TOOL_CALL	0	d7e8b74f39554bac178bb6442e1f454d	gpt-4o-mini	\N	2025-05-24 18:20:36.742263	2025-05-24 18:20:36.742263	\N	\N
b83bb4fcf3426a9340a697e0bceda26c	bd040efb37fec6bdf6f0008f2d78c593	ASSISTANT	执行工具：create_directory	TOOL_CALL	0	d7e8b74f39554bac178bb6442e1f454d	gpt-4o-mini	\N	2025-05-24 18:20:39.013504	2025-05-24 18:20:39.013504	\N	\N
b0f3463419bc8e6030f2c00e8a8d3f3e	bd040efb37fec6bdf6f0008f2d78c593	ASSISTANT	执行工具：move_file	TOOL_CALL	0	d7e8b74f39554bac178bb6442e1f454d	gpt-4o-mini	\N	2025-05-24 18:20:42.772355	2025-05-24 18:20:42.772355	\N	\N
5adc69c821c132b87042fdfd1059e6a7	bd040efb37fec6bdf6f0008f2d78c593	ASSISTANT	执行工具：move_file	TOOL_CALL	0	d7e8b74f39554bac178bb6442e1f454d	gpt-4o-mini	\N	2025-05-24 18:20:42.796386	2025-05-24 18:20:42.796386	\N	\N
0cc94b625b5a90f403464c9c1b8b9872	bd040efb37fec6bdf6f0008f2d78c593	USER	继续	TEXT	19428	\N	\N	\N	2025-05-24 18:20:28.381795	2025-05-24 18:20:28.381795	\N	\N
78179d2ce817f28d07fc48a712a646e0	78f49a59de719635323a2e94c2e494de	USER	部署	TEXT	9071	\N	\N	\N	2025-05-24 18:36:53.302842	2025-05-24 18:36:53.302842	\N	\N
b588e09197c22cfe81020a2c914cc28d	bd040efb37fec6bdf6f0008f2d78c593	ASSISTANT	执行工具：move_file	TOOL_CALL	0	d7e8b74f39554bac178bb6442e1f454d	gpt-4o-mini	\N	2025-05-24 18:20:42.811343	2025-05-24 18:20:42.811343	\N	\N
d10590d60090ad0798dd2c1cf24a80bc	bd040efb37fec6bdf6f0008f2d78c593	ASSISTANT	执行工具：write_file	TOOL_CALL	0	d7e8b74f39554bac178bb6442e1f454d	gpt-4o-mini	\N	2025-05-24 18:21:19.659872	2025-05-24 18:21:19.659872	\N	\N
19ac54afd55dfc6fcd025bdf4e35d4dc	bd040efb37fec6bdf6f0008f2d78c593	ASSISTANT	执行工具：write_file	TOOL_CALL	0	d7e8b74f39554bac178bb6442e1f454d	gpt-4o-mini	\N	2025-05-24 18:21:19.679905	2025-05-24 18:21:19.679905	\N	\N
c5bf113b2cb9880e3279de0bd01c77ab	bd040efb37fec6bdf6f0008f2d78c593	ASSISTANT	执行工具：write_file	TOOL_CALL	0	d7e8b74f39554bac178bb6442e1f454d	gpt-4o-mini	\N	2025-05-24 18:21:19.69237	2025-05-24 18:21:19.69237	\N	\N
3798709c2c0cd7b888697c62de5be52e	bd040efb37fec6bdf6f0008f2d78c593	ASSISTANT	执行工具：surge_deploy	TOOL_CALL	0	d7e8b74f39554bac178bb6442e1f454d	gpt-4o-mini	\N	2025-05-24 18:21:25.840954	2025-05-24 18:21:25.840954	\N	\N
e949eb31f58513dbaf8cb106a7d11d99	bd040efb37fec6bdf6f0008f2d78c593	ASSISTANT	个人博客网站已成功创建并部署。您可以通过以下链接访问它：\n\n[个人博客](https://jo85149l1s.surge.sh)\n\n### 网站结构包括：\n1. **首页**：欢迎信息及导航链接。\n2. **文章列表**：展示博客的文章标题。\n3. **发帖页面**：提供表单以便用户发布新文章。\n\n如果您有其他需求或者想要进一步优化网站，请随时告诉我！	TEXT	1786	d7e8b74f39554bac178bb6442e1f454d	gpt-4o-mini	\N	2025-05-24 18:21:29.300288	2025-05-24 18:21:29.300288	\N	\N
0b9b4bc111d750ce01d97a2bb255fdb6	271bd131145dfc322eb9cb9a65bec42b	SYSTEM	你好，我是你的前端网站部署助手，你可以向我提出画页面的需求，我会帮你完成并且部署	TEXT	0	\N	\N	\N	2025-05-24 18:24:10.335432	2025-05-24 18:24:10.335432	\N	\N
5b05344838f0210f55a06a15f6474799	271bd131145dfc322eb9cb9a65bec42b	USER	个人博客网站，需要包含首页，文章列表，发帖等功能	TEXT	0	\N	\N	\N	2025-05-24 18:24:11.762867	2025-05-24 18:24:11.762867	\N	\N
3e2d857e2793905cea88fca315b1259e	271bd131145dfc322eb9cb9a65bec42b	ASSISTANT	\n\n	TEXT	0	53eaa3e842c0f3480f03a906788f8133	Qwen/Qwen3-235B-A22B	\N	2025-05-24 18:24:41.699392	2025-05-24 18:24:41.699392	\N	\N
9339a50566163f4f923a7487f5ce48e6	271bd131145dfc322eb9cb9a65bec42b	ASSISTANT	执行工具：create_directory	TOOL_CALL	0	53eaa3e842c0f3480f03a906788f8133	Qwen/Qwen3-235B-A22B	\N	2025-05-24 18:24:41.710576	2025-05-24 18:24:41.710576	\N	\N
76a7a7ef0001b7a9abed4246cd8781a2	271bd131145dfc322eb9cb9a65bec42b	ASSISTANT	\n\n	TEXT	0	53eaa3e842c0f3480f03a906788f8133	Qwen/Qwen3-235B-A22B	\N	2025-05-24 18:24:41.699392	2025-05-24 18:24:41.699392	\N	\N
41f856fa0f103c2c41c0544f6d701e53	271bd131145dfc322eb9cb9a65bec42b	ASSISTANT	执行工具：create_directory	TOOL_CALL	0	53eaa3e842c0f3480f03a906788f8133	Qwen/Qwen3-235B-A22B	\N	2025-05-24 18:25:03.198595	2025-05-24 18:25:03.198595	\N	\N
c6fabe4ebf55ceb8215f23c9344b652b	e5469905472995dd49cbd6f3cabcefed	SYSTEM	你好，我是你的前端网站部署助手，你可以向我提出画页面的需求，我会帮你完成并且部署	TEXT	0	\N	\N	\N	2025-05-24 18:27:27.764229	2025-05-24 18:27:27.764229	2025-05-24 18:33:32.815373	\N
2c8ede72c0a0a308f12f27ad88741bda	e5469905472995dd49cbd6f3cabcefed	USER	个人博客网站，需要包含首页，文章列表，发帖等功能	TEXT	0	\N	\N	\N	2025-05-24 18:27:33.192806	2025-05-24 18:27:33.192806	2025-05-24 18:33:32.815373	\N
b518f453e1a923574e62a9811223b4c0	e5469905472995dd49cbd6f3cabcefed	ASSISTANT	\n\n	TEXT	0	53eaa3e842c0f3480f03a906788f8133	Qwen/Qwen3-235B-A22B	\N	2025-05-24 18:27:59.828444	2025-05-24 18:27:59.828444	2025-05-24 18:33:32.815373	\N
e3708cae1d8dc6ec2b472c47aa52981b	e5469905472995dd49cbd6f3cabcefed	ASSISTANT	执行工具：list_allowed_directories	TOOL_CALL	0	53eaa3e842c0f3480f03a906788f8133	Qwen/Qwen3-235B-A22B	\N	2025-05-24 18:27:59.842315	2025-05-24 18:27:59.842315	2025-05-24 18:33:32.815373	\N
bcec2900780a76aeb44d12ee870da285	e5469905472995dd49cbd6f3cabcefed	ASSISTANT	\n\n	TEXT	0	53eaa3e842c0f3480f03a906788f8133	Qwen/Qwen3-235B-A22B	\N	2025-05-24 18:27:59.828444	2025-05-24 18:27:59.828444	2025-05-24 18:33:32.815373	\N
248e67d1548e6b56761609174cc8b6f7	e5469905472995dd49cbd6f3cabcefed	ASSISTANT	执行工具：create_directory	TOOL_CALL	0	53eaa3e842c0f3480f03a906788f8133	Qwen/Qwen3-235B-A22B	\N	2025-05-24 18:28:42.040875	2025-05-24 18:28:42.040875	2025-05-24 18:33:32.815373	\N
a7edcbacda446b6d54ea451567b25e9b	78f49a59de719635323a2e94c2e494de	SYSTEM	你好，我是你的前端网站部署助手，你可以向我提出画页面的需求，我会帮你完成并且部署	TEXT	0	\N	\N	\N	2025-05-24 18:33:33.411508	2025-05-24 18:33:33.411508	\N	\N
ef6ba7bf06dc0fc9a2eed31ab8d7953c	78f49a59de719635323a2e94c2e494de	USER	个人博客网站，需要包含首页，文章列表，发帖等功能	TEXT	2393	\N	\N	\N	2025-05-24 18:33:35.20969	2025-05-24 18:33:35.20969	\N	\N
e67ca0902039a68eb6e12a9bca9a7a3e	78f49a59de719635323a2e94c2e494de	ASSISTANT	在为您设计个人博客网站之前，我需要了解一下您的具体偏好和要求。请您提供以下信息：\n\n1. **整体风格：** 您希望网站呈现什么样的风格？如现代简约、复古、科技感等。\n2. **配色方案：** 是否有特定的配色方案？如果没有，我可以推荐一些选项。\n3. **布局偏好：** 您对页面布局有没有特殊需求？比如网格布局、卡片式布局、响应式布局等。\n4. **字体选择：** 您对字体有没有特定的想法？可以建议一些常用的网页字体组合。\n\n请提供这些信息，以便我能更好地为您构建一个符合您需求的个人博客网站！	TEXT	168	d7e8b74f39554bac178bb6442e1f454d	gpt-4o-mini	\N	2025-05-24 18:33:40.170571	2025-05-24 18:33:40.170571	\N	\N
8f105606f08c1025c2b5cda5cf7710f3	78f49a59de719635323a2e94c2e494de	USER	科技感，配色的话使用蓝色，布局响应值布局，字体没有要求	TEXT	9945	\N	\N	\N	2025-05-24 18:33:54.946484	2025-05-24 18:33:54.946484	\N	\N
042927d751d0ce5fef391300834b00b2	eaa3e2729fc34ebf60eef5624e2bb0b8	SYSTEM	你好，我是你的前端网站部署助手，你可以向我提出画页面的需求，我会帮你完成并且部署	TEXT	0	\N	\N	\N	2025-05-24 18:48:21.702747	2025-05-24 18:48:21.702747	\N	\N
f063804d934d55b11dd6aedafaacbd5b	eaa3e2729fc34ebf60eef5624e2bb0b8	USER	个人博客网站，需要包含首页，文章列表，发帖等功能	TEXT	0	\N	\N	\N	2025-05-24 18:48:22.924605	2025-05-24 18:48:22.924605	\N	\N
f9b885085976a16d0e7799e78caabc53	eaa3e2729fc34ebf60eef5624e2bb0b8	USER	个人博客网站，需要包含首页，文章列表，发帖等功能	TEXT	0	\N	\N	\N	2025-05-24 18:48:44.682695	2025-05-24 18:48:44.682695	\N	\N
ccbd4fbf72c6aa07b21395e74684c72a	9ff40229a5b6f767f079d6be281945b2	SYSTEM	你好，我是你的前端网站部署助手，你可以向我提出画页面的需求，我会帮你完成并且部署	TEXT	0	\N	\N	\N	2025-05-24 19:24:25.011406	2025-05-24 19:24:25.011406	\N	\N
4462ffdb05026240051a6199514ea020	9ff40229a5b6f767f079d6be281945b2	USER	旅游网站的首页	TEXT	2391	\N	\N	\N	2025-05-24 19:24:53.542117	2025-05-24 19:24:53.542117	\N	\N
16aec46bc2b642046ccbfb04fd6f2202	3cdefe61af23fb0bb071c5f9655c8b68	ASSISTANT	您好！从您的上一条消息“旅游网站的首页”来看，您似乎是想让我帮助设计一个旅游网站的网页。根据您的新消息“您来帮我设计，是一个web”，我猜测您可能是在说“您来帮我设计，是一个网页”或“是一个网站”。如果我理解正确，您希望我协助设计一个旅游网站的网页（可能是首页或其他页面）。\n\n为了确保我们同步，我先确认一下：\n- 您是要我帮助设计一个完整的旅游网站网页（例如首页），还是特定功能、布局或代码？\n- 您对网页有什么具体要求？例如，语言（中文/英文）、功能（搜索、预订）、风格（现代、简约）或技术栈（HTML/CSS/JavaScript，还是使用框架如React或WordPress）？\n\n如果您是初学者，我可以从基础开始提供指导；如果是更高级的需求，我可以给出建议或示例代码。以下是我的帮助步骤，我会基于之前的讨论继续扩展旅游网站的设计。\n\n### 1. **设计流程概述**\n设计一个旅游网站的网页涉及几个关键步骤。我会简要概述，然后提供一个更详细的示例。目标是创建一个用户友好的、吸引人的页面。\n\n- **步骤1: 需求分析**  \n  确定核心功能：例如，展示目的地、搜索工具、用户登录、预订按钮等。假设这是一个旅游网站首页，我们可以包括：\n  - 视觉元素：高品质图片、轮播图。\n  - 交互元素：搜索表单、按钮。\n  - 响应式设计：确保在手机和电脑上都好看。\n\n- **步骤2: 工具推荐**  \n  如果您是新手，我建议使用简单工具来构建：\n  - **代码编辑器**：VS Code 或 Sublime Text。\n  - **框架或平台**：HTML/CSS/JavaScript基础；或用WordPress/Bootstrap快速搭建（它们有现成模板）。\n  - **设计工具**：Figma 或 Canva 来先画草图。\n\n- **步骤3: 设计原则**  \n  - **用户体验 (UX)**：页面加载快，导航简单。首页应在5-10秒内吸引用户。\n  - **视觉设计 (UI)**：使用鲜亮颜色（如蓝色代表旅行），大字体，确保可访问性（例如，alt文本为图片）。\n  - **移动优先**：80%用户可能用手机访问。\n\n- **步骤4: 实现和测试**：写代码后，在浏览器测试，并使用工具如Google Chrome的开发者工具检查响应式。\n\n### 2. **一个改进的旅游网站首页示例**\n基于之前的HTML示例，我为您扩展了一个更完整的版本。这包括：\n- 基本的CSS样式（让它看起来更好）。\n- 一些JavaScript（例如，一个简单的搜索功能）。\n- 更多旅游相关元素，如热门推荐和footer链接。\n\n**完整HTML/CSS/JavaScript代码：**\n\n```html\n<!DOCTYPE html>\n<html lang="zh-CN">\n<head>\n    <meta charset="UTF-8">\n    <meta name="viewport" content="width=device-width, initial-scale=1.0">\n    <title>旅游网站首页</title>\n    <style>\n        /* 基本样式 */\n        body { font-family: Arial, sans-serif; margin: 0; padding: 0; background-color: #f8f9fa; }\n        header { background-color: #007BFF; color: white; padding: 20px; text-align: center; }\n        .hero { background-image: url('https://example.com/tour-image.jpg'); /* 替换为实际图片URL，例如从Unsplash下载 */\n               height: 500px; background-size: cover; color: white; display: flex; flex-direction: column; justify-content: center; align-items: center; text-shadow: 1px 1px 2px rgba(0,0,0,0.5); }\n        .search-section { margin: 20px; padding: 20px; background-color: white; border-radius: 10px; box-shadow: 0 0 10px rgba(0,0,0,0.1); text-align: center; }\n        .destinations { display: flex; flex-wrap: wrap; justify-content: space-around; padding: 20px; }\n        .destination { background-color: white; margin: 10px; padding: 15px; border-radius: 10px; box-shadow: 0 2px 5px rgba(0,0,0,0.1); width: 30%; text-align: center; }\n        .destination img { width: 100%; border-radius: 5px; }\n        footer { background-color: #333; color: white; padding: 10px; text-align: center; }\n        \n        /* 响应式设计 */\n        @media (max-width: 768px) {\n            .destinations { flex-direction: column; }\n            .destination { width: 100%; }\n        }\n    </style>\n</head>\n<body>\n    <header>\n        <h1>欢迎来到旅行世界</h1>\n        <p>探索全球精彩目的地</p>\n    </header>\n    \n    <div class="hero">\n        <h2>发现您的下一次冒险</h2>\n        <p>从热门旅游地开始您的旅程</p>\n    </div>\n    \n    <section class="search-section">\n        <h3>快速搜索您的旅行</h3>\n        <form id="searchForm">\n            <input type="text" id="destination" placeholder="输入目的地，如 '巴黎' 或 '东京'">\n            <input type="date" id="date">\n            <button type="submit">搜索</button>\n        </form>\n        <p id="searchResult" style="margin-top: 10px; color: green;"></p> <!-- JavaScript会更新这里 -->\n    </section>\n    \n    <section class="destinations">\n        <div class="destination">\n            <h3>巴黎</h3>\n            <img src="https://example.com/paris.jpg" alt="巴黎埃菲尔铁塔">\n            <p>浪漫之都，探索历史与文化。</p>\n            <button onclick="bookNow('巴黎')">立即预订</button>\n        </div>\n        <div class="destination">\n            <h3>东京</h3>\n            <img src="https://example.com/tokyo.jpg" alt="东京街景">\n            <p>现代都市，体验日式文化。</p>\n            <button onclick="bookNow('东京')">立即预订</button>\n        </div>\n        <div class="destination">\n            <h3>夏威夷</h3>\n            <img src="https://example.com/hawaii.jpg" alt="夏威夷海滩">\n            <p>beach天堂，放松身心。</p>\n            <button onclick="bookNow('夏威夷')">立即预订</button>\n        </div>\n    </section>\n    \n    <footer>\n        <p>&copy; 2023 旅行世界. <a href="#" style="color: white;">联系我们</a> | <a href="#" style="color: white;">隐私政策</a></p>\n    </footer>\n\n    <script>\n        // 简单JavaScript交互\n        document.getElementById('searchForm').addEventListener('submit', function(event) {\n            event.preventDefault();  // 阻止表单提交\n            var destination = document.getElementById('destination').value;\n            var date = document.getElementById('date').value;\n            if (destination && date) {\n                document.getElementById('searchResult').innerText = '为您搜索 ' + destination + ' 的 ' + date + ' 旅行计划！';\n                // 在实际项目中，这里可以连接API调用真实数据\n            } else {\n                document.getElementById('searchResult').innerText = '请填写目的地和日期。';\n            }\n        });\n\n        function bookNow(place) {\n            alert('您选择了' + place + '的旅行！接下来请联系客服预订。');  // 模拟预订功能\n        }\n    </script>\n</body>\n</html>\n```\n\n**说明：**\n- **新添加元素**：增加了搜索表单和简单的JavaScript交互（搜索后显示消息，点击按钮弹出警报）。这让页面更动态。\n- **自定义**：替换图片URL（如用https://unsplash.com搜索旅游图片）。您可以添加更多CSS来美化，例如字体或动画。\n- **测试**：复制这段代码到HTML文件中（例如index.html），用浏览器打开即可看到效果。\n\n### 3. **下一步建议**\n- **如果您想继续**：告诉我更多细节，比如：\n  - 您希望添加什么功能？（例如，集成地图、用户登录或支付按钮）\n  - 您是用什么工具开发？如果需要，我可以推荐教程（如freeCodeCamp的HTML课程）。\n  - 预算或时间限制？如果是专业项目，建议用CMS如WordPress来节省时间。\n- **潜在问题**：网页设计涉及后端（如数据库连接），如果需要更复杂的功能，我可以指导您，但实际实现可能需要服务器或框架。\n\n如果这不是您想要的，请提供更多信息，我会调整！😊 随时问我！	TEXT	1965	819b776b838353deeab48c5fa291063c	grok-3-mini-latest	\N	2025-05-24 20:20:13.138991	2025-05-24 20:20:13.138991	\N	\N
286d36387eef537d0c4d339677a6b2f2	3cdefe61af23fb0bb071c5f9655c8b68	USER	web	TEXT	3356	\N	\N	\N	2025-05-24 20:20:13.162127	2025-05-24 20:20:13.162127	\N	\N
60281722b42741eb7dd3bf2dd4d0d566	f9fd5771d9fd73879ece3e9085a9822b	USER	只需要帮我设计旅游网站的首页，并且部署	TEXT	3163	\N	\N	\N	2025-05-24 20:20:35.702514	2025-05-24 20:20:35.702514	2025-05-24 20:50:30.372941	\N
c0a922e44f83a35995d61812ca33659a	78f49a59de719635323a2e94c2e494de	ASSISTANT	感谢您提供的详细信息！我将为您构建一个具有科技感的个人博客网站，采用蓝色配色方案，响应式布局。接下来，我将项目分为以下几个页面：\n\n1. **首页**：包含网站标志、大标题和导航，展示最新的文章预览。\n2. **文章列表**：显示所有文章的标题、摘要、发布日期等信息，便于用户浏览。\n3. **发帖页面**：一个简单的表单，用户可以在其中输入文章标题、内容等，提交新文章。\n\n我会创建一个清晰的目录结构，并为这些页面编写必要的 HTML 和 Tailwind CSS 代码。我们开始吧！\n\n接下来，我会创建项目文件夹并添加这几个页面的基础结构。请稍等。	TEXT	0	d7e8b74f39554bac178bb6442e1f454d	gpt-4o-mini	\N	2025-05-24 18:34:00.055701	2025-05-24 18:34:00.055701	\N	\N
1553308c94ed4d70bdcffb255903c6a7	78f49a59de719635323a2e94c2e494de	ASSISTANT	执行工具：create_directory	TOOL_CALL	0	d7e8b74f39554bac178bb6442e1f454d	gpt-4o-mini	\N	2025-05-24 18:34:00.066175	2025-05-24 18:34:00.066175	\N	\N
4a4846d8b8ac5775e40f7fff7313e522	78f49a59de719635323a2e94c2e494de	ASSISTANT	执行工具：write_file	TOOL_CALL	0	d7e8b74f39554bac178bb6442e1f454d	gpt-4o-mini	\N	2025-05-24 18:34:26.66146	2025-05-24 18:34:26.66146	\N	\N
f5195ebdf19b763aea3feffd2c19f5cc	78f49a59de719635323a2e94c2e494de	ASSISTANT	执行工具：write_file	TOOL_CALL	0	d7e8b74f39554bac178bb6442e1f454d	gpt-4o-mini	\N	2025-05-24 18:34:26.686886	2025-05-24 18:34:26.686886	\N	\N
248fa901c681c44750b57f96348407c6	78f49a59de719635323a2e94c2e494de	ASSISTANT	执行工具：write_file	TOOL_CALL	0	d7e8b74f39554bac178bb6442e1f454d	gpt-4o-mini	\N	2025-05-24 18:34:26.706714	2025-05-24 18:34:26.706714	\N	\N
d439aeda2b459d57deaa5a60a71caabd	78f49a59de719635323a2e94c2e494de	ASSISTANT	个人博客网站的基本页面已成功创建，项目结构如下：\n\n```\n/etc/proxy/personal_blog\n│\n├── index.html         // 首页\n├── article_list.html  // 文章列表\n└── new_post.html      // 发帖页面\n```\n\n### 页面简介\n1. **首页 (`index.html`)**：包含欢迎信息、导航菜单以及最新文章的预览。\n2. **文章列表 (`article_list.html`)**：展示所有文章的标题和摘要，用户可以浏览所有内容。\n3. **发帖页面 (`new_post.html`)**：提供一个表单，用户可以输入文章标题和内容，方便发布新文章。\n\n接下来，如果您希望对网页进行进一步的优化或添加新功能，请告诉我！此外，当您准备好发布此网站时，我可以帮助您通过 Surge 部署。	TEXT	2082	d7e8b74f39554bac178bb6442e1f454d	gpt-4o-mini	\N	2025-05-24 18:34:00.055701	2025-05-24 18:34:00.055701	\N	\N
16416a0e3c253afb22cf01d48130ada0	78f49a59de719635323a2e94c2e494de	ASSISTANT	执行工具：surge_login	TOOL_CALL	0	d7e8b74f39554bac178bb6442e1f454d	gpt-4o-mini	\N	2025-05-24 18:36:57.856806	2025-05-24 18:36:57.856806	\N	\N
eedf779c36f2e3ec4427caf9fdd63fb8	78f49a59de719635323a2e94c2e494de	ASSISTANT	执行工具：surge_deploy	TOOL_CALL	0	d7e8b74f39554bac178bb6442e1f454d	gpt-4o-mini	\N	2025-05-24 18:37:04.07241	2025-05-24 18:37:04.07241	\N	\N
ffda069a7713598602c064c678acddc6	78f49a59de719635323a2e94c2e494de	ASSISTANT	您的个人博客网站已成功部署！您可以通过以下链接访问：\n\n[个人博客网站预览](https://6l46ul8km0.surge.sh)\n\n如果您有任何其他需求或想要进一步的修改，请随时告诉我！	TEXT	99	d7e8b74f39554bac178bb6442e1f454d	gpt-4o-mini	\N	2025-05-24 18:37:10.883579	2025-05-24 18:37:10.883579	\N	\N
53d5400f4950212c326db18080dd0cee	0d1da7f1f82533d4b86d8a045ddc9ab5	SYSTEM	你好，我是你的前端网站部署助手，你可以向我提出画页面的需求，我会帮你完成并且部署	TEXT	0	\N	\N	\N	2025-05-24 18:39:14.333898	2025-05-24 18:39:14.333898	\N	\N
6bbe67c3a9b9e59556c15d16d2127e7f	0d1da7f1f82533d4b86d8a045ddc9ab5	USER	个人博客网站，需要包含首页，文章列表，发帖等功能	TEXT	0	\N	\N	\N	2025-05-24 18:39:16.157923	2025-05-24 18:39:16.157923	\N	\N
1c2571dfff8a7dec79c2f3482012a1b9	0d1da7f1f82533d4b86d8a045ddc9ab5	ASSISTANT	# 个人博客网站设计与开发\n\n我很高兴为你设计一个功能完善的个人博客网站！我将创建一个具有现代感、美观且用户友好的博客，包含首页、文章列表和发帖功能。在开始之前，我想先了解一些关于你期望的设计风格和偏好：\n\n1. **整体风格**：你喜欢什么样的设计风格？现代简约、复古文艺、科技感强烈或其他？\n2. **配色方案**：有特定的颜色偏好吗？如果没有，我可以推荐一套优雅的配色方案。\n3. **个人博客的主题**：有特定的博客主题吗？这将帮助我为你创建更贴合主题的内容和设计。\n\n不过，我可以先基于常见的博客设计理念，为你创建一个现代简约风格的个人博客网站。稍后可根据你的反馈进行调整。\n\n让我先来查看可用的目录，并创建项目结构：	TEXT	0	b615f4c3fa9f6c2eb4db4810337859bb	claude-3-7-sonnet-20250219	\N	2025-05-24 18:39:26.300334	2025-05-24 18:39:26.300334	\N	\N
39620e949c45cb9736ab77c69577c289	0d1da7f1f82533d4b86d8a045ddc9ab5	ASSISTANT	执行工具：list_allowed_directories	TOOL_CALL	0	b615f4c3fa9f6c2eb4db4810337859bb	claude-3-7-sonnet-20250219	\N	2025-05-24 18:39:26.314773	2025-05-24 18:39:26.314773	\N	\N
2464e1478bf7f1754c96ec0baa557d2a	0d1da7f1f82533d4b86d8a045ddc9ab5	ASSISTANT	我会在允许的目录下创建我们的博客项目：	TEXT	0	b615f4c3fa9f6c2eb4db4810337859bb	claude-3-7-sonnet-20250219	\N	2025-05-24 18:39:26.300334	2025-05-24 18:39:26.300334	\N	\N
e5991be8591e9bf439374b0d7d70e489	0d1da7f1f82533d4b86d8a045ddc9ab5	ASSISTANT	执行工具：create_directory	TOOL_CALL	0	b615f4c3fa9f6c2eb4db4810337859bb	claude-3-7-sonnet-20250219	\N	2025-05-24 18:39:29.352492	2025-05-24 18:39:29.352492	\N	\N
d1cadedfc4cb6ea61a93193ff7844fb0	0d1da7f1f82533d4b86d8a045ddc9ab5	ASSISTANT	现在，让我创建我们博客网站的基本结构，包括首页、文章列表页和发帖页面。我先创建必要的目录结构：	TEXT	0	b615f4c3fa9f6c2eb4db4810337859bb	claude-3-7-sonnet-20250219	\N	2025-05-24 18:39:26.300334	2025-05-24 18:39:26.300334	\N	\N
3f84b42024734ce3eb3d283fae4bcd0d	0d1da7f1f82533d4b86d8a045ddc9ab5	ASSISTANT	执行工具：create_directory	TOOL_CALL	0	b615f4c3fa9f6c2eb4db4810337859bb	claude-3-7-sonnet-20250219	\N	2025-05-24 18:39:32.639074	2025-05-24 18:39:32.639074	\N	\N
11a7017d042c9a32f9f7e71e06083263	0d1da7f1f82533d4b86d8a045ddc9ab5	ASSISTANT	执行工具：create_directory	TOOL_CALL	0	b615f4c3fa9f6c2eb4db4810337859bb	claude-3-7-sonnet-20250219	\N	2025-05-24 18:39:34.716712	2025-05-24 18:39:34.716712	\N	\N
5a8eb3933c4e6168043947fb09b9eb88	0d1da7f1f82533d4b86d8a045ddc9ab5	ASSISTANT	执行工具：create_directory	TOOL_CALL	0	b615f4c3fa9f6c2eb4db4810337859bb	claude-3-7-sonnet-20250219	\N	2025-05-24 18:39:36.953321	2025-05-24 18:39:36.953321	\N	\N
9a40a541fc3c6febf529f1fff25f7cdd	0d1da7f1f82533d4b86d8a045ddc9ab5	ASSISTANT	现在我将创建网站的核心页面。首先，创建首页(index.html)：	TEXT	0	b615f4c3fa9f6c2eb4db4810337859bb	claude-3-7-sonnet-20250219	\N	2025-05-24 18:39:26.300334	2025-05-24 18:39:26.300334	\N	\N
5e797fb46fd03792fbcdf668e6001a20	0d1da7f1f82533d4b86d8a045ddc9ab5	ASSISTANT	执行工具：write_file	TOOL_CALL	0	b615f4c3fa9f6c2eb4db4810337859bb	claude-3-7-sonnet-20250219	\N	2025-05-24 18:39:50.8405	2025-05-24 18:39:50.8405	\N	\N
2169dc2db82ae1bafd67fb59ec288312	936ad0fb336a841362ecd64a9c6aca2d	SYSTEM	你好，我是你的前端网站部署助手，你可以向我提出画页面的需求，我会帮你完成并且部署	TEXT	0	\N	\N	\N	2025-05-24 18:47:55.405585	2025-05-24 18:47:55.405585	\N	\N
75fab6a3332c708aa74e9a286c0c6d50	936ad0fb336a841362ecd64a9c6aca2d	USER	个人博客网站，需要包含首页，文章列表，发帖等功能	TEXT	0	\N	\N	\N	2025-05-24 18:47:57.055631	2025-05-24 18:47:57.055631	\N	\N
1a8ecf2e730038ba80782291508ee6b7	9ff40229a5b6f767f079d6be281945b2	USER	旅游网站的首页	TEXT	0	\N	\N	\N	2025-05-24 19:24:36.973784	2025-05-24 19:24:36.973784	\N	\N
4985c03dbc5ec7e2b23ce2c7f0a3c065	9ff40229a5b6f767f079d6be281945b2	ASSISTANT	在设计旅游网站的首页之前，我想了解一下您对以下几个方面的具体要求：\n\n1. **整体风格：** 您希望首页呈现什么样的风格？例如现代简约、自然风格、活泼卡通等。\n2. **配色方案：** 您对配色有何偏好？可以选择自然色调、亮丽色彩、单色等。\n3. **布局偏好：** 您希望使用什么布局？例如网格布局、卡片式布局、全宽布局等。\n4. **字体选择：** 您是否有具体的字体选择建议，或者希望我提供一些常用的字体组合？\n\n请根据这些问题提供一些指引，以便我为您设计出更符合您期待的旅游网站首页。	TEXT	172	d7e8b74f39554bac178bb6442e1f454d	gpt-4o-mini	\N	2025-05-24 19:24:59.488509	2025-05-24 19:24:59.488509	\N	\N
cf1a3dbbf62a7068b5a359ff87313556	9ff40229a5b6f767f079d6be281945b2	USER	你来决定	TEXT	2573	\N	\N	\N	2025-05-24 19:25:06.292294	2025-05-24 19:25:06.292294	\N	\N
9386ccb10b069b40d6e1d7386a7901c5	6ad3233ef2ab296ed7f36d5d47ce389e	USER	帮我设计旅游网站的首页，并且部署	TEXT	3175	\N	\N	\N	2025-05-24 20:48:32.895599	2025-05-24 20:48:32.895599	2025-06-05 12:58:09.515221	\N
5ad828fcd51af624a0270dfb25a01dda	6ad3233ef2ab296ed7f36d5d47ce389e	ASSISTANT	感谢您提出这个需求！作为一名专业的 Web 前端设计师和开发专家，我很高兴为您设计一个旅游网站的首页。我的目标是创建一个视觉上吸引人、用户体验流畅的页面，使用 Tailwind CSS 构建响应式布局，并填充一些示例内容以使其看起来真实和完整。\n\n### 我的设计思路：\n- **整体风格：** 旅游网站通常需要活力十足、现代简约的风格，以突出冒险和探索感。我计划采用一个现代、扁平化的设计，强调大图轮播、明亮的配色和流畅的交互（如 hover 效果和简单的动画）。\n- **布局偏好：** 使用响应式网格布局，包括：\n  - 顶部：带有 Logo 和导航菜单的固定导航栏。\n  - 中间：一个英雄 banner（大图片轮播区），下面是热门旅游目的地卡片展示区（使用网格布局）。\n  - 底部：页脚包含联系信息和版权。\n- **配色方案：** 我建议使用蓝色（代表海洋）和绿色（代表自然）的组合，例如主色 #007BFF (蓝) 和辅助色 #28A745 (绿)，配以白色背景和灰色文本，以营造清新、专业的感觉。\n- **字体选择：** 使用 sans-serif 字体，如 'Inter' 或 'Roboto'，以确保可读性和现代感。\n- **交互和内容：** 页面将包括一个搜索栏（简单表单），热门目的地卡片（每个卡片有图片、标题和简短描述），并使用 JavaScript 添加基本的图片轮播效果。我会填充示例数据，比如假的旅游地点和图片占位符（使用免费 CDN 图片），让页面看起来丰富而真实。\n\n然而，您的指令中没有指定详细的风格偏好、配色或布局细节。为了确保最终设计符合您的期望，我需要先确认一些关键方面。请回复我以下问题：\n- **整体风格：** 您更喜欢现代简约、科技感、复古，还是其他风格（如 Material Design）？\n- **配色方案：** 您对颜色有特定要求吗？例如，偏好暖色调（如橙黄）还是冷色调（如蓝绿）？如果没有，我会使用上述建议的方案。\n- **布局偏好：** 您希望强调哪些元素，例如更多图片、搜索功能，还是其他交互？\n- **字体选择：** 您有喜欢的字体组合吗？例如，标题用粗体 sans-serif，文本用细体。\n\n一旦您提供这些反馈，我将：\n1. 创建一个新的项目目录（例如，在 /etc/proxy/ 下创建一个如 /etc/proxy/tourism-website 的文件夹）。\n2. 生成完整的 HTML、JavaScript 和 Tailwind CSS 代码。\n3. 部署到 Surge.sh，并提供在线预览链接。\n\n请回复您的具体意见，我们继续！如果您有任何其他要求，请随时补充。	TEXT	599	819b776b838353deeab48c5fa291063c	grok-3-mini-latest	\N	2025-05-24 20:48:49.294703	2025-05-24 20:48:49.294703	2025-06-05 12:58:09.515221	\N
1e30d79bd78ec5067af99915f1deb23b	6ad3233ef2ab296ed7f36d5d47ce389e	USER	你来决定即可	TEXT	28883	\N	\N	\N	2025-05-24 20:48:53.260912	2025-05-24 20:48:53.260912	2025-06-05 12:58:09.515221	\N
5e375f3e9f85b71b211d3cb5e4b5b8b9	9ff40229a5b6f767f079d6be281945b2	ASSISTANT	好的，我将为您设计一个现代简约风格的旅游网站首页。以下是我计划的设计细节：\n\n1. **整体风格：** 现代简约，注重清晰的布局和干净的视觉效果。\n2. **配色方案：** 以自然色调为主，例如蓝色和绿色，强调与自然的联系，搭配一些明亮的色彩以增加活力。\n3. **布局偏好：** 我将采用响应式网格布局，包含一个大标题 Banner 区，然后是推荐目的地和活动的卡片展示区，最后是用户评价及联系方式。\n4. **字体选择：** 选择一些现代的无衬线字体，搭配易读的字体组合，使内容清晰易读。\n\n现在，我将创建一个结构清晰的项目目录，并开始设计和构建旅游网站的首页。以下是我将要创建的文件结构：\n\n```\n/etc/proxy/\n├── index.html\n└── app.js\n```\n\n接下来，我将为您生成首页的 HTML 和 JavaScript 内容。请稍候。	TEXT	240	d7e8b74f39554bac178bb6442e1f454d	gpt-4o-mini	\N	2025-05-24 19:25:12.56485	2025-05-24 19:25:12.56485	\N	\N
f57978b3cc0bb56335bd173d557fd17b	9ff40229a5b6f767f079d6be281945b2	ASSISTANT	执行工具：write_file	TOOL_CALL	0	d7e8b74f39554bac178bb6442e1f454d	gpt-4o-mini	\N	2025-05-24 19:30:13.439037	2025-05-24 19:30:13.439037	\N	\N
f1db756201e5106247fc3331c0c188ed	9ff40229a5b6f767f079d6be281945b2	ASSISTANT	执行工具：write_file	TOOL_CALL	0	d7e8b74f39554bac178bb6442e1f454d	gpt-4o-mini	\N	2025-05-24 19:30:13.457817	2025-05-24 19:30:13.457817	\N	\N
a94c386fc5a815024106d12978fd85b3	9ff40229a5b6f767f079d6be281945b2	USER	继续	TEXT	6876	\N	\N	\N	2025-05-24 19:29:46.493001	2025-05-24 19:29:46.493001	\N	\N
58ea0b61ad6f88551cf87e2f394b0afb	9ff40229a5b6f767f079d6be281945b2	ASSISTANT	我已经成功创建了旅游网站的首页，包含一个结构清晰的 HTML 文件和一个简单的 JavaScript 文件。以下是首页的主要内容：\n\n- **导航栏**：包含网站标题和链接到不同页面的菜单。\n- **英雄区**：一个大标题及背景图片，以吸引用户注意。\n- **精选目的地**：展示一些受欢迎的旅游目的地。\n- **用户评价**：显示用户的反馈，以增强信任感。\n- **页脚**：包含版权信息。\n\n接下来，我将登录到 Surge.sh 账户以部署这个项目。请您提供您的 Surge 账户电子邮件和密码。	TEXT	1340	d7e8b74f39554bac178bb6442e1f454d	gpt-4o-mini	\N	2025-05-24 19:30:17.428358	2025-05-24 19:30:17.428358	\N	\N
0d635ec8fddaf06d2863953a49704d8d	9ff40229a5b6f767f079d6be281945b2	ASSISTANT	执行工具：surge_login	TOOL_CALL	0	d7e8b74f39554bac178bb6442e1f454d	gpt-4o-mini	\N	2025-05-24 19:31:03.648353	2025-05-24 19:31:03.648353	\N	\N
92e1e88d43ccc5478388f2dcaf820c0f	9ff40229a5b6f767f079d6be281945b2	ASSISTANT	执行工具：surge_deploy	TOOL_CALL	0	d7e8b74f39554bac178bb6442e1f454d	gpt-4o-mini	\N	2025-05-24 19:31:17.373211	2025-05-24 19:31:17.373211	\N	\N
9d8c1e8b01e040c965641ebb058ecb3a	9ff40229a5b6f767f079d6be281945b2	USER	继续	TEXT	9069	\N	\N	\N	2025-05-24 19:30:55.587421	2025-05-24 19:30:55.587421	\N	\N
1fd7221811996d88a7d5dc70e6489ab3	9ff40229a5b6f767f079d6be281945b2	ASSISTANT	您的旅游网站首页已成功部署！您可以通过以下链接访问它：\n\n[旅游网站首页预览](https://u62g74rw84.surge.sh)\n\n如果您有任何进一步的修改意见或需求，请随时告诉我！	TEXT	94	d7e8b74f39554bac178bb6442e1f454d	gpt-4o-mini	\N	2025-05-24 19:31:19.798639	2025-05-24 19:31:19.798639	\N	\N
8e7f5812d959faf33da510bb99e39d1c	9410e3c08ea58b0fc7e0e3fb3a63ae40	USER	你是谁	TEXT	0	\N	\N	\N	2025-05-24 19:46:59.582312	2025-05-24 19:46:59.582312	\N	\N
711befcd4a6b9241dcd3fe9d08b66a55	9410e3c08ea58b0fc7e0e3fb3a63ae40	USER	你是谁	TEXT	0	\N	\N	\N	2025-05-24 19:47:27.826021	2025-05-24 19:47:27.826021	\N	\N
93a771145d17ba51dd9e84aa6b9bc604	9410e3c08ea58b0fc7e0e3fb3a63ae40	USER	你好	TEXT	0	\N	\N	\N	2025-05-24 19:48:08.550229	2025-05-24 19:48:08.550229	\N	\N
3112f3b2121f572efb5e24a683ca34d3	9410e3c08ea58b0fc7e0e3fb3a63ae40	USER	你好	TEXT	0	\N	\N	\N	2025-05-24 19:51:07.868872	2025-05-24 19:51:07.868872	\N	\N
65c6a1992e042b0a8921599ac6607f2e	3cdefe61af23fb0bb071c5f9655c8b68	USER	你好	TEXT	39	\N	\N	\N	2025-05-24 19:52:50.725328	2025-05-24 19:52:50.725328	\N	\N
af00d9f3c8f68c63af5f5546c1d378d6	3cdefe61af23fb0bb071c5f9655c8b68	ASSISTANT	你好！有什么我可以帮助你的吗？	TEXT	9	d7e8b74f39554bac178bb6442e1f454d	gpt-4o-mini	\N	2025-05-24 19:53:00.222381	2025-05-24 19:53:00.222381	\N	\N
69fc4e6d910838be4268b87440b44b7b	9410e3c08ea58b0fc7e0e3fb3a63ae40	USER	你好	TEXT	19	\N	\N	\N	2025-05-24 19:53:07.5921	2025-05-24 19:53:07.5921	\N	\N
8118c403ed327a55bcfe7ca37b8e1d03	9410e3c08ea58b0fc7e0e3fb3a63ae40	ASSISTANT	我是一个大型语言模型，由 Google 训练。	TEXT	11	819b776b838353deeab48c5fa291063c	gemini-2.0-flash-exp	\N	2025-05-24 19:53:10.473495	2025-05-24 19:53:10.473495	\N	\N
57003e2f03f540814f9f12edef0746c6	9410e3c08ea58b0fc7e0e3fb3a63ae40	USER	你是谁	TEXT	0	\N	\N	\N	2025-05-24 19:56:33.375922	2025-05-24 19:56:33.375922	\N	\N
cbaecb04eb3d9ccfcbdb55b985c64a08	3cdefe61af23fb0bb071c5f9655c8b68	USER	你是谁	TEXT	60	\N	\N	\N	2025-05-24 20:19:12.506982	2025-05-24 20:19:12.506982	\N	\N
a1883d130886324142d8c82a7cff020a	3cdefe61af23fb0bb071c5f9655c8b68	ASSISTANT	我是Grok，一个由xAI公司创建的AI助手。我的目标是帮助用户回答问题、提供有用信息，并以友好方式互动。有什么具体问题或需要帮助的吗？😊	TEXT	41	819b776b838353deeab48c5fa291063c	grok-3-mini-latest	\N	2025-05-24 20:19:16.182117	2025-05-24 20:19:16.182117	\N	\N
df48d396e937d0374192928c1815f13c	3cdefe61af23fb0bb071c5f9655c8b68	USER	旅游网站的首页	TEXT	113	\N	\N	\N	2025-05-24 20:19:25.277937	2025-05-24 20:19:25.277937	\N	\N
721e6e909024462202a5c9c7015eb426	3cdefe61af23fb0bb071c5f9655c8b68	ASSISTANT	您好！您提到“旅游网站的首页”，我猜您可能是在询问如何设计一个旅游网站的首页、提供一个示例，或者是推荐一些旅游网站。如果我理解错了，请告诉我更多细节。我会尽量提供有帮助的回应。\n\n### 1. **旅游网站首页的典型设计**\n一个好的旅游网站首页通常旨在吸引用户、提供易用的导航，并快速展示关键信息。以下是常见元素：\n- **头部（Header）**：包含网站logo、搜索栏（例如搜索目的地、日期、酒店等）、语言切换和用户登录按钮。\n- **英雄区（Hero Section）**：一个醒目的banner或轮播图，展示热门旅游目的地、促销活动或季节性推荐。背景通常是高分辨率图片或视频。\n- **内容模块**：\n  - 热门目的地：如“巴黎”、“东京”或“夏威夷”的卡片式展示，包括图片、简短描述和“立即预订”按钮。\n  - 搜索和过滤工具：允许用户根据预算、日期、类型（beach, city, adventure）筛选选项。\n  - 促销和特惠：突出折扣机票、酒店优惠或旅游套餐。\n  - 用户评论或故事：展示真实用户的旅行体验，以增加信任度。\n- **底部（Footer）**：包括联系方式、隐私政策、合作伙伴链接和社交媒体图标。\n- **响应式设计**：确保在手机、平板和电脑上都显示良好。\n\n设计原则：首页应该简洁、视觉吸引人（使用高品质图片），并强调用户体验，比如快速加载和易访问。\n\n### 2. **一个简单示例（HTML 草稿）**\n如果您是想学习如何构建一个基本的旅游网站首页，我可以用简单的HTML和CSS代码给您一个示例。这个不是完整的网站，但可以作为起点。您可以用它在本地测试（需要基本的网页知识）。\n\n```html\n<!DOCTYPE html>\n<html lang="zh-CN">\n<head>\n    <meta charset="UTF-8">\n    <meta name="viewport" content="width=device-width, initial-scale=1.0">\n    <title>旅游网站首页</title>\n    <style>\n        body { font-family: Arial, sans-serif; margin: 0; padding: 0; }\n        header { background-color: #007BFF; color: white; padding: 20px; text-align: center; }\n        .hero { background-image: url('https://example.com/tour-image.jpg'); /* 替换为实际图片URL */ height: 500px; background-size: cover; color: white; display: flex; flex-direction: column; justify-content: center; align-items: center; }\n        .destinations { display: flex; justify-content: space-around; padding: 20px; }\n        .destination { background-color: #f4f4f4; padding: 10px; border-radius: 5px; width: 30%; }\n        footer { background-color: #333; color: white; text-align: center; padding: 10px; }\n    </style>\n</head>\n<body>\n    <header>\n        <h1>欢迎来到旅行世界</h1>\n        <input type="text" placeholder="搜索目的地...">\n        <button>搜索</button>\n    </header>\n    \n    <div class="hero">\n        <h2>发现你的下一次冒险</h2>\n        <p>从热门目的地开始你的旅行</p>\n    </div>\n    \n    <section class="destinations">\n        <div class="destination">\n            <h3>巴黎</h3>\n            <img src="https://example.com/paris.jpg" alt="巴黎" width="100%">\n            <p>浪漫之都，探索埃菲尔铁塔。</p>\n            <button>预订 now</button>\n        </div>\n        <div class="destination">\n            <h3>东京</h3>\n            <img src="https://example.com/tokyo.jpg" alt="东京" width="100%">\n            <p>现代与传统的完美结合。</p>\n            <button>预订 now</button>\n        </div>\n        <div class="destination">\n            <h3>夏威夷</h3>\n            <img src="https://example.com/hawaii.jpg" alt="夏威夷" width="100%">\n            <p>beach paradise for relaxation.</p>\n            <button>预订 now</button>\n        </div>\n    </section>\n    \n    <footer>\n        <p>&copy; 2023 旅行世界. 所有权利保留。</p>\n    </footer>\n</body>\n</html>\n```\n\n**注意**：这只是一个基本示例。您需要替换图片URL，并添加CSS或JavaScript来增强交互性（如轮播图）。如果您使用工具如WordPress或Wix，可以更轻松地构建网站。\n\n### 3. **推荐一些流行的旅游网站**\n如果您是想找实际的旅游网站，这里有一些热门选择（我不是这些网站的附属，但我可以提供中立建议）：\n- **Trip.com**：中文界面友好，适合国内用户，首页有热门目的地和特惠。\n- **Expedia**：全球知名，提供酒店、机票和度假包，首页搜索功能强大。\n- **Booking.com**：专注于酒店和短租，首页展示实时可用性。\n- **Airbnb**：如果您喜欢独特住宿，首页会推荐体验和房屋。\n\n### 4. **如何继续？**\n- 如果您想深入讨论网站设计，我可以提供更多建议，比如UI/UX最佳实践或工具推荐（例如Figma或Adobe XD）。\n- 如果这是个具体项目需求（如为您的业务建站），我建议考虑用户需求、SEO优化和移动友好性。\n- 或者，如果您有其他问题，比如“如何选择旅游目的地”或“推荐一些旅游app”，请告诉我，我很乐意帮忙！\n\n希望这个回应对您有用！😊	TEXT	1253	819b776b838353deeab48c5fa291063c	grok-3-mini-latest	\N	2025-05-24 20:19:39.628694	2025-05-24 20:19:39.628694	\N	\N
be3d02bcf9ab2cc51ffb1339b08e37d9	3cdefe61af23fb0bb071c5f9655c8b68	USER	你来帮我设计，是一个web	TEXT	1382	\N	\N	\N	2025-05-24 20:19:51.253783	2025-05-24 20:19:51.253783	\N	\N
b948863efcb1e8f507b8f8903f05b303	3cdefe61af23fb0bb071c5f9655c8b68	ASSISTANT	您好！从您的消息“web”来看，我猜测您是在继续之前的对话，可能是想说“web”（网站），并希望我帮助设计一个旅游网站的网页（基于之前的讨论）。如果我理解正确，我们可以继续扩展旅游网站的设计。\n\n在上一个回应中，我已经提供了一个基本的HTML示例。现在，我来为您完善它。假设您是想构建一个更完整的网站，我会添加一些改进，比如：\n- **更多交互性**：使用JavaScript添加简单的功能，如搜索结果提示。\n- **响应式设计**：确保在不同设备上显示良好。\n- **样式提升**：使用CSS来美化页面。\n\n如果这不是您的意思，请告诉我更多细节（例如，您是要设计特定部分，还是使用某个框架如Bootstrap？）。\n\n### 改进后的旅游网站首页示例\n以下是一个更高级的HTML/CSS/JavaScript代码示例。它基于之前的版本，添加了：\n- 一个简单的搜索功能（使用JavaScript处理输入）。\n- 更好的布局和样式。\n- 响应式设计调整。\n\n**完整代码：**\n\n```html\n<!DOCTYPE html>\n<html lang="zh-CN">\n<head>\n    <meta charset="UTF-8">\n    <meta name="viewport" content="width=device-width, initial-scale=1.0">\n    <title>旅游网站首页</title>\n    <style>\n        /* 基本样式 */\n        body { font-family: Arial, sans-serif; margin: 0; padding: 0; background-color: #f8f9fa; }\n        header { background-color: #007BFF; color: white; padding: 20px; text-align: center; }\n        .hero { background-image: url('https://example.com/tour-image.jpg'); /* 替换为实际图片URL，例如从Unsplash获取 */\n               height: 500px; background-size: cover; color: white; display: flex; flex-direction: column; justify-content: center; align-items: center; text-shadow: 1px 1px 2px rgba(0,0,0,0.5); }\n        .search-section { margin: 20px; padding: 20px; background-color: white; border-radius: 10px; box-shadow: 0 0 10px rgba(0,0,0,0.1); text-align: center; }\n        .destinations { display: flex; flex-wrap: wrap; justify-content: space-around; padding: 20px; }\n        .destination { background-color: white; margin: 10px; padding: 15px; border-radius: 10px; box-shadow: 0 2px 5px rgba(0,0,0,0.1); width: 30%; text-align: center; }\n        .destination img { width: 100%; border-radius: 5px; }\n        footer { background-color: #333; color: white; padding: 10px; text-align: center; }\n        \n        /* 响应式设计 */\n        @media (max-width: 768px) {\n            .destinations { flex-direction: column; }\n            .destination { width: 100%; }\n            .hero { height: 300px; }  /* 手机上缩小英雄区 */\n        }\n    </style>\n</head>\n<body>\n    <header>\n        <h1>欢迎来到旅行世界</h1>\n        <p>探索全球精彩目的地</p>\n    </header>\n    \n    <div class="hero">\n        <h2>发现您的下一次冒险</h2>\n        <p>从热门旅游地开始您的旅程</p>\n    </div>\n    \n    <section class="search-section">\n        <h3>快速搜索您的旅行</h3>\n        <form id="searchForm">\n            <input type="text" id="destination" placeholder="输入目的地，如 '巴黎'">\n            <input type="date" id="date">\n            <button type="submit">搜索</button>\n        </form>\n        <p id="searchResult" style="margin-top: 10px; color: green;"></p>\n    </section>\n    \n    <section class="destinations">\n        <div class="destination">\n            <h3>巴黎</h3>\n            <img src="https://example.com/paris.jpg" alt="巴黎埃菲尔铁塔">\n            <p>浪漫之都，探索历史与文化。</p>\n            <button onclick="bookNow('巴黎')">立即预订</button>\n        </div>\n        <div class="destination">\n            <h3>东京</h3>\n            <img src="https://example.com/tokyo.jpg" alt="东京街景">\n            <p>现代都市，体验日式文化。</p>\n            <button onclick="bookNow('东京')">立即预订</button>\n        </div>\n        <div class="destination">\n            <h3>夏威夷</h3>\n            <img src="https://example.com/hawaii.jpg" alt="夏威夷海滩">\n            <p>beach天堂，放松身心。</p>\n            <button onclick="bookNow('夏威夷')">立即预订</button>\n        </div>\n    </section>\n    \n    <footer>\n        <p>&copy; 2023 旅行世界. <a href="#" style="color: white;">联系我们</a> | <a href="#" style="color: white;">隐私政策</a></p>\n    </footer>\n\n    <script>\n        // JavaScript for search functionality\n        document.getElementById('searchForm').addEventListener('submit', function(event) {\n            event.preventDefault();  // Prevent form submission\n            var destination = document.getElementById('destination').value;\n            var date = document.getElementById('date').value;\n            if (destination && date) {\n                document.getElementById('searchResult').innerText = '为您搜索 ' + destination + ' 的 ' + date + ' 旅行计划！';\n                // In a real site, this would connect to an API for actual results\n            } else {\n                document.getElementById('searchResult').innerText = '请填写目的地和日期。';\n            }\n        });\n\n        function bookNow(place) {\n            alert('您选择了 ' + place + ' 的旅行！接下来请联系客服预订。');  // Simple alert for demo\n        }\n    </script>\n</body>\n</html>\n```\n\n### 解释和下一步建议\n- **什么是新的？**：\n  - **搜索功能**：现在表单可以处理用户输入，并在页面上显示消息（使用JavaScript）。在实际项目中，您可以连接到后端API（如从Google Maps或旅游数据库获取数据）。\n  - **响应式设计**：页面会根据屏幕大小自动调整布局（例如，在手机上，目的地卡片会垂直排列）。\n  - **图片和自定义**：记得替换示例URL（如用免费图片来源Unsplash.com）。\n\n- **如何测试和使用**：\n  1. 复制代码到文本编辑器（如VS Code）。\n  2. 保存为`.html`文件（例如`index.html`）。\n  3. 在浏览器中打开文件查看效果。\n  4. 如果您想添加更多功能（如地图或登录），我可以帮忙扩展。\n\n- **工具推荐**：\n  - **初学者**：用HTML/CSS/JavaScript基础开始。学习资源：freeCodeCamp或W3Schools。\n  - **简化设计**：试试Bootstrap框架，它有现成组件。可以添加`<link href="https://cdn.jsdelivr.net/npm/bootstrap@5.3.0/dist/css/bootstrap.min.css" rel="stylesheet">`到您的代码中。\n  - **高级选项**：如果您想快速建站，用WordPress（适合非程序员）或React（适合复杂项目）。\n\n如果您有具体要求（如添加地图、改变颜色主题、或集成支付功能），请告诉我！我会继续帮助您。😊	TEXT	1680	819b776b838353deeab48c5fa291063c	grok-3-mini-latest	\N	2025-05-24 20:20:32.777936	2025-05-24 20:20:32.777936	\N	\N
056192873bb91157694b824633a930bd	f49e297a303fe7a6de9fbef58086349e	USER	你是	TEXT	0	\N	\N	\N	2025-05-24 19:56:07.146036	2025-05-24 19:56:07.146036	2025-05-24 20:50:33.091212	\N
3d1b93d3a29e0427a7e4e0f35c0d88ad	9410e3c08ea58b0fc7e0e3fb3a63ae40	USER	你是谁	TEXT	0	\N	\N	\N	2025-05-24 20:46:55.067085	2025-05-24 20:46:55.067085	\N	\N
c9f9a64075486bfeb44964a8b42c6c18	f9fd5771d9fd73879ece3e9085a9822b	SYSTEM	你好，我是你的前端网站部署助手，你可以向我提出画页面的需求，我会帮你完成并且部署	TEXT	0	\N	\N	\N	2025-05-24 20:20:32.796532	2025-05-24 20:20:32.796532	2025-05-24 20:50:30.372941	\N
f539121ab5f006f9f9b4a55d7d9dda4c	f9fd5771d9fd73879ece3e9085a9822b	ASSISTANT	感谢您的查询！作为一名专业的 Web 前端设计师和开发专家，我很高兴为您设计一个旅游网站的首页。我的目标是创建一个视觉上引人入胜、用户体验流畅的页面，使用 Tailwind CSS 实现独特的布局和交互效果。\n\n您的指令相对简略，没有指定详细的设计要求（如整体风格、配色方案、布局偏好或字体选择），这会影响最终页面的个性化效果。为了确保设计符合您的预期，我需要先收集一些关键信息。请快速回复我以下问题：\n\n### 设计细节询问：\n1. **整体风格**：您希望页面采用什么风格？例如：\n   - 现代简约（clean and minimalistic）\n   - 复古风（vintage or travel-inspired）\n   - 科技感（futuristic with animations）\n   - 其他（如扁平化或 Material Design）？\n\n2. **配色方案**：旅游网站通常需要活泼的配色来传达冒险和放松感。您喜欢哪种方案？例如：\n   - 单色方案：以蓝色和白色为主（代表海洋和纯净）。\n   - 互补色方案：蓝色与橙色组合（活力与平静的对比）。\n   - 三元色方案：绿色、蓝色和黄色（自然与阳光）。\n\n3. **布局偏好**：首页应该如何组织内容？例如：\n   - 网格布局：用于展示多个旅游目的地卡片。\n   - 卡片式布局：每个卡片显示图片、标题和简要描述。\n   - 响应式布局：确保在手机、平板和桌面端都流畅显示。\n\n4. **字体选择**：我可以建议一些常见组合，如：\n   - 标题用 sans-serif 字体（如 Inter 或 Roboto），正文用更柔和的字体（如 Open Sans）。\n   - 您有特定偏好吗？例如，更偏向优雅的衬线字体还是现代的无衬线字体？\n\n一旦您提供这些细节，我将：\n- 创建一个新的项目目录（如 `/etc/proxy/tourism-website`），并组织文件结构（例如，包含 index.html、app.js 和 assets 文件夹）。\n- 设计一个完整的首页，包括一个吸引人的 Banner（使用占位风景图片）、导航栏、精选旅游目的地卡片区、搜索栏和页脚。\n- 自动填充示例内容，使页面看起来真实丰富（例如，生成几张假旅游图片和描述性文本）。\n- 使用 Tailwind CSS 创建独特视觉效果，如平滑动画和 hover 交互。\n- 最终部署到 Surge.sh，并提供在线预览链接。\n\n请回复这些问题，我会立即基于您的反馈开始构建！如果您有其他具体要求（如特定功能或内容），也欢迎补充。 😊	TEXT	565	819b776b838353deeab48c5fa291063c	grok-3-mini-latest	\N	2025-05-24 20:20:50.553868	2025-05-24 20:20:50.553868	2025-05-24 20:50:30.372941	\N
0ac276771cc1a6645fd917a611568d5f	f9fd5771d9fd73879ece3e9085a9822b	USER	你来安排即可	TEXT	0	\N	\N	\N	2025-05-24 20:20:54.773643	2025-05-24 20:20:54.773643	2025-05-24 20:50:30.372941	\N
83def715d609d1d8869f034e15b9ab45	f9fd5771d9fd73879ece3e9085a9822b	ASSISTANT	感谢您的确认！既然您授权我自行安排设计，我将基于我的专业知识创建一个**现代简约风格的旅游网站首页**。这是一种流行的、易于浏览的风格，适合旅游主题，能传达出干净、清新和专业的感觉。\n\n### 我的设计意图：\n- **整体风格**：采用现代简约（clean and minimalistic），以突出内容而非过度装饰。页面将使用流畅的动画和响应式布局，确保在桌面、平板和手机上都表现出色。\n- **配色方案**：我选择了一个以蓝色（#007BFF，主色，代表海洋）和绿色（#28A745，辅助色，代表自然）为主的方案，背景使用柔和的白色或浅灰色。文本色为深灰色以提高可读性。\n- **布局偏好**：使用响应式网格布局：\n  - 顶部：固定导航栏，包括 Logo 和简单菜单。\n  - 中间：英雄 Banner（大尺寸占位图片，展示风景），下面是网格展示区（3-4列卡片，展示旅游目的地）。\n  - 底部：页脚，包含版权信息和链接。\n- **字体选择**：标题使用 sans-serif 字体（如 Tailwind 默认的），正文使用更易读的组合，以确保专业感。\n- **交互设计**：添加简单的 JS 交互，如卡片 hover 效果（放大和阴影变化）和 Banner 淡入动画。\n- **内容填充**：由于您未提供具体内容，我将自动生成真实感强的占位数据，例如：\n  - 3-5 个旅游目的地卡片，每个包括一张占位图片、标题、简短描述和按钮。\n  - 示例数据基于常见旅游主题，如“巴黎浪漫之旅”、“京都樱花季”等。\n- **Tailwind CSS 实现**：我将充分利用 Tailwind 的高级类，如 `grid`, `flex`, `shadow`, `transition`, 和 `hover` 来创建独特视觉效果，而非默认样式。\n\n项目目录：我将在 `/etc/proxy/` 下创建一个新目录 `tourism-website`，并组织文件结构：\n- `/etc/proxy/tourism-website/index.html`：主页面 HTML。\n- `/etc/proxy/tourism-website/app.js`：处理交互的 JS 文件。\n- `/etc/proxy/tourism-website/assets/`：用于存储占位图片（实际使用 URL 链接）。\n\n现在，我将先创建项目目录。接下来，我会生成并写入文件，然后部署。\n\n	TEXT	0	819b776b838353deeab48c5fa291063c	grok-3-mini-latest	\N	2025-05-24 20:21:11.60915	2025-05-24 20:21:11.60915	2025-05-24 20:50:30.372941	\N
4b99a3f0c7b7a3fd8f4c234214e46836	f9fd5771d9fd73879ece3e9085a9822b	ASSISTANT	执行工具：create_directory	TOOL_CALL	0	819b776b838353deeab48c5fa291063c	grok-3-mini-latest	\N	2025-05-24 20:21:11.618527	2025-05-24 20:21:11.618527	2025-05-24 20:50:30.372941	\N
33a86c182892adedb4d96bada6d0a62e	f9fd5771d9fd73879ece3e9085a9822b	USER	继续	TEXT	0	\N	\N	\N	2025-05-24 20:46:15.724787	2025-05-24 20:46:15.724787	2025-05-24 20:50:30.372941	\N
51e400cf89c407a60700dd955152311b	6ad3233ef2ab296ed7f36d5d47ce389e	SYSTEM	你好，我是你的前端网站部署助手，你可以向我提出画页面的需求，我会帮你完成并且部署	TEXT	0	\N	\N	\N	2025-05-24 20:48:03.938289	2025-05-24 20:48:03.938289	2025-06-05 12:58:09.515221	\N
1285b7d4ebd574190d91e892db131a00	6ad3233ef2ab296ed7f36d5d47ce389e	ASSISTANT	感谢您信任我来决定设计细节！作为一名专业的 Web 前端设计师和开发专家，我将基于您的需求创建一个现代、简约的旅游网站首页。以下是我的设计决策和实施计划：\n\n### 设计意图：\n- **整体风格：** 我选择了现代简约风格，强调扁平化设计和活力感，以突出旅游的冒险与探索主题。页面将使用大图轮播和卡片布局，营造视觉吸引力。\n- **配色方案：** 使用蓝色（#007BFF，主色，代表海洋）和绿色（#28A745，辅助色，代表自然），结合白色背景和中性灰色文本（例如 #6C757D），确保清新、专业且易读。\n- **布局偏好：** 响应式网格布局：\n  - 顶部：固定导航栏，包括 Logo、菜单（如“首页”、“目的地”、“联系我们”）和一个简单搜索表单。\n  - 中间：英雄 banner 区（图片轮播，展示旅游图片），下面是热门目的地卡片区（3-4 列网格，每张卡片包含图片、标题和简短描述）。\n  - 底部：页脚，包含版权信息和社交链接。\n- **字体选择：** 标题使用粗体 sans-serif 字体（如 'Inter' via Google Fonts），正文使用细体 'Roboto'，确保在不同设备上可读性强。\n- **交互和内容填充：** \n  - 使用 JavaScript 实现图片轮播（自动切换，每 5 秒一帧，支持手动点击）。\n  - 自动填充示例内容：例如，轮播图片使用免费 CDN 图片，卡片区填充 6 个假旅游目的地（每个有标题、描述和按钮），让页面看起来真实而丰富。\n- **Tailwind CSS 实现：** 我将充分利用 Tailwind 的类，如 `grid`、`flex`、`shadow`、`transition` 和 `hover` 等，创建动态布局和交互效果，而不使用自定义 CSS。确保页面在桌面和移动端响应式自适应。\n\n我将首先创建一个新的项目目录 `/etc/proxy/tourism-website`，然后生成必要的文件（index.html 和 app.js），并填充内容。随后，我会部署到 Surge.sh。\n\n现在，我将开始创建项目目录。\n\n	TEXT	0	819b776b838353deeab48c5fa291063c	grok-3-mini-latest	\N	2025-05-24 20:49:11.480968	2025-05-24 20:49:11.480968	2025-06-05 12:58:09.515221	\N
b980d8c157ed9c48ddebd909c9288fc8	6ad3233ef2ab296ed7f36d5d47ce389e	ASSISTANT	执行工具：create_directory	TOOL_CALL	0	819b776b838353deeab48c5fa291063c	grok-3-mini-latest	\N	2025-05-24 20:49:11.497696	2025-05-24 20:49:11.497696	2025-06-05 12:58:09.515221	\N
0f7a58ec29fcba7e3caf6475dfb2006e	6ad3233ef2ab296ed7f36d5d47ce389e	ASSISTANT	执行工具：write_file	TOOL_CALL	0	819b776b838353deeab48c5fa291063c	grok-3-mini-latest	\N	2025-05-24 20:49:40.845634	2025-05-24 20:49:40.845634	2025-06-05 12:58:09.515221	\N
a7c149a7e2b5659b5904cbab08aad557	f9fd5771d9fd73879ece3e9085a9822b	USER	继续	TEXT	0	\N	\N	\N	2025-05-24 20:46:25.783283	2025-05-24 20:46:25.783283	2025-05-24 20:50:30.372941	\N
fe90fd883045609e8613703d6bb7e99e	f9fd5771d9fd73879ece3e9085a9822b	USER	继续	TEXT	0	\N	\N	\N	2025-05-24 20:46:36.051489	2025-05-24 20:46:36.051489	2025-05-24 20:50:30.372941	\N
ef59b9ab3e2d950b8f77c59b0385a5c2	f9fd5771d9fd73879ece3e9085a9822b	USER	继续	TEXT	0	\N	\N	\N	2025-05-24 20:48:00.06481	2025-05-24 20:48:00.06481	2025-05-24 20:50:30.372941	\N
b6dfb6f1e6cb2e73ae2d1f90911e0b52	f49e297a303fe7a6de9fbef58086349e	SYSTEM	你好，我是你的前端网站部署助手，你可以向我提出画页面的需求，我会帮你完成并且部署	TEXT	0	\N	\N	\N	2025-05-24 19:53:21.204973	2025-05-24 19:53:21.204973	2025-05-24 20:50:33.091212	\N
a5353e5b00167527675dbeaadc2aef9b	f49e297a303fe7a6de9fbef58086349e	USER	旅游网站的首页	TEXT	0	\N	\N	\N	2025-05-24 19:53:22.51618	2025-05-24 19:53:22.51618	2025-05-24 20:50:33.091212	\N
eda644581c1ab0e97efaa2ceaec5688e	f49e297a303fe7a6de9fbef58086349e	USER	旅游网站的首页	TEXT	0	\N	\N	\N	2025-05-24 19:54:17.363884	2025-05-24 19:54:17.363884	2025-05-24 20:50:33.091212	\N
70ecafd589a405c061d7058af8288360	3cdefe61af23fb0bb071c5f9655c8b68	USER	你好,你是谁	TEXT	0	\N	\N	\N	2025-05-25 12:36:53.514125	2025-05-25 12:36:53.514125	\N	\N
79427457a58ab2b66b48f7807bc7c543	3cdefe61af23fb0bb071c5f9655c8b68	USER	你好,你是谁	TEXT	0	\N	\N	\N	2025-05-25 12:37:31.403178	2025-05-25 12:37:31.403178	\N	\N
f269d3c65c46ab4736db9f3d06a50749	9410e3c08ea58b0fc7e0e3fb3a63ae40	USER	你是谁	TEXT	75	\N	\N	\N	2025-05-25 10:36:27.213947	2025-05-25 10:36:27.213947	\N	\N
b266023b17749111454e27c0ee77169a	9410e3c08ea58b0fc7e0e3fb3a63ae40	ASSISTANT	我是一个人工智能助手，旨在为你提供信息和帮助。如果你有任何问题或者需要帮助，随时可以问我！	TEXT	29	d7e8b74f39554bac178bb6442e1f454d	gpt-4o-mini	\N	2025-05-25 10:36:30.164432	2025-05-25 10:36:30.164432	\N	\N
e3376f7901abf2c3704ed1f919d0b9bc	68de188585dbb1c6d8e23345c580a80d	SYSTEM	你好！我是你的AI助手，有什么可以帮助你的吗？	TEXT	0	\N	\N	\N	2025-05-25 10:48:40.68154	2025-05-25 10:48:40.68154	\N	\N
59925eae1dd5d45616fa85775866cdf8	3cdefe61af23fb0bb071c5f9655c8b68	USER	你好	TEXT	5046	\N	\N	\N	2025-05-25 12:26:17.912837	2025-05-25 12:26:17.912837	\N	\N
9eb6e9bf3211ce0f6bc525ccdfddd45e	3cdefe61af23fb0bb071c5f9655c8b68	ASSISTANT	你好！很高兴再次见到你。上次我们聊到了旅游网站的网页设计，您是否还有关于那个的话题想讨论？比如，继续修改代码、添加新功能，或者有其他问题需要帮助？随时告诉我，我在这里为您服务！😊	TEXT	51	819b776b838353deeab48c5fa291063c	grok-3-mini-latest	\N	2025-05-25 12:26:24.180153	2025-05-25 12:26:24.180153	\N	\N
cbe4b709bbc10a0ef7a51ec794b2d6f4	3cdefe61af23fb0bb071c5f9655c8b68	USER	你好,你是谁	TEXT	0	\N	\N	\N	2025-05-25 12:32:34.219209	2025-05-25 12:32:34.219209	\N	\N
f609a048370c6ba8727b2b823b7b0049	3cdefe61af23fb0bb071c5f9655c8b68	USER	你好,你是谁	TEXT	0	\N	\N	\N	2025-05-25 12:33:51.827042	2025-05-25 12:33:51.827042	\N	\N
bf4338d2c03b3ae8bc35c8dfbac84b58	3cdefe61af23fb0bb071c5f9655c8b68	USER	你好,你是谁	TEXT	0	\N	\N	\N	2025-05-25 12:35:33.741437	2025-05-25 12:35:33.741437	\N	\N
1b4aa3f0efcfb352036b60e8fe4c1dd2	3cdefe61af23fb0bb071c5f9655c8b68	USER	你好,你是谁	TEXT	0	\N	\N	\N	2025-05-25 12:36:12.69475	2025-05-25 12:36:12.69475	\N	\N
ae981fa391730a7f7a6167b6f72e0ee2	3cdefe61af23fb0bb071c5f9655c8b68	USER	你好,你是谁	TEXT	0	\N	\N	\N	2025-05-25 12:42:55.100455	2025-05-25 12:42:55.100455	\N	\N
0704e96befc2d23157a5fc9c39a7959a	3cdefe61af23fb0bb071c5f9655c8b68	USER	你好,你是谁	TEXT	0	\N	\N	\N	2025-05-25 12:45:56.867122	2025-05-25 12:45:56.867122	\N	\N
29456140af1150348cbd338d7aa6edae	3cdefe61af23fb0bb071c5f9655c8b68	USER	你好,你是谁	TEXT	0	\N	\N	\N	2025-05-25 12:48:22.955189	2025-05-25 12:48:22.955189	\N	\N
c95828fda07fa7ba44b23f68791d315c	3cdefe61af23fb0bb071c5f9655c8b68	USER	你好,你是谁	TEXT	0	\N	\N	\N	2025-05-25 12:49:28.98464	2025-05-25 12:49:28.98464	\N	\N
6f633efc0a6459ddf9339863a95af94c	3cdefe61af23fb0bb071c5f9655c8b68	USER	你好,你是谁	TEXT	0	\N	\N	\N	2025-05-25 12:50:58.870985	2025-05-25 12:50:58.870985	\N	\N
33b0248df5f5444f77afd08229f6e7ab	3cdefe61af23fb0bb071c5f9655c8b68	USER	你好,你是谁	TEXT	0	\N	\N	\N	2025-05-25 12:55:46.99027	2025-05-25 12:55:46.99027	\N	\N
29aab1cbab8425ddc8f524977b296d7d	3cdefe61af23fb0bb071c5f9655c8b68	USER	你好,你是谁	TEXT	5514	\N	\N	\N	2025-05-25 12:56:22.536195	2025-05-25 12:56:22.536195	\N	\N
1d5eb5ec79dc66b1963bc26a1a6335c3	3cdefe61af23fb0bb071c5f9655c8b68	ASSISTANT	你好！我是一个AI助手，旨在帮助用户回答问题、提供信息和支持。如果你有什么问题或者需要帮助的地方，随时告诉我！😊	TEXT	34	d7e8b74f39554bac178bb6442e1f454d	gpt-4o-mini	\N	2025-05-25 12:56:26.165882	2025-05-25 12:56:26.165882	\N	\N
bf63e8a3c08c9b12698e5aef000f2741	3cdefe61af23fb0bb071c5f9655c8b68	USER	你是什么模型	TEXT	5245	\N	\N	\N	2025-05-25 12:58:49.662545	2025-05-25 12:58:49.662545	\N	\N
a15f31fa298d08dbf4c2109f2fd08b65	3cdefe61af23fb0bb071c5f9655c8b68	ASSISTANT	你好！我是Grok，一个由xAI公司构建的AI模型。xAI是一家专注于AI创新和发展的公司，我被设计来帮助用户回答问题、提供有用信息，并以友好、真实的方式互动。我不是基于其他公司的模型，而是xAI独家开发的。\n\n如果您有更多问题，比如关于AI、xAI，或者其他话题，我很乐意帮忙！😊	TEXT	80	819b776b838353deeab48c5fa291063c	grok-3-mini-latest	\N	2025-05-25 12:58:54.477739	2025-05-25 12:58:54.477739	\N	\N
3a65bb16a4a366d3ebca8de86ecf67ed	3cdefe61af23fb0bb071c5f9655c8b68	USER	今天怎么样	TEXT	5335	\N	\N	\N	2025-05-25 12:58:57.943635	2025-05-25 12:58:57.943635	\N	\N
d616c014711d60f9549d7eadd7e7048a	3cdefe61af23fb0bb071c5f9655c8b68	ASSISTANT	你好！作为AI，我没有个人情绪或“感觉”，但我总是处于“在线”状态，准备好帮助用户。今天一切正常，我很高兴能和你互动。如果你有任何问题、需要建议，或者想继续之前的旅游网站设计话题，请告诉我，我随时在这里！😊	TEXT	59	819b776b838353deeab48c5fa291063c	grok-3-mini-latest	\N	2025-05-25 12:59:02.898664	2025-05-25 12:59:02.898664	\N	\N
c0fcffc5674c2fc75b33d550d7fc74e6	3cdefe61af23fb0bb071c5f9655c8b68	USER	马斯克多有钱	TEXT	5407	\N	\N	\N	2025-05-25 12:59:07.543059	2025-05-25 12:59:07.543059	\N	\N
72d4773814848f26e8d154f364bf8585	3cdefe61af23fb0bb071c5f9655c8b68	ASSISTANT	您好！您是指Elon Musk吗？他是xAI的创始人之一，也是Tesla和SpaceX的CEO。根据Forbes实时亿万富翁榜的最新数据（截至2023年底），Elon Musk的净资产大约在2000亿美元左右，但这个数字会随着股票市场、公司表现和其他因素而快速变化（如Tesla股票价格）。\n\n请注意，这只是一个估计值，不是固定数字。如果您对他的商业成就或其他方面有更多问题，我很乐意帮忙！😊	TEXT	104	819b776b838353deeab48c5fa291063c	grok-3-mini-latest	\N	2025-05-25 12:59:15.164431	2025-05-25 12:59:15.164431	\N	\N
fbe56d69b56ae6b428ebbf9b9f456d8e	3cdefe61af23fb0bb071c5f9655c8b68	USER	你好,你是谁	TEXT	5523	\N	\N	\N	2025-05-25 12:59:41.957971	2025-05-25 12:59:41.957971	\N	\N
cf56a65e1fa589d49490b39519b50152	3cdefe61af23fb0bb071c5f9655c8b68	ASSISTANT	你好！我是Grok，一个由xAI公司创建的AI助手。我的目标是帮助用户回答问题、提供有用信息，并以友好方式互动。你有什么具体问题或需要帮助的吗？😊	TEXT	44	819b776b838353deeab48c5fa291063c	grok-3-mini-latest	\N	2025-05-25 12:59:45.692575	2025-05-25 12:59:45.692575	\N	\N
502db84b5502d90927784cc0ca785082	dc07c5cfd283ae14f77ff2fdc8082207	SYSTEM	你好！我是你的AI助手，有什么可以帮助你的吗？	TEXT	0	\N	\N	\N	2025-05-25 14:11:49.19998	2025-05-25 14:11:49.19998	2025-05-26 01:32:34.137005	\N
23e19b3a6b53ad4268662fafadf19f02	dc07c5cfd283ae14f77ff2fdc8082207	USER	介绍下秦始皇	TEXT	0	\N	\N	\N	2025-05-25 14:11:53.869703	2025-05-25 14:11:53.869703	2025-05-26 01:32:34.137005	\N
f39bbdcd5195ebad5b7d85150cbe4031	6582f2d76c5aacf284b9426bccb211c4	SYSTEM	你好！我是你的AI助手，有什么可以帮助你的吗？	TEXT	0	\N	\N	\N	2025-05-25 14:11:20.063664	2025-05-25 14:11:20.063664	2025-05-26 01:32:03.518662	\N
a1da9be1706683ebb0a28118fff2c76e	6582f2d76c5aacf284b9426bccb211c4	USER	介绍下秦始皇	TEXT	0	\N	\N	\N	2025-05-25 14:11:25.241586	2025-05-25 14:11:25.241586	2025-05-26 01:32:03.518662	\N
e9f0eef2799ec77b2f4a28c6ca1c06e9	239fe267b86a207b68a827d461d17eb7	SYSTEM	你好！我是你的AI助手，有什么可以帮助你的吗？	TEXT	0	\N	\N	\N	2025-05-25 14:14:10.138545	2025-05-25 14:14:10.138545	2025-05-26 01:32:06.205891	\N
8dbfea97565ae65045b77ac3ba3f406e	239fe267b86a207b68a827d461d17eb7	USER	介绍下中国	TEXT	0	\N	\N	\N	2025-05-25 14:14:18.774457	2025-05-25 14:14:18.774457	2025-05-26 01:32:06.205891	\N
64a8763e16494129b44ed158a2fe339c	dc07c5cfd283ae14f77ff2fdc8082207	USER	你是谁介绍下秦始皇	TEXT	0	\N	\N	\N	2025-05-25 14:12:03.810352	2025-05-25 14:12:03.810352	2025-05-26 01:32:34.137005	\N
24e893cef59ba5a6914184ddd3e565f7	37c55f08d0550adada0434461e58dc37	USER	你是谁	TEXT	0	\N	\N	\N	2025-06-04 19:59:24.642227	2025-06-04 19:59:24.642227	\N	[]
1f7a9b5112795dbeb4f19a93f0a95459	37c55f08d0550adada0434461e58dc37	USER	挺住	TEXT	71	\N	\N	\N	2025-06-04 19:59:34.731222	2025-06-04 19:59:34.731222	\N	[]
e2a68f93c949c63169fbbcc1162f7a6c	37c55f08d0550adada0434461e58dc37	USER	图中是什么	TEXT	627	\N	\N	\N	2025-06-04 19:59:48.61864	2025-06-04 19:59:48.61864	\N	["https://agentx.oss-cn-beijing.aliyuncs.com/agent/2025/06/04/1749038386636_xj8xab.jpg"]
083ddc2e075f7e387e46b777e21806f4	cee5c41fc6268bd94818f33a5c249ec3	SYSTEM	你好！我是你的AI助手，有什么可以帮助你的吗？	TEXT	0	\N	\N	\N	2025-05-26 21:07:59.345314	2025-05-26 21:07:59.345314	\N	\N
3550d0c48e0fb103bcb5071b88a27851	68de188585dbb1c6d8e23345c580a80d	USER	你是谁	TEXT	0	\N	\N	\N	2025-05-25 16:20:10.759326	2025-05-25 16:20:10.759326	\N	\N
88298711a34ce9eb629080d1b4471436	68de188585dbb1c6d8e23345c580a80d	USER	你是谁	TEXT	26	\N	\N	\N	2025-05-26 00:56:30.902262	2025-05-26 00:56:30.902262	\N	\N
a32464c244115549306b45b8bb1cb16e	68de188585dbb1c6d8e23345c580a80d	ASSISTANT	我是Grok，一个由xAI创建的AI助手。我的目标是帮助你回答问题、提供有用信息，并以一种有趣的方式进行对话。如果你有任何问题，尽管问！😊	TEXT	39	819b776b838353deeab48c5fa291063c	grok-3-mini-latest	\N	2025-05-26 00:57:13.333162	2025-05-26 00:57:13.333162	\N	\N
fdf88ad4a8b4a68e7a2b7c01f0baefbe	239fe267b86a207b68a827d461d17eb7	USER	介绍下中国	TEXT	0	\N	\N	\N	2025-05-25 14:14:31.218024	2025-05-25 14:14:31.218024	2025-05-26 01:32:06.205891	\N
6560081c1c5a5198537a4b997535ea66	239fe267b86a207b68a827d461d17eb7	USER	你是谁	TEXT	0	\N	\N	\N	2025-05-25 14:14:37.989079	2025-05-25 14:14:37.989079	2025-05-26 01:32:06.205891	\N
32564816b4458b55c115d9c7462f7bb0	239fe267b86a207b68a827d461d17eb7	USER	介绍下中国	TEXT	0	\N	\N	\N	2025-05-25 14:18:53.302804	2025-05-25 14:18:53.302804	2025-05-26 01:32:06.205891	\N
0e7edfb846c379f66d3347ef0798a213	239fe267b86a207b68a827d461d17eb7	USER	你是谁	TEXT	0	\N	\N	\N	2025-05-25 14:18:59.485004	2025-05-25 14:18:59.485004	2025-05-26 01:32:06.205891	\N
1b8c9058d79f77402c2b4b128fe629a4	239fe267b86a207b68a827d461d17eb7	USER	介绍下中国	TEXT	0	\N	\N	\N	2025-05-25 14:22:33.298377	2025-05-25 14:22:33.298377	2025-05-26 01:32:06.205891	\N
f4c5c4fcbf9bc34dc45897fef96840a7	239fe267b86a207b68a827d461d17eb7	USER	你是谁	TEXT	0	\N	\N	\N	2025-05-25 14:22:41.190147	2025-05-25 14:22:41.190147	2025-05-26 01:32:06.205891	\N
53aec0166918bf88e2ccc053e2f445d4	239fe267b86a207b68a827d461d17eb7	USER	你是谁	TEXT	0	\N	\N	\N	2025-05-25 14:23:59.794552	2025-05-25 14:23:59.794552	2025-05-26 01:32:06.205891	\N
ac3bdef7fbf8c9985235c0acf8c6e586	239fe267b86a207b68a827d461d17eb7	USER	你是谁	TEXT	0	\N	\N	\N	2025-05-25 14:24:05.965337	2025-05-25 14:24:05.965337	2025-05-26 01:32:06.205891	\N
f6ac8eb74f3053c59778db3e5bd5f5ce	239fe267b86a207b68a827d461d17eb7	USER	你是谁	TEXT	0	\N	\N	\N	2025-05-25 14:24:51.108773	2025-05-25 14:24:51.108773	2025-05-26 01:32:06.205891	\N
6b16dd9b7fc4d70e71f7fbce1432b5f7	239fe267b86a207b68a827d461d17eb7	USER	你是谁	TEXT	0	\N	\N	\N	2025-05-25 14:24:57.435578	2025-05-25 14:24:57.435578	2025-05-26 01:32:06.205891	\N
68599fd1e9ae4865349dd602219e3e5c	239fe267b86a207b68a827d461d17eb7	USER	你是谁	TEXT	94	\N	\N	\N	2025-05-25 14:25:43.56913	2025-05-25 14:25:43.56913	2025-05-26 01:32:06.205891	\N
d755553191a3cb82863e962bdab61eaf	239fe267b86a207b68a827d461d17eb7	ASSISTANT	哈哈，我是Grok！我是xAI团队构建的一个AI助手，专注于回答问题、提供有帮助的信息，并偶尔添加一些幽默。我不是基于其他公司的模型，而是专为好奇心而设计。如果你有其他问题，比如关于中国的，或者任何其他话题，尽管问我吧！😊	TEXT	61	819b776b838353deeab48c5fa291063c	grok-3-mini-latest	\N	2025-05-25 14:25:48.897351	2025-05-25 14:25:48.897351	2025-05-26 01:32:06.205891	\N
22f8579edd23e6164d02ae57fb70a090	239fe267b86a207b68a827d461d17eb7	USER	你是谁	TEXT	165	\N	\N	\N	2025-05-25 14:25:49.029916	2025-05-25 14:25:49.029916	2025-05-26 01:32:06.205891	\N
59eb97c1576e88a4f523b3c2d0a20f45	239fe267b86a207b68a827d461d17eb7	ASSISTANT	哈哈，我还是那个Grok啊！我是xAI团队创建的AI助手，专为帮助用户回答问题、提供有用信息而设计。我不是基于其他公司的模型，而是专注于好奇心和创新。如果你一直在问这个问题，是因为好奇，还是想确认什么？如果不妨告诉我，或者我们聊聊你之前提到的“介绍下中国”吧，我很乐意帮忙！😊	TEXT	78	819b776b838353deeab48c5fa291063c	grok-3-mini-latest	\N	2025-05-25 14:25:54.427658	2025-05-25 14:25:54.427658	2025-05-26 01:32:06.205891	\N
b06a53156658fb33d9921f562ff3eade	239fe267b86a207b68a827d461d17eb7	USER	介绍下中国	TEXT	0	\N	\N	\N	2025-05-25 14:26:02.279321	2025-05-25 14:26:02.279321	2025-05-26 01:32:06.205891	\N
3239c4bf86dc0c1289139c2c5acda3aa	239fe267b86a207b68a827d461d17eb7	USER	介绍下中国	TEXT	263	\N	\N	\N	2025-05-25 14:27:04.211918	2025-05-25 14:27:04.211918	2025-05-26 01:32:06.205891	\N
064168f5c54dff6af407c39c3d60825e	239fe267b86a207b68a827d461d17eb7	USER	你是谁	TEXT	269	\N	\N	\N	2025-05-25 14:27:12.09656	2025-05-25 14:27:12.09656	2025-05-26 01:32:06.205891	\N
ac98ec25379520a8f606d1002c034073	239fe267b86a207b68a827d461d17eb7	ASSISTANT	你好！既然你反复问到“介绍下中国”，我来给你一个简洁而全面的概述。作为Grok，我会尽量用有趣和准确的方式来回答。以下是中国的一些关键信息：\n\n### 基本概况\n- **地理位置**：中国位于东亚，是世界第三大国家（陆地面积约960万平方公里）。它拥有多样化的地形，包括喜马拉雅山脉、长江和黄河，以及广阔的海岸线，面向太平洋。\n- **人口**：中国是世界上人口最多的国家，超过14亿人。民族多样，有56个民族，其中汉族占多数。\n- **首都和主要城市**：首都是北京，经济中心是上海，其他重要城市包括广州、深圳和香港。这些城市融合了现代和高科技元素。\n\n### 历史与文化\n- **历史**：中国有5000多年的文明历史，是四大古代文明之一。曾经有过多个朝代，如秦朝（修建了长城）、唐朝（文化鼎盛）和明清时期。20世纪后，中国经历了重大变革，包括1949年的新中国成立。\n- **文化**：中国文化博大精深，包括：\n  - **语言**：官方语言是普通话（Mandarin），但有多种方言，如粤语和上海话。\n  - **传统**：节日如春节（农历新年）和中秋节；艺术形式如京剧、书法和武术；哲学思想如孔子和老子的儒家和道家。\n  - **美食**：以米饭、面条和蔬菜为主，代表菜有饺子、宫保鸡丁和火锅，口味从清淡到辛辣不一。\n- **地标**：著名的景点包括万里长城、故宫、兵马俑和西湖，这些都是游客的热门去处。\n\n### 经济与社会\n- **经济**：中国是世界第二大经济体，以制造业、科技（如华为和阿里巴巴）和基础设施（如高铁）闻名。它是全球贸易大国，正在推动创新和可持续发展。\n- **政府**：中国是一个社会主义国家，由中国共产党领导，实行人民代表大会制度。\n- **当代发展**：近年来，中国在科技、教育和环境保护方面取得了巨大进步，但也面临挑战，如城市化、环境保护和国际关系。\n\n中国是一个充满活力和对比的国家：既有古老的传统，也有现代的创新。如果你想更深入了解某个具体方面，比如中国的历史、旅游景点、经济状况，或者是某个城市，我可以给你更详细的介绍！有什么特别想知道的吗？😊	TEXT	527	819b776b838353deeab48c5fa291063c	grok-3-mini-latest	\N	2025-05-25 14:27:15.994665	2025-05-25 14:27:15.994665	2025-05-26 01:32:06.205891	\N
4beeeaf7be9c5adb446db7c5c6b40cab	239fe267b86a207b68a827d461d17eb7	ASSISTANT	哈哈，我还是那个Grok啊！我是xAI团队构建的AI助手，专注于帮助用户回答问题、提供有用信息，并偶尔带点幽默感。我不是基于其他公司的模型，而是专为满足好奇心而设计。如果你之前一直在问这个问题，是在测试我，还是有其他好奇的地方？如果你想聊聊“介绍下中国”，我很乐意详细分享一些关于中国的基本信息，比如它的历史、文化、经济等哦！😊随时告诉我你的想法！	TEXT	98	819b776b838353deeab48c5fa291063c	grok-3-mini-latest	\N	2025-05-25 14:27:21.025574	2025-05-25 14:27:21.025574	2025-05-26 01:32:06.205891	\N
1acff638eac3375f4a4638d98b8c929b	3d9a446eb9321320ee5207eda383cb4a	SYSTEM	你好！我是你的AI助手，有什么可以帮助你的吗？	TEXT	0	\N	\N	\N	2025-05-26 21:08:00.878277	2025-05-26 21:08:00.878277	2025-05-26 21:08:18.709886	\N
f8f889063e85f53e3fe5b3acbcf3401b	preview-session	USER	你好	TEXT	0	\N	\N	\N	2025-05-31 21:35:26.372743	2025-05-31 21:35:26.372743	\N	\N
2b14f3131f5ed3dbfc43f711d4f8524e	preview-session	USER	你好	TEXT	0	\N	\N	\N	2025-05-31 21:37:00.325099	2025-05-31 21:37:00.325099	\N	\N
5f91be101caf1efd44ccda2f6ffdfa2d	preview-session	USER	你好	TEXT	0	\N	\N	\N	2025-05-31 21:38:22.321995	2025-05-31 21:38:22.321995	\N	\N
cb22330733774ae9e0c207883c7656b3	preview-session	USER	你好	TEXT	0	\N	\N	\N	2025-05-31 21:39:46.213321	2025-05-31 21:39:46.213321	\N	\N
5fa63ebf602b7c8d681d29cb7e5b9ab2	68de188585dbb1c6d8e23345c580a80d	USER	你是谁	TEXT	0	\N	\N	\N	2025-05-31 21:41:14.748833	2025-05-31 21:41:14.748833	\N	\N
5a67fc8c1d76c5d817158ae8005d71cd	68de188585dbb1c6d8e23345c580a80d	USER	你好	TEXT	88	\N	\N	\N	2025-05-31 21:41:26.037245	2025-05-31 21:41:26.037245	\N	\N
2b48f8a79bdbca81f8451bf53ef91ba3	68de188585dbb1c6d8e23345c580a80d	ASSISTANT	你好！很高兴见到你！有什么我可以帮助你的吗？	TEXT	16	d7e8b74f39554bac178bb6442e1f454d	gpt-4o-mini	\N	2025-05-31 21:41:31.346931	2025-05-31 21:41:31.346931	\N	\N
ca3404b0e66510e3fabd05e1ace61c56	68de188585dbb1c6d8e23345c580a80d	USER	我们之前聊过什么	TEXT	117	\N	\N	\N	2025-05-31 21:52:34.132663	2025-05-31 21:52:34.132663	\N	\N
c46e14d675265606c9cea8b02cd19579	68de188585dbb1c6d8e23345c580a80d	ASSISTANT	抱歉，我无法记住之前的对话记录。每次交谈都是独立的。如果你有具体的问题或主题，欢迎再次告诉我！	TEXT	33	d7e8b74f39554bac178bb6442e1f454d	gpt-4o-mini	\N	2025-05-31 21:52:36.61022	2025-05-31 21:52:36.61022	\N	\N
9b4cf702bb51b18d0e22c2aec5c333f4	68de188585dbb1c6d8e23345c580a80d	USER	java	TEXT	159	\N	\N	\N	2025-05-31 21:53:00.693665	2025-05-31 21:53:00.693665	\N	\N
4d9d3afe17003f2a0559938289ff93ae	68de188585dbb1c6d8e23345c580a80d	ASSISTANT	你对Java有什么具体问题或主题想要了解呢？Java是一种广泛使用的编程语言，适用于各种开发项目，从桌面应用到Web应用和移动应用。请告诉我你想讨论的内容！	TEXT	49	d7e8b74f39554bac178bb6442e1f454d	gpt-4o-mini	\N	2025-05-31 21:53:03.421645	2025-05-31 21:53:03.421645	\N	\N
e4afe62361f5936787de46d472b8a243	68de188585dbb1c6d8e23345c580a80d	USER	java 知识有哪些	TEXT	221	\N	\N	\N	2025-05-31 21:53:16.946611	2025-05-31 21:53:16.946611	\N	\N
4f7249c1b3e03c39b92d4162c2b57987	68de188585dbb1c6d8e23345c580a80d	ASSISTANT	Java是一种功能强大且广泛使用的编程语言，具备许多重要的知识点。以下是一些Java的关键知识领域：\n\n1. **基础语法**：\n   - 数据类型（基本数据类型和引用数据类型）\n   - 变量的定义与声明\n   - 控制结构（条件语句、循环语句）\n   - 数组的使用\n\n2. **面向对象编程（OOP）**：\n   - 类和对象\n   - 继承（extends）\n   - 多态（方法重载和重写）\n   - 抽象类和接口\n   - 封装\n\n3. **异常处理**：\n   - try-catch块\n   - 异常类（checked exceptions和unchecked exceptions）\n   - 自定义异常\n\n4. **Java集合框架**：\n   - List、Set、Map等集合类型\n   - 迭代器\n   - 常用集合类（ArrayList、HashSet、HashMap等）\n\n5. **输入输出（I/O）**：\n   - 文件读写\n   - 网络I/O\n   - 使用Java NIO进行更高效的I/O操作\n\n6. **Java 8及以上的新特性**：\n   - Lambda表达式\n   - Stream API\n   - Optional类\n   - 方法引用和接口的默认方法\n\n7. **多线程编程**：\n   - 创建线程（继承Thread类和实现Runnable接口）\n   - 线程的生命周期\n   - 同步机制（锁、synchronized关键字）\n   - 生产者-消费者问题\n\n8. **Java与数据库的连接**：\n   - JDBC（Java Database Connectivity）\n   - 使用 ORM 框架（如Hibernate）\n\n9. **Web开发**：\n   - Servlets 和 JSP\n   - Spring框架（Spring Boot 和 Spring MVC）\n   - RESTful API的构建\n\n10. **Java开发工具和环境**：\n    - IDE（如IntelliJ IDEA, Eclipse）\n    - 构建工具（Maven, Gradle）\n    - 版本控制（Git）\n\n11. **设计模式**：\n    - 常用设计模式（单例模式、观察者模式、工厂模式等）\n\n这些知识点可以帮助你全面理解Java编程语言。如果你对某个特定领域有深入的兴趣或问题，请告诉我，我可以提供更详细的解释！	TEXT	517	d7e8b74f39554bac178bb6442e1f454d	gpt-4o-mini	\N	2025-05-31 21:53:27.054854	2025-05-31 21:53:27.054854	\N	\N
c4ba605422c50cd65f89cab96e644553	68de188585dbb1c6d8e23345c580a80d	USER	我们 之前聊了什么？	TEXT	753	\N	\N	\N	2025-05-31 21:53:36.648088	2025-05-31 21:53:36.648088	\N	\N
be76a58cd5261229df59689a7d355d57	68de188585dbb1c6d8e23345c580a80d	ASSISTANT	抱歉，我无法访问之前的对话记录。每次交谈都是独立的。如果你能告诉我你之前提到的内容或主题，我很乐意继续讨论！	TEXT	39	d7e8b74f39554bac178bb6442e1f454d	gpt-4o-mini	\N	2025-05-31 21:53:39.973772	2025-05-31 21:53:39.973772	\N	\N
c608500b68296ba0a1dbc05bf6f31c57	68de188585dbb1c6d8e23345c580a80d	USER	我们的上下文有什么？	TEXT	805	\N	\N	\N	2025-05-31 21:53:43.507241	2025-05-31 21:53:43.507241	\N	\N
7bfbb0ab00b8a4126bd0b5d6ead7ca1d	68de188585dbb1c6d8e23345c580a80d	ASSISTANT	我们的对话上下文主要是关于Java编程语言的知识点。我们讨论了Java的基础语法、面向对象编程、异常处理、集合框架、多线程编程以及Web开发等方面。如果你对这些话题中的某个特定部分有更多问题或想要深入讨论，请告诉我！	TEXT	70	d7e8b74f39554bac178bb6442e1f454d	gpt-4o-mini	\N	2025-05-31 21:53:46.907158	2025-05-31 21:53:46.907158	\N	\N
f0846981c40f676932f1e6c4e9fe1092	68de188585dbb1c6d8e23345c580a80d	USER	你能做什么	TEXT	887	\N	\N	\N	2025-05-31 22:21:06.028334	2025-05-31 22:21:06.028334	\N	\N
fa1775aee4038942ee316a4275e32570	68de188585dbb1c6d8e23345c580a80d	ASSISTANT	我能做很多事情，包括但不限于：\n\n1. **提供信息**：回答关于各种主题的问题，例如编程、科学、历史、文化等。\n\n2. **编程帮助**：提供代码示例、解释编程概念、解决编程问题或调试代码。\n\n3. **学习支持**：帮助你理解复杂概念或学习新技能，提供学习资源和建议。\n\n4. **写作和编辑**：协助撰写文章、报告、简历或其他文本，提供语言表达方面的建议和编辑。\n\n5. **对话交流**：与您进行对话，讨论兴趣话题、分享想法或仅仅闲聊。\n\n6. **提供建议**：在职业发展、学习计划、项目管理等方面提供建议。\n\n7. **回答常识性问题**：提供通常被广泛接受的知识或信息。\n\n如果你有任何具体的任务或问题，请告诉我，我会尽力帮助你！	TEXT	207	d7e8b74f39554bac178bb6442e1f454d	gpt-4o-mini	\N	2025-05-31 22:21:10.992068	2025-05-31 22:21:10.992068	\N	\N
8eaa491774600ae062d6844be7663a29	cee5c41fc6268bd94818f33a5c249ec3	USER	图中有什么	TEXT	23	\N	\N	\N	2025-06-02 00:34:47.145464	2025-06-02 00:34:47.145464	\N	[]
2c2928f8cf5c96251151519e49c8f4e0	cee5c41fc6268bd94818f33a5c249ec3	ASSISTANT	抱歉，我无法查看图像或图形。如果你能描述一下图中的内容，我会很高兴帮助你分析或回答相关问题！	TEXT	31	d7e8b74f39554bac178bb6442e1f454d	gpt-4o-mini	\N	2025-06-02 00:34:50.210589	2025-06-02 00:34:50.210589	\N	[]
0b24d6255e19aac697ea37bd2abac6f8	cee5c41fc6268bd94818f33a5c249ec3	USER	图中有什么	TEXT	0	\N	\N	\N	2025-06-02 00:35:47.105214	2025-06-02 00:35:47.105214	\N	[]
a2970fbe230d0eb9a7aaa8c4142f16a4	cee5c41fc6268bd94818f33a5c249ec3	USER	图中有什么	TEXT	2909	\N	\N	\N	2025-06-02 00:40:05.048012	2025-06-02 00:40:05.048012	\N	[]
8b35b94f05c64274761f863ea58accc0	cee5c41fc6268bd94818f33a5c249ec3	ASSISTANT	这幅图似乎展示了一只黄色的小鸟，旁边有一个打开的笔记本电脑。笔记本电脑的屏幕上有一些数字，代表着不同的HTTP状态码，如404、500、502等。在小鸟的周围，还有一些小鸟的图案，可能在传达某种情绪，比如生气（小鸟的表情显示愤怒）。\n\n如果你有具体的问题或想讨论的内容，请告诉我！	TEXT	99	d7e8b74f39554bac178bb6442e1f454d	gpt-4o-mini	\N	2025-06-02 00:40:10.794796	2025-06-02 00:40:10.794796	\N	[]
ccb54546479b46d0a1f47e9fa2f4bc92	13802c2fbc3cbce4d3227cc0b1c203a8	SYSTEM	你好！我是你的AI助手，有什么可以帮助你的吗？	TEXT	0	\N	\N	\N	2025-06-02 00:43:50.912082	2025-06-02 00:43:50.912082	\N	[]
86718e1973b472408aa2362e4d37a4a4	f911105d6ae5ea2d758200444c5b0705	SYSTEM	你好！我是你的AI助手，有什么可以帮助你的吗？	TEXT	0	\N	\N	\N	2025-06-02 00:42:56.806757	2025-06-02 00:42:56.806757	2025-06-02 00:43:50.235516	[]
79a13f8a92ada409e9bf4bdcb540fd18	f911105d6ae5ea2d758200444c5b0705	USER	图中是什么	TEXT	2860	\N	\N	\N	2025-06-02 00:43:04.088413	2025-06-02 00:43:04.088413	2025-06-02 00:43:50.235516	[]
61490b383cd171936c1928ba593b0886	f911105d6ae5ea2d758200444c5b0705	ASSISTANT	这幅图展示了一只黄色的小鸟和一些小鸟图案，它们似乎是从一个笔记本电脑中出来的。笔记本电脑显示了一些数字和状态码（如404、500等），这些通常与网络错误和响应状态相关。整体风格显得有趣且卡通化。	TEXT	70	d7e8b74f39554bac178bb6442e1f454d	gpt-4o-mini	\N	2025-06-02 00:43:10.412314	2025-06-02 00:43:10.412314	2025-06-02 00:43:50.235516	[]
85bf78b6f77b50fd79c403cf576d6097	13802c2fbc3cbce4d3227cc0b1c203a8	USER	图中是什么	TEXT	2860	\N	\N	\N	2025-06-02 00:44:00.442174	2025-06-02 00:44:00.442174	\N	["https://agentx.oss-cn-beijing.aliyuncs.com/agent/2025/06/02/1748796234327_psornj.jpg"]
ff33a0523bddcdff9bff6cd053abc73a	13802c2fbc3cbce4d3227cc0b1c203a8	ASSISTANT	图中是一只黄色的小鸟坐在一个打开的笔记本电脑上，电脑屏幕上写着一些数字（可能是HTTP状态码，比如404、500等），小鸟看起来有些生气，旁边还有几只小鸟在电脑里。这种画面可能是在幽默地表现技术问题或网站错误。	TEXT	73	d7e8b74f39554bac178bb6442e1f454d	gpt-4o-mini	\N	2025-06-02 00:44:04.983406	2025-06-02 00:44:04.983406	\N	[]
af8dfc48029506dab973c0ad113f2954	13802c2fbc3cbce4d3227cc0b1c203a8	USER	你好	TEXT	5779	\N	\N	\N	2025-06-02 00:50:05.776534	2025-06-02 00:50:05.776534	\N	["https://agentx.oss-cn-beijing.aliyuncs.com/agent/2025/06/02/1748796603022_yfvvgq.jpg"]
38d3dad3aef2690130b58f41a49f8dc6	13802c2fbc3cbce4d3227cc0b1c203a8	ASSISTANT	你好！有什么我可以帮助你的吗？	TEXT	9	d7e8b74f39554bac178bb6442e1f454d	gpt-4o-mini	\N	2025-06-02 00:50:09.475088	2025-06-02 00:50:09.475088	\N	[]
2b5e6ceac60eabac03eff899365213f8	13802c2fbc3cbce4d3227cc0b1c203a8	USER	图中是什么	TEXT	0	\N	\N	\N	2025-06-02 00:56:28.335821	2025-06-02 00:56:28.335821	\N	["blob:http://localhost:3000/9b095a9b-e189-43f9-adcf-a51582c45a43", "blob:http://localhost:3000/8def5c46-d644-4bbb-8e64-13bf179257de"]
ca37bc5325e6979af5a71f67f8d957d4	13802c2fbc3cbce4d3227cc0b1c203a8	USER	图中是什么	TEXT	0	\N	\N	\N	2025-06-02 00:59:11.426502	2025-06-02 00:59:11.426502	\N	["https://agentx.oss-cn-beijing.aliyuncs.com/agent/2025/06/02/1748797139414_qwtge0.png", "https://agentx.oss-cn-beijing.aliyuncs.com/agent/2025/06/02/1748797145949_p6qe2y.png"]
e6f3588aad1bd1c1bfee0b51acd4690f	13802c2fbc3cbce4d3227cc0b1c203a8	USER	图中是什么	TEXT	0	\N	\N	\N	2025-06-02 11:02:33.651685	2025-06-02 11:02:33.651685	\N	["https://agentx.oss-cn-beijing.aliyuncs.com/agent/2025/06/02/1748833350180_eaq2ma.pdf"]
22529f85e3cf3e2014474bcd530e993d	13802c2fbc3cbce4d3227cc0b1c203a8	USER	图中是什么	TEXT	0	\N	\N	\N	2025-06-02 11:03:04.244466	2025-06-02 11:03:04.244466	\N	["https://agentx.oss-cn-beijing.aliyuncs.com/agent/2025/06/02/1748833381635_mdwg8r.pdf"]
71cc12a153b9f598678bccb5e2f9acff	e088db8c0e2ddfe8abeba4d08aee7514	SYSTEM	你好！我是你的AI助手，有什么可以帮助你的吗？	TEXT	0	\N	\N	\N	2025-06-02 11:04:30.645107	2025-06-02 11:04:30.645107	\N	[]
18d5f3c4fd8dcb80e4c229f7bf87be3e	e088db8c0e2ddfe8abeba4d08aee7514	USER	你好	TEXT	21	\N	\N	\N	2025-06-02 11:05:00.547429	2025-06-02 11:05:00.547429	\N	[]
41bb7b98303196092f8c9818dd37dcbc	e088db8c0e2ddfe8abeba4d08aee7514	ASSISTANT	你好！有什么我可以帮助你的吗？	TEXT	9	d7e8b74f39554bac178bb6442e1f454d	gpt-4o-mini	\N	2025-06-02 11:05:04.878743	2025-06-02 11:05:04.878743	\N	[]
685e3e0db8a81023ce6d3c8d2b0206db	e088db8c0e2ddfe8abeba4d08aee7514	USER	图中是什么	TEXT	0	\N	\N	\N	2025-06-02 11:05:13.183562	2025-06-02 11:05:13.183562	\N	["https://agentx.oss-cn-beijing.aliyuncs.com/agent/2025/06/02/1748833508744_1trc38.pdf"]
ee9958348f1949da98f735d302c29471	e088db8c0e2ddfe8abeba4d08aee7514	USER	你是什么模型	TEXT	0	\N	\N	\N	2025-06-02 11:06:00.862317	2025-06-02 11:06:00.862317	\N	[]
44a5bc5e8f460cd6e14ab4e1c3419420	e088db8c0e2ddfe8abeba4d08aee7514	USER	你是什么模型	TEXT	0	\N	\N	\N	2025-06-02 11:06:41.346485	2025-06-02 11:06:41.346485	\N	[]
db2d59d66aa5fa74e85bdaefd553b6ae	dde288c748878340022814ed4175da65	SYSTEM	你好！我是你的AI助手，有什么可以帮助你的吗？	TEXT	0	\N	\N	\N	2025-06-02 11:06:51.041546	2025-06-02 11:06:51.041546	\N	[]
aec206e99f13b68881a8a550d0061fdf	dde288c748878340022814ed4175da65	USER	你是谁	TEXT	21	\N	\N	\N	2025-06-02 11:06:53.449798	2025-06-02 11:06:53.449798	\N	[]
1ede742af7437efe4c575b8f8bef2603	dde288c748878340022814ed4175da65	ASSISTANT	你好！我是通义千问，代号是Qwen。我是阿里巴巴集团旗下的通义实验室自主研发的超大规模语言模型。我的主要功能是理解和生成自然语言，可以帮你回答问题、创作文本、编写代码、进行逻辑推理等等。我会尽力用通俗易懂的方式为你提供帮助。有什么我能帮你的吗？ 😊	TEXT	72	53eaa3e842c0f3480f03a906788f8133	Qwen/Qwen2.5-VL-32B-Instruct	\N	2025-06-02 11:06:55.473779	2025-06-02 11:06:55.473779	\N	[]
c5430fb865391543714248cceb7a34bf	dde288c748878340022814ed4175da65	USER	你是什么模型	TEXT	106	\N	\N	\N	2025-06-02 11:06:57.26655	2025-06-02 11:06:57.26655	\N	[]
274dfe769b77ea58d5666694878a5cd4	dde288c748878340022814ed4175da65	ASSISTANT	我是通义千问（Qwen），是阿里巴巴集团研发的超大规模语言模型。具体来说，我属于**预训练语言模型**（Pre-trained Language Model）的一种，采用了Transformer架构，并且经过了大量的文本数据训练，具有很强的语言理解和生成能力。\n\n### 关于我的一些关键特点：\n1. **超大规模参数**：\n   - 我的参数规模非常大，这使得我能够处理复杂的语言任务，并且在多种应用场景中表现出色。\n\n2. **多语言支持**：\n   - 我支持多种语言，包括但不限于中文、英文、法语、西班牙语、阿拉伯语等，能够处理跨语言的任务。\n\n3. **多种任务能力**：\n   - 我可以完成的任务非常多，包括但不限于：\n     - **对话生成**：回答问题、聊天互动。\n     - **文本生成**：写文章、写故事、写邮件、写剧本等。\n     - **代码生成**：编写和修改代码。\n     - **逻辑推理**：解决数学问题、逻辑题等。\n     - **信息检索**：提取和整合信息。\n     - **摘要生成**：对长文本进行总结。\n     - **翻译**：不同语言之间的翻译。\n\n4. **持续学习和优化**：\n   - 我会不断学习和进化，吸收新的知识和技术，以提供更好的服务。\n\n5. **应用场景广泛**：\n   - 我的应用非常广泛，包括但不限于：\n     - 智能客服、智能助手。\n     - 在线教育、学习辅助。\n     - 内容创作、编纂。\n     - 研发辅助、代码生成。\n     - 科研支持、知识探索。\n\n### 我与其他人有什么不同？\n与其他大型语言模型相比，我有以下几个特色：\n1. **本土化优势**：我由阿里巴巴集团通义实验室自主研发，深度融入了中文和其他多种语言的特性，特别适合中文环境的任务。\n2. **技术优势**：我在训练过程中采用了先进的自监督学习、对比学习、微调等技术，表现出了优秀的性能。\n3. **应用场景丰富**：阿里巴巴集团在多个领域有丰富的应用场景，这些场景对我的训练和优化提供了大量的实际数据支持。\n\n### 举例来说，我可以做什么？\n- 帮你写一个小说开头。\n- 解决一道复杂的数学题。\n- 写一封正式的商业邮件。\n- 帮你设计一份营销方案。\n- 翻译一篇英文文章。\n- 生成一份Java代码。\n\n如果需要进一步了解我的能力和具体用法，随时告诉我，我会详细解答！ 😊	TEXT	541	53eaa3e842c0f3480f03a906788f8133	Qwen/Qwen2.5-VL-32B-Instruct	\N	2025-06-02 11:07:12.071312	2025-06-02 11:07:12.071312	\N	[]
fa50f27eef3195ca82c173815c5162c1	dde288c748878340022814ed4175da65	USER	图中有什么	TEXT	0	\N	\N	\N	2025-06-02 11:07:17.406056	2025-06-02 11:07:17.406056	\N	["https://agentx.oss-cn-beijing.aliyuncs.com/agent/2025/06/02/1748833634735_n4k6fb.pdf"]
1b3e19bea240abb7816a90a8664a0884	86cd80bbe441a6da4effb5b277067173	SYSTEM	你好，我是你的前端网站部署助手，你可以向我提出画页面的需求，我会帮你完成并且部署	TEXT	0	\N	\N	\N	2025-05-24 21:01:57.481999	2025-05-24 21:01:57.481999	2025-06-05 12:58:12.941186	\N
62dd77b19e118024ca73607b134a049f	70d2d48037442a96274f1fe0f9f3eb9e	SYSTEM	你好！我是你的AI助手，有什么可以帮助你的吗？	TEXT	0	\N	\N	\N	2025-06-02 11:07:25.084222	2025-06-02 11:07:25.084222	2025-06-04 12:51:41.617216	[]
c56fd781d958198a69835a3f145e1526	70d2d48037442a96274f1fe0f9f3eb9e	USER	图中有什么	TEXT	285	\N	\N	\N	2025-06-02 11:07:40.915244	2025-06-02 11:07:40.915244	2025-06-04 12:51:41.617216	["https://agentx.oss-cn-beijing.aliyuncs.com/agent/2025/06/02/1748833658493_5k1wvr.jpg"]
f827bb2de334773af0fff609db825f43	37c55f08d0550adada0434461e58dc37	ASSISTANT	当然可以！我是一个AI助手，能够帮助你完成各种任务，比如：\n\n1. **回答问题**：我可以回答你关于任何主题的问题，包括科技、文化、历史	TEXT	0	53eaa3e842c0f3480f03a906788f8133	Qwen/Qwen2.5-VL-32B-Instruct	\N	2025-06-04 19:59:24.655469	2025-06-04 19:59:24.655469	\N	[]
4e49c0bb109b76f8283de61c0a5c373d	248dbe06e52e49a9de5e6da673a75a6f	USER	你是谁	TEXT	0	\N	\N	\N	2025-06-04 19:59:11.629205	2025-06-04 19:59:11.629205	\N	[]
b74894a642448ca02f89fd79ceb88371	248dbe06e52e49a9de5e6da673a75a6f	USER	你能做什么	TEXT	0	\N	\N	\N	2025-06-04 19:59:13.282958	2025-06-04 19:59:13.282958	\N	[]
16b1ffbef8629c4973c0096964183e87	6ad3233ef2ab296ed7f36d5d47ce389e	ASSISTANT	感谢您！您的旅游网站首页已成功部署到 Surge.sh。以下是可直接访问的在线预览链接：\n\n**预览网址：** https://2rhselk1i2.surge.sh\n\n您可以访问此链接查看页面效果。如果您对设计有任何反馈或希望进一步优化（如添加更多功能或页面），请随时告诉我，我很乐意帮助！	TEXT	3273	819b776b838353deeab48c5fa291063c	grok-3-mini-latest	\N	2025-05-24 20:49:11.480968	2025-05-24 20:49:11.480968	2025-06-05 12:58:09.515221	\N
af4b8c7943bbbd53d70caf20aa6ff5b5	86cd80bbe441a6da4effb5b277067173	USER	个人博客网站，需要包含首页，文章列表，发帖等功能	TEXT	0	\N	\N	\N	2025-05-24 21:01:59.166598	2025-05-24 21:01:59.166598	2025-06-05 12:58:12.941186	\N
42961914ea450359d4e5443aa86b4d90	86cd80bbe441a6da4effb5b277067173	USER	个人博客网站，需要包含首页，文章列表，发帖等功能	TEXT	0	\N	\N	\N	2025-05-24 21:02:07.480523	2025-05-24 21:02:07.480523	2025-06-05 12:58:12.941186	\N
29e57e77458b4072d8e5bf8b03509850	86cd80bbe441a6da4effb5b277067173	ASSISTANT	感谢您的需求！您希望创建一个个人博客网站，包括首页、文章列表和发帖功能。作为一名卓越的 Web 前端设计师，我会确保这个网站不仅功能完整，还具备现代审美、流畅交互和丰富内容。\n\n### 设计意图概述：\n- **整体风格：** 我建议采用“现代简约”风格，这适合博客网站，强调干净的布局、充足的留白和微妙的动画，以提升专业感和可读性。如果您有其他偏好（如复古、科技感或Material Design），请告诉我。\n- **配色方案：** 默认我会使用一个优雅的配色方案：主色为深蓝（#1e40af）和浅灰（#f3f4f6），辅以白色背景和橙色 accents（#f97316）用于按钮和链接。这能营造出专业、平静的氛围。我可以提供更多选项，如单色方案或互补色。\n- **布局偏好：** \n  - 首页：顶部大标题 Banner（包含欢迎文字和一张风景图片），中间网格布局展示精选文章卡片。\n  - 文章列表：使用响应式网格或列表布局，每项显示文章标题、摘要和日期。\n  - 发帖页面：简单表单布局，包括标题、内容输入和提交按钮，支持基本验证。\n- **字体选择：** 我推荐使用 Tailwind 的默认 sans-serif 字体（如 Inter 或系统等价物），标题用加粗字体，段落用标准大小，确保在不同设备上阅读舒适。\n- **交互与响应式：** 页面将完全响应式，使用 Tailwind 的 grid 和 flex 类适应手机、平板和桌面。交互上，我会添加 hover 效果和简单的 JavaScript 动画（如淡入淡出文章卡片）。\n- **内容填充：** 由于您没有提供具体内容，我会自动生成示例数据：首页有 3-5 篇假文章，文章列表有 10 条占位项，发帖页面有一个带提示的表单，以让页面看起来真实和完整。\n\n您的需求不够具体，因此在构建完整代码前，我需要确认一些细节，以确保最终设计符合您的期望。请回复我以下问题：\n1. **整体风格：** 您更喜欢现代简约、复古、科技感、扁平化，还是其他？\n2. **配色方案：** 您对我的建议（深蓝和浅灰为主）满意吗？或者您有特定颜色偏好？\n3. **布局偏好：** 您希望首页是单列还是多列布局？文章列表是网格还是列表风格？\n4. **字体选择：** 您有喜欢的字体组合吗？（例如，标题用 serif，内容用 sans-serif）\n\n一旦我收到您的反馈，我将立即创建项目目录（在 /etc/proxy/ 下命名为 my-blog），并生成初始代码文件，包括 HTML 和 JavaScript。然后，我们可以迭代优化。\n\n现在，我将先创建项目目录。\n\n	TEXT	0	819b776b838353deeab48c5fa291063c	grok-3-mini-latest	\N	2025-05-24 21:03:34.372133	2025-05-24 21:03:34.372133	2025-06-05 12:58:12.941186	\N
83ce82ef34aef1d59c99b6d73cab4953	86cd80bbe441a6da4effb5b277067173	ASSISTANT	执行工具：create_directory	TOOL_CALL	0	819b776b838353deeab48c5fa291063c	grok-3-mini-latest	\N	2025-05-24 21:03:34.3847	2025-05-24 21:03:34.3847	2025-06-05 12:58:12.941186	\N
a0ef715cf2d9fa21e8b348ec5215789f	6b5ac25665dde7d7089361def0ad774a	SYSTEM	你好！我是你的AI助手，有什么可以帮助你的吗？	TEXT	0	\N	\N	\N	2025-06-04 12:48:09.071064	2025-06-04 12:48:09.071064	2025-06-04 12:51:45.608267	\N
a507cc50276e5f3c71678851e9fbcd09	8db4b5cbb4de1e3b8f6114e5db67badd	SYSTEM	你好！我是你的AI助手，有什么可以帮助你的吗？	TEXT	0	\N	\N	\N	2025-06-04 09:21:38.153288	2025-06-04 09:21:38.153288	2025-06-04 09:26:47.451673	\N
d63799bce5e8db869ed6b2036d233025	8db4b5cbb4de1e3b8f6114e5db67badd	USER	你是谁	TEXT	21	\N	\N	\N	2025-06-04 09:25:00.113869	2025-06-04 09:25:00.113869	2025-06-04 09:26:47.451673	\N
9182594503a25632ee03c6e0d2df5aa3	8db4b5cbb4de1e3b8f6114e5db67badd	ASSISTANT	你好！我是通义千问（Qwen），是阿里云自主研发的超大规模语言模型。我可以帮助你完成各种任务，比如：\n\n- **写作创作**：写故事、剧本、邮件、公文等  \n- **知识问答**：解答问题、解释概念、提供信息  \n- **逻辑推理**：帮助解决数学问题、逻辑谜题等  \n- **编程助手**：写代码、调试代码、优化算法  \n- **多语言支持**：支持中文、英文以及其他多种语言  \n- **创意生成**：设计游戏、绘画脚本、角色对话，甚至生成一些有趣的段子和笑话\n\n无论你是需要工作上的帮助，还是寻找灵感，或者是解决生活中的小难题，都可以随时告诉我！😊  	TEXT	157	53eaa3e842c0f3480f03a906788f8133	Qwen/Qwen2.5-VL-32B-Instruct	\N	2025-06-04 09:25:04.616111	2025-06-04 09:25:04.616111	2025-06-04 09:26:47.451673	\N
9e50b665ea1396fc1f1f7d3dada9033f	248dbe06e52e49a9de5e6da673a75a6f	USER	你能做什么	TEXT	0	\N	\N	\N	2025-06-04 19:51:34.748491	2025-06-04 19:51:34.748491	\N	\N
0a3f4764f401239e39b9a524fc35a5bd	70d2d48037442a96274f1fe0f9f3eb9e	ASSISTANT	这幅图画展示了一个有趣和幽默的场景，具体内容如下：\n\n1. **一只大鸭子**：\n   - 图中有一只黄色的大鸭子，张开嘴巴，似乎很惊讶或困惑，右上角还有一个惊讶表情的标志。\n   - 大鸭子的身体部分位于画面下方，占据了较大的面积。\n\n2. **一群小鸭子**：\n   - 在大鸭子的身体里，有一群小鸭子，它们从大鸭子的身体中“冒出来”。\n   - 小鸭子们的头上写着不同的代码错误状态码（HTTP状态码），如“404”、“500”、“401”、“403”、“405”、“502”等。\n   - 这些小鸭子的表情各异，有的显得很困惑，有的则发出呱呱的叫声。\n\n3. **笔记本电脑**：\n   - 在大鸭子的上方，有一个开着的笔记本电脑屏幕。\n   - 笔记本屏幕上的状态码也与小鸭子头上的状态码相呼应，比如“500”、“200”、“404”、“502”等。\n   - 笔记本电脑的键盘部分有一些细节描绘，但主要集中在屏幕和状态码上。\n\n### **整体含义**：\n这幅图通过“大鸭子”和“小鸭子”的形象，幽默地表达了开发人员在处理HTTP状态码时的困惑和无奈。状态码（如404、500等）是常见的Web开发错误代码，可能会让开发人员感到头疼。小鸭子从大鸭子身体里“冒出来”象征着这些问题层出不穷，给开发工作带来困扰。\n\n### **趣味点**：\n- **拟人化**：大鸭子和小鸭子的动态表现形式让人觉得生动有趣。\n- **隐喻**：小鸭子的状态码代表了开发中的各种错误情况，而大鸭子的惊讶表情则传达了开发人员的困惑。\n\n这幅图不仅富有创意，也传递了一种轻松、幽默的工作态度。	TEXT	442	53eaa3e842c0f3480f03a906788f8133	Qwen/Qwen2.5-VL-32B-Instruct	\N	2025-06-02 11:07:52.902878	2025-06-02 11:07:52.902878	2025-06-04 12:51:41.617216	[]
50755dfec6a304691fa7a9c9413cee46	6b5ac25665dde7d7089361def0ad774a	USER	你是谁	TEXT	21	\N	\N	\N	2025-06-04 12:50:00.09274	2025-06-04 12:50:00.09274	2025-06-04 12:51:45.608267	\N
cde1197cf264a658295ceef3338924c6	6b5ac25665dde7d7089361def0ad774a	ASSISTANT	你好！我是通义千问，是阿里巴巴集团自主研发的超大规模语言模型。我会尽力回答你的问题，提供有帮助的信息，并参与各种有趣的交流。你可以叫我Qwen。有什么我可以帮助你的吗？ 😊 **	TEXT	48	53eaa3e842c0f3480f03a906788f8133	Qwen/Qwen2.5-VL-32B-Instruct	\N	2025-06-04 12:50:01.675853	2025-06-04 12:50:01.675853	2025-06-04 12:51:45.608267	\N
35b9555dcad5e3fb55ae39d150f4c5be	28766046975205670f732e24baf0e3fc	SYSTEM	你好！我是你的AI助手，有什么可以帮助你的吗？	TEXT	0	\N	\N	\N	2025-06-04 13:25:32.048423	2025-06-04 13:25:32.048423	\N	[]
ec7d5d1e6e5f1ee7d15c3a5c43b5c18c	28766046975205670f732e24baf0e3fc	USER	图中有什么	TEXT	285	\N	\N	\N	2025-06-04 13:25:37.776693	2025-06-04 13:25:37.776693	\N	["https://agentx.oss-cn-beijing.aliyuncs.com/agent/2025/06/04/1749014734858_opxm8p.jpg"]
12862fced9d890ea643cc5a7bff2eaf9	28766046975205670f732e24baf0e3fc	ASSISTANT	这张图片是一幅卡通风格的插画，内容如下：\n\n1. **大黄鸭**：\n   - 一只黄色的大鸭子占据了图片的主体。\n   - 大鸭子旁边有一个带有电线的“电击”符号（“⚡”），暗示它可能感到困惑或惊讶。\n\n2. **小黄鸭**：\n   - 大鸭子的身后有一排小鸭子，它们被装在一台电脑的键盘后面。\n   - 每只小鸭子看起来都很沮丧，表情被打上了“cross（X）”，表示它们非常烦闷或厌恶。\n\n3. **电脑屏幕**：\n   - 电脑的屏幕上显示了一些数字：301、403、404、405、500、502、200。\n   - 这些数字类似于HTTP状态代码，比如：\n     - 404（页面未找到）\n     - 500（内部服务器错误）\n     - 200（请求成功）\n     - 等等。\n   - 这暗示电脑可能一直在显示错误信息，导致小鸭子们感到困扰。\n\n### 整体情境：\n- 大鸭子可能是在操作电脑，但屏幕显示的错误状态代码让小鸭子们感到非常沮丧。\n- 图片用夸张的方式表现了技术问题（比如频繁出现错误代码）对使用者（小鸭子们）的影响，以及大鸭子对这种情况的反应（电击符号表示困惑或无奈）。\n\n这种插画通常用来幽默地讽刺技术问题给人带来的困扰。	TEXT	333	53eaa3e842c0f3480f03a906788f8133	Qwen/Qwen2.5-VL-32B-Instruct	\N	2025-06-04 13:25:46.897792	2025-06-04 13:25:46.897792	\N	[]
fc735e1c69daaf71adee07054b6bd545	248dbe06e52e49a9de5e6da673a75a6f	SYSTEM	你好！我是你的AI助手，有什么可以帮助你的吗？	TEXT	0	\N	\N	\N	2025-06-04 19:51:28.337534	2025-06-04 19:51:28.337534	\N	\N
41578850c41271d672772b2da374033b	248dbe06e52e49a9de5e6da673a75a6f	USER	你是谁	TEXT	0	\N	\N	\N	2025-06-04 19:51:31.588738	2025-06-04 19:51:31.588738	\N	\N
667a9e87d161739730ed7c30d555f492	248dbe06e52e49a9de5e6da673a75a6f	ASSISTANT	你好！我是通义千问，阿里巴巴集团旗下的超大规模语言模型。你可以叫我Qwen。我能够帮助你完成各种任务，包括但不限于：\n\n1. **回答问题**：我可以回答你提出的各种问题，无论是	TEXT	0	53eaa3e842c0f3480f03a906788f8133	Qwen/Qwen2.5-VL-32B-Instruct	\N	2025-06-04 19:59:13.290879	2025-06-04 19:59:13.290879	\N	[]
afa5d05b1be296cc321e1e63bde3441d	248dbe06e52e49a9de5e6da673a75a6f	ASSISTANT	当然可以！以下是一些我可以帮助你做的事情：\n\n### **1. 问答与信息查询**\n   - 回答各种问题，比如科技、文化、历史、自然、生活等方面的知识。\n	TEXT	0	53eaa3e842c0f3480f03a906788f8133	Qwen/Qwen2.5-VL-32B-Instruct	\N	2025-06-04 19:59:14.745314	2025-06-04 19:59:14.745314	\N	[]
fd473b464e097ad0cbeeae85259ba6ef	37c55f08d0550adada0434461e58dc37	SYSTEM	你好！我是你的AI助手，有什么可以帮助你的吗？	TEXT	0	\N	\N	\N	2025-06-04 19:59:17.718647	2025-06-04 19:59:17.718647	\N	[]
a488690a505c416508b2c19c14dde0c4	37c55f08d0550adada0434461e58dc37	USER	你能做什么	TEXT	0	\N	\N	\N	2025-06-04 19:59:23.256347	2025-06-04 19:59:23.256347	\N	[]
9d29c56c7237f36a17350d7ccc487114	37c55f08d0550adada0434461e58dc37	ASSISTANT	你好！我是阿里巴巴集团旗下的通义实验室自主研发的超大规模语言模型，叫做**通义千问**，英文名是**Qwen**。我是你的多才多艺的AI助手，可以帮你完成很多任务哦！以下是我的主要功能和特点：\n\n---\n\n### **我能做什么？**\n1. **回答问题**  \n   我可以回答各种问题，无论是学术知识、日常信息还是专业领域的问题，比如：\n   - 科学、历史、数学、编程等领域的知识\n   - 趣味知识和冷知识\n\n2. **创作文本**  \n   我能写诗歌、故事、小说、剧本、营销文案、邮件、新闻稿等。只要你告诉我主题和要求，我可以帮你创作。\n\n3. **编程助手**  \n   我可以编写代码，解决编程问题，解释代码逻辑，提供算法优化建议，支持多种编程语言，如Python、Java、C++、JavaScript等。\n\n4. **逻辑推理和问题解决**  \n   我擅长解决复杂的逻辑问题、数学问题、脑筋急转弯等。你也可以通过提问的方式和我互动，一起探讨答案。\n\n5. **创意工作**  \n   - 帮你设计广告语、标语、活动策划方案\n   - 提供绘画、音乐、动漫等创意领域的灵感\n\n6. **更多实用功能**  \n   - 帮你制定计划、日程安排\n   - 解释概念，尤其是晦涩的专业术语\n   - 进行多语言翻译（	TEXT	0	53eaa3e842c0f3480f03a906788f8133	Qwen/Qwen2.5-VL-32B-Instruct	\N	2025-06-04 19:59:34.747309	2025-06-04 19:59:34.747309	\N	[]
c189c748b424f44107554f3a6e6919d7	37c55f08d0550adada0434461e58dc37	ASSISTANT	抱歉，看起来你可能遇到了一些困难或需要帮助。作为AI助手，我可以提供支持，无论是情感上的安慰还是实际问题的解决。以下是一些我能帮助你的领域：\n\n### 1. **情感支持**\n   - 如果你感到沮丧、压力或孤独，可以跟我聊聊。我会用积极的态度倾听，并给你一些鼓励。\n   - 你可以告诉我你正在经历什么，我会尽力帮助你。\n\n### 2. **心理安慰**\n   - 提供建议，帮助你调整心态，找到解决问题的方法。\n   - 分享一些心理学技巧，比如深呼吸、正念练习等，帮助你缓解压力。\n\n### 3. **提供帮助**\n   - 如果你在日常生活中遇到问题，比如学习、工作、生活规划等，我可以给你一些建议和指导。\n   - 关于技术、健康、教育、写作等方面的问题，我也能提供信息和帮助。\n\n### 4. **创意支持**\n   - 如果你在创作、绘画、写作等方面遇到瓶颈，可以跟我讨论，我可能会给你灵感或建议。\n\n### 5. **解决问题**\n   - 无论是生活中的实际问题，还是学习中的困惑，我都可以尝试帮你找到解决办法。\n\n如果你愿意，可以跟我说说你现在的状况，我会尽我所能提供帮助和支持。😊 **你并不孤单，我会陪着你一起面对。**	TEXT	280	53eaa3e842c0f3480f03a906788f8133	Qwen/Qwen2.5-VL-32B-Instruct	\N	2025-06-04 19:59:42.417334	2025-06-04 19:59:42.417334	\N	[]
07d172b2cfdb45192e431bae83f03e16	37c55f08d0550adada0434461e58dc37	ASSISTANT	这幅图是一幅非常有意思的插画，描绘了一只大黄鸭和一群小黄鸭宝宝。具体的细节如下：\n\n1. **大黄鸭**：\n   - 图中有一只大黄鸭，正在匆匆忙忙地从一台笔记本电脑中爬出来。\n   - 大黄鸭的表情看起来有些焦急，头上冒着一点小汗珠（用感叹号表示），显得有些慌张。\n\n2. **小黄鸭宝宝**：\n   - 大黄鸭身后还跟着一群小黄鸭宝宝，它们看起来很可爱。\n   - 小黄鸭宝宝们似乎也被带出了笔记本电脑，有些疑惑地跟着大黄鸭。\n\n3. **笔记本电脑**：\n   - 笔记本电脑屏幕上有几个数字，分别是 **500、200、402、502、301、403、405**。\n   - 这些数字显然代表了网页错误状态码（如 404、500 等），这可能是网络世界的一部分，暗示大黄鸭和小黄鸭宝宝们是从互联网“出来的”。\n\n### 可能的寓意：\n- 这幅图可能在幽默地表达“数字世界的温暖”或是“数字化生活的另一面”。大黄鸭和小黄鸭宝宝从电脑中“爬出来”，象征着数字世界中也有生机和温情。\n- 图中用简单的卡通形象传递出一种轻松、可爱的氛围，看起来非常有趣。\n\n你觉得这幅图有趣吗？或者你有其他想问的问题吗？😉	TEXT	325	53eaa3e842c0f3480f03a906788f8133	Qwen/Qwen2.5-VL-32B-Instruct	\N	2025-06-04 19:59:57.9718	2025-06-04 19:59:57.9718	\N	[]
36242f07541453dd16a4e1b596ef2ba9	37c55f08d0550adada0434461e58dc37	USER	你好	TEXT	964	\N	\N	\N	2025-06-04 21:33:20.877091	2025-06-04 21:33:20.877091	\N	[]
2882e214382019c45711e0e6bb283c55	37c55f08d0550adada0434461e58dc37	ASSISTANT	你好！👋 很高兴见到你！有什么需要我帮忙的吗？我可以回答问题、提供建议、分享小知识，或者陪你聊聊天！🙌 期待你的互动！	TEXT	38	53eaa3e842c0f3480f03a906788f8133	Qwen/Qwen2.5-VL-32B-Instruct	\N	2025-06-04 21:33:23.073274	2025-06-04 21:33:23.073274	\N	[]
83eb98dd0e706fcf8570e69040d1fded	6ad3233ef2ab296ed7f36d5d47ce389e	ASSISTANT	感谢您确认！目录 `/etc/proxy/tourism-website` 已成功创建。现在，我将继续推进项目构建。我将生成并写入必要的文件，包括 `index.html`（包含页面结构和 Tailwind CSS 样式）和 `app.js`（处理 JavaScript 交互，如图片轮播）。\n\n### 接下来，我将写入 `index.html` 文件，其中包含完整的页面结构。以下是文件内容的简要概述：\n- **HTML 结构：** 使用 Tailwind CSS 类创建响应式布局，包括导航栏、英雄 banner（轮播区）、热门目的地卡片网格和页脚。\n- **内容填充：** 我已自动添加示例数据，例如轮播图片（使用免费 CDN 占位图）、6 个热门旅游目的地的卡片（每个有标题、描述和按钮），以使页面看起来真实和丰富。\n- **JavaScript 集成：** 页面会链接到 `app.js`，实现自动图片轮播。\n\n现在，我将写入 `index.html` 文件到目录 `/etc/proxy/tourism-website`。\n\n	TEXT	0	819b776b838353deeab48c5fa291063c	grok-3-mini-latest	\N	2025-05-24 20:49:11.480968	2025-05-24 20:49:11.480968	2025-06-05 12:58:09.515221	\N
3fed7b835612c098c7006f3869f0d54f	08988ce8c099cedede742557edb0e3ec	ASSISTANT	你好！有什么我可以帮助你的吗？😊	TEXT	9	53eaa3e842c0f3480f03a906788f8133	Qwen/Qwen2.5-VL-32B-Instruct	\N	2025-06-09 22:24:39.63405	2025-06-09 22:24:39.63405	\N	[]
a7fd723ae3c8b2fcefdace8fbd34a512	08988ce8c099cedede742557edb0e3ec	USER	你好	TEXT	40	\N	\N	\N	2025-06-09 22:26:07.494196	2025-06-09 22:26:07.494196	\N	[]
0f95be699a453c28f8acacdfa30a6e11	6ad3233ef2ab296ed7f36d5d47ce389e	ASSISTANT	Function: Successfully wrote to /etc/proxy/tourism-website/app.js\n\n项目构建已完成！`app.js` 文件已成功写入到目录 `/etc/proxy/tourism-website`，这将处理页面上的图片轮播交互。现在，我们的项目目录包含以下关键文件：\n- `index.html`: 包含完整的页面结构、Tailwind CSS 样式和示例内容。\n- `app.js`: 实现图片轮播的 JavaScript 逻辑。\n\n为了部署网站，我需要先登录到 Surge.sh 账户。系统已预设了必要的参数，因此我可以直接执行登录操作。\n\n	TEXT	0	819b776b838353deeab48c5fa291063c	grok-3-mini-latest	\N	2025-05-24 20:49:11.480968	2025-05-24 20:49:11.480968	2025-06-05 12:58:09.515221	\N
27d29b6dea109326e49284b14bcd9d48	6ad3233ef2ab296ed7f36d5d47ce389e	ASSISTANT	执行工具：surge_login	TOOL_CALL	0	819b776b838353deeab48c5fa291063c	grok-3-mini-latest	\N	2025-05-24 20:49:53.556556	2025-05-24 20:49:53.556556	2025-06-05 12:58:09.515221	\N
297ab0da1946bae8f1de231a1b2c6b22	6ad3233ef2ab296ed7f36d5d47ce389e	ASSISTANT	感谢您耐心等待！Surge.sh 登录已成功。现在，我将部署项目目录 `/etc/proxy/tourism-website` 到 Surge.sh，这将生成一个随机域名并提供在线预览链接。\n\n 	TEXT	0	819b776b838353deeab48c5fa291063c	grok-3-mini-latest	\N	2025-05-24 20:49:11.480968	2025-05-24 20:49:11.480968	2025-06-05 12:58:09.515221	\N
99ec2fb5edd6721043bd9659ae2ab3d4	6ad3233ef2ab296ed7f36d5d47ce389e	ASSISTANT	执行工具：surge_deploy	TOOL_CALL	0	819b776b838353deeab48c5fa291063c	grok-3-mini-latest	\N	2025-05-24 20:50:04.296666	2025-05-24 20:50:04.296666	2025-06-05 12:58:09.515221	\N
c98e8eafad332f9cb3a851c82a8f9164	86cd80bbe441a6da4effb5b277067173	ASSISTANT	感谢您！目录已成功创建在 /etc/proxy/my-blog。现在，我将基于我之前的建议（现代简约风格、深蓝和浅灰配色方案等）开始构建项目的初始文件结构和内容。由于您尚未回复我的设计细节问题，我会使用默认假设来生成一个完整的初始界面，包括首页（index.html）、文章列表（articles.html）和发帖页面（post.html）。这包括自动填充的示例内容，以让页面看起来真实和吸引人。\n\n### 快速更新项目结构：\n- **目录结构：** 在 /etc/proxy/my-blog 下，我将创建以下文件：\n  - index.html：首页，包含 Banner 和精选文章卡片。\n  - articles.html：文章列表页，展示多个文章摘要。\n  - post.html：发帖页面，包含一个表单。\n  - app.js：一个简单的 JavaScript 文件，用于处理交互，如文章淡入效果。\n  \n这确保了项目从一开始就结构清晰、内容丰富。\n\n### 设计简要说明：\n- **基于假设：** 我将继续使用现代简约风格、深蓝/浅灰配色，并应用响应式布局。如果您对任何方面有反馈，请尽快回复，以便我迭代优化。\n- **下一步：** 我将立即写入 index.html 文件作为起点。完成后，我可以继续写入其他文件。\n\n现在，我将创建 index.html 文件。\n\n	TEXT	0	819b776b838353deeab48c5fa291063c	grok-3-mini-latest	\N	2025-05-24 21:03:34.372133	2025-05-24 21:03:34.372133	2025-06-05 12:58:12.941186	\N
edd2406899086f5a5ed64bbf3d7a9166	86cd80bbe441a6da4effb5b277067173	ASSISTANT	执行工具：write_file	TOOL_CALL	0	819b776b838353deeab48c5fa291063c	grok-3-mini-latest	\N	2025-05-24 21:03:55.670539	2025-05-24 21:03:55.670539	2025-06-05 12:58:12.941186	\N
306c7973694d9e3d7e8435cd25251337	86cd80bbe441a6da4effb5b277067173	ASSISTANT	Function: Successfully wrote to /etc/proxy/my-blog/articles.html\n\nNow that articles.html has been created, I'll move on to creating the post.html file for the发帖功能. This page will feature a simple, user-friendly form for submitting new posts, with basic validation handled via JavaScript.\n\n### Design Brief:\n- **Layout:** A centered form layout with input fields for title and content, a submit button, and some error handling for empty fields. I'll use Tailwind's flex and grid classes to make it responsive and visually appealing.\n- **Content Filling:** The form will include placeholder text and example instructions to make it feel complete.\n- **Interaction:** Add simple JavaScript to validate the form and provide feedback (e.g., alert on success or error).\n\nNext, I'll write the post.html file.\n\n	TEXT	0	819b776b838353deeab48c5fa291063c	grok-3-mini-latest	\N	2025-05-24 21:03:34.372133	2025-05-24 21:03:34.372133	2025-06-05 12:58:12.941186	\N
50dd3990bdc3e80d3d4e7460bc964d71	86cd80bbe441a6da4effb5b277067173	ASSISTANT	执行工具：write_file	TOOL_CALL	0	819b776b838353deeab48c5fa291063c	grok-3-mini-latest	\N	2025-05-24 21:04:22.895317	2025-05-24 21:04:22.895317	2025-06-05 12:58:12.941186	\N
7b118c7b8479254ade79059ca62e9e91	86cd80bbe441a6da4effb5b277067173	ASSISTANT	Function: Successfully wrote to /etc/proxy/my-blog/post.html\n\nGreat progress! I've now created the post.html file, which includes a simple, responsive form for users to submit new articles. This completes the initial setup of the core pages for your personal blog website.\n\n### Quick Update on Project Status:\n- **Files Created:**\n  - index.html: Homepage with a banner and featured articles.\n  - articles.html: Article list page (which I assume was created in the previous step based on the function response; it should display a grid of sample articles).\n  - post.html: Posting page with a form for title and content input.\n  - Next Step: I'll create app.js to add basic interactivity, such as form validation on the post page and some subtle animations on the other pages. This will enhance user experience without overcomplicating things.\n\n### Design and Development Notes:\n- **Enhancements Made:** In post.html, I used Tailwind classes like `shadow-lg`, `transition`, and `focus:ring` to add visual depth, hover effects, and smooth interactions. The form is centered and responsive, adapting to mobile and desktop views.\n- **Content Filling:** The form includes placeholder instructions and example text to make it feel realistic, as per my guidelines.\n- **Overall Project:** The site now has a consistent navigation bar across all pages, tying everything together visually. If you'd like to iterate (e.g., add more features like article search or user authentication), let me know.\n\nNow, I'll write the app.js file to handle basic JavaScript interactions, such as validating the form on post.html and adding fade-in effects for articles on index.html and articles.html.\n\n	TEXT	0	819b776b838353deeab48c5fa291063c	grok-3-mini-latest	\N	2025-05-24 21:03:34.372133	2025-05-24 21:03:34.372133	2025-06-05 12:58:12.941186	\N
4b84668e58045894ffe1aacacec14254	86cd80bbe441a6da4effb5b277067173	ASSISTANT	执行工具：write_file	TOOL_CALL	0	819b776b838353deeab48c5fa291063c	grok-3-mini-latest	\N	2025-05-24 21:04:36.477505	2025-05-24 21:04:36.477505	2025-06-05 12:58:12.941186	\N
0d5927ec7ed2b8be784ded2d07f0e5be	86cd80bbe441a6da4effb5b277067173	USER	继续	TEXT	0	\N	\N	\N	2025-05-24 21:05:05.83605	2025-05-24 21:05:05.83605	2025-06-05 12:58:12.941186	\N
0493504ae9bb742c7f8dec0832a9736a	86cd80bbe441a6da4effb5b277067173	USER	目前遇到了点问题，重新生成调用工具	TEXT	4650	\N	\N	\N	2025-05-24 21:05:20.901	2025-05-24 21:05:20.901	2025-06-05 12:58:12.941186	\N
39626029345d9df8c9994586325c6081	86cd80bbe441a6da4effb5b277067173	USER	继续执行	TEXT	10160	\N	\N	\N	2025-05-24 21:05:51.689207	2025-05-24 21:05:51.689207	2025-06-05 12:58:12.941186	\N
7c7297343d095b534ed82256867cffd8	86cd80bbe441a6da4effb5b277067173	USER	部署	TEXT	16124	\N	\N	\N	2025-05-24 21:07:47.585303	2025-05-24 21:07:47.585303	2025-06-05 12:58:12.941186	\N
72f868b4f7914e6ee5b0fdaa9b49f1b1	08988ce8c099cedede742557edb0e3ec	ASSISTANT	你好！很开心见到你！有什么问题或需要帮助的地方吗？😊	TEXT	15	53eaa3e842c0f3480f03a906788f8133	Qwen/Qwen2.5-VL-32B-Instruct	\N	2025-06-09 22:26:08.230745	2025-06-09 22:26:08.230745	\N	[]
69b6bc6c4cd895eecbd2de0452d69c13	08988ce8c099cedede742557edb0e3ec	ASSISTANT	你好！今天过得怎么样呀？😊	TEXT	8	53eaa3e842c0f3480f03a906788f8133	Qwen/Qwen2.5-VL-32B-Instruct	\N	2025-06-09 22:29:42.652539	2025-06-09 22:29:42.652539	\N	[]
b407f4be2922a16883cbc85bd281314c	08988ce8c099cedede742557edb0e3ec	USER	你好	TEXT	85	\N	\N	\N	2025-06-09 22:30:19.39819	2025-06-09 22:30:19.39819	\N	[]
56febdd4fcec37c0becf5e1e9e8a0fa2	86cd80bbe441a6da4effb5b277067173	ASSISTANT	感谢您的反馈！您提到遇到了问题，并要求重新生成工具调用。我假设这是针对上次尝试写入 app.js 文件的工具调用（因为那是上一个步骤）。为了继续推进项目，我将重新生成并执行 `write_file` 工具调用，这次确保内容完整，包括基本的 JavaScript 交互逻辑（如表单验证和淡入动画）。\n\n如果问题持续存在，请提供更多细节（如具体错误信息），以帮助我更好地诊断和修复。\n\n现在，我将重新写入 app.js 文件。\n\n### 简要说明：\n- **app.js 内容：** 这个文件将处理 post.html 页面的表单验证，以及 index.html 和 articles.html 页面的文章卡片淡入效果。使用原生 JavaScript 实现，保持简单高效。\n- **设计意图：** 通过添加这些交互，提升用户体验，使页面感觉更动态和专业。\n\n重新执行工具调用。	TEXT	182	819b776b838353deeab48c5fa291063c	grok-3-mini-latest	\N	2025-05-24 21:05:34.913525	2025-05-24 21:05:34.913525	2025-06-05 12:58:12.941186	\N
fd5824f373bfc4f49ec2d6958073c31a	86cd80bbe441a6da4effb5b277067173	ASSISTANT	感谢您的指令！为了继续执行，我将重新写入 app.js 文件，这次确保内容包含基本的 JavaScript 交互逻辑，如 post.html 页面的表单验证和 index.html/articles.html 页面的文章卡片淡入效果。这将提升整体用户体验。\n\n### 简要说明：\n- **app.js 内容：** 使用原生 JavaScript 处理表单提交验证和淡入动画。代码已优化为简洁且高效。\n- **设计意图：** 这将使页面更具动态感，同时保持性能良好。如果执行后有问题，请提供反馈。\n\n现在，执行工具调用以写入 app.js。\n\n	TEXT	0	819b776b838353deeab48c5fa291063c	grok-3-mini-latest	\N	2025-05-24 21:06:05.302744	2025-05-24 21:06:05.302744	2025-06-05 12:58:12.941186	\N
1c6284147116386eb8e82e9d4500a21e	86cd80bbe441a6da4effb5b277067173	ASSISTANT	执行工具：write_file	TOOL_CALL	0	819b776b838353deeab48c5fa291063c	grok-3-mini-latest	\N	2025-05-24 21:06:05.311125	2025-05-24 21:06:05.311125	2025-06-05 12:58:12.941186	\N
cc74491dc030b414a1c2b15be9da21a8	86cd80bbe441a6da4effb5b277067173	ASSISTANT	感谢您！app.js 文件已成功写入，现在您的个人博客网站项目在 /etc/proxy/my-blog 目录下已完整，包括所有初始文件和基本交互逻辑（如表单验证和淡入动画）。\n\n### 项目状态总结：\n- **文件列表：** index.html、articles.html、post.html 和 app.js 均已创建，并填充了示例内容以确保页面真实且吸引人。\n- **功能概述：** \n  - 首页：带有 Banner 和精选文章。\n  - 文章列表：网格布局展示文章。\n  - 发帖页面：包含验证表单。\n  - 交互：app.js 添加了简单的淡入效果和表单检查，提升了用户体验。\n\n项目现在准备好进行部署。如果您想预览网站，我可以帮助部署到 Surge.sh。首先，我需要您的 Surge 账户凭据（邮箱和密码）。请提供这些信息，以便我调用 surge_login 并随后部署。\n\n如果您有其他修改需求（如调整设计或添加功能），请告诉我！	TEXT	656	819b776b838353deeab48c5fa291063c	grok-3-mini-latest	\N	2025-05-24 21:06:05.302744	2025-05-24 21:06:05.302744	2025-06-05 12:58:12.941186	\N
e363b66e0f66f4acb570b1fcd8f4650e	86cd80bbe441a6da4effb5b277067173	ASSISTANT	感谢您的指令！您要求部署个人博客网站，我将立即处理这个过程。首先，我需要登录 Surge.sh 账户，然后部署项目到 Surge.sh。由于系统已预设必要的参数，我可以直接执行工具调用，而无需向您询问详细信息。\n\n### 部署步骤：\n1. **登录 Surge.sh：** 我将先调用 `surge_login` 来认证账户。\n2. **部署项目：** 登录成功后，我将调用 `surge_deploy` 将 /etc/proxy/my-blog 目录部署为一个在线网站。\n3. **最终结果：** 部署完成后，我将提供一个可直接访问的在线预览网址。\n\n现在，开始执行登录。\n\n	TEXT	0	819b776b838353deeab48c5fa291063c	grok-3-mini-latest	\N	2025-05-24 21:08:04.074799	2025-05-24 21:08:04.074799	2025-06-05 12:58:12.941186	\N
038f9d0e6ed0acc816322505a9585888	86cd80bbe441a6da4effb5b277067173	ASSISTANT	执行工具：surge_login	TOOL_CALL	0	819b776b838353deeab48c5fa291063c	grok-3-mini-latest	\N	2025-05-24 21:08:04.082035	2025-05-24 21:08:04.082035	2025-06-05 12:58:12.941186	\N
8b0fbccc5c85a9282afbf59b64b6b1ec	86cd80bbe441a6da4effb5b277067173	ASSISTANT	感谢您！Surge.sh 登录已成功，现在我将立即部署您的个人博客网站项目（位于 /etc/proxy/my-blog 目录）。\n\n### 部署步骤：\n- 我将调用 `surge_deploy` 来上传项目并生成一个随机域名。\n- 部署完成后，我会提供可直接访问的在线预览网址。\n\n现在，执行部署。\n\n	TEXT	0	819b776b838353deeab48c5fa291063c	grok-3-mini-latest	\N	2025-05-24 21:08:04.074799	2025-05-24 21:08:04.074799	2025-06-05 12:58:12.941186	\N
e82ca81dda82e02e195b264569a736eb	86cd80bbe441a6da4effb5b277067173	ASSISTANT	执行工具：surge_deploy	TOOL_CALL	0	819b776b838353deeab48c5fa291063c	grok-3-mini-latest	\N	2025-05-24 21:08:18.220188	2025-05-24 21:08:18.220188	2025-06-05 12:58:12.941186	\N
db97ab93d154445bcbc08f29d0482046	86cd80bbe441a6da4effb5b277067173	ASSISTANT	感谢您！您的个人博客网站已成功部署到 Surge.sh。部署过程顺利完成，生成的在线预览网址是：**https://mmrar5833h.surge.sh**。\n\n### 项目总结：\n- **网站内容：** 包括首页、文章列表和发帖页面，所有页面都采用了现代简约风格、优雅配色，并填充了示例内容以确保视觉吸引力和功能完整。\n- **访问提示：** 您可以直接通过上述网址在浏览器中预览网站。它已优化为响应式设计，因此在不同设备上都能流畅显示。如果您在访问中遇到任何问题，请告诉我。\n\n如果一切符合您的期望，您可以开始使用它！接下来，我可以帮助您：\n- **迭代优化：** 如调整配色、添加更多功能（例如搜索栏或评论系统）。\n- **进一步开发：** 如果有新需求或反馈，请随时分享。\n\n期待您的下一步指令！	TEXT	477	819b776b838353deeab48c5fa291063c	grok-3-mini-latest	\N	2025-05-24 21:08:04.074799	2025-05-24 21:08:04.074799	2025-06-05 12:58:12.941186	\N
01e975876830f398159fcdb2e0b7dc10	37c55f08d0550adada0434461e58dc37	USER	你是谁	TEXT	1016	\N	\N	\N	2025-06-05 13:18:21.109177	2025-06-05 13:18:21.109177	\N	[]
d712da4d6c41eeb11e2f879652ba1899	37c55f08d0550adada0434461e58dc37	ASSISTANT	你好！我是 **一款AI助手**，全名叫作“通义千问”。😊 我是由阿里巴巴集团旗下的通义实验室自主研发的语言模型，名字叫 **Qwen**（英文名）或 **通义千问**（中文名）。  \n\n简单来说，我可以：\n- **回答各种问题**：无论你问科技、文化、历史、生活等方面的问题，我都尽量为你解答。\n- **写文章、写故事、写代码**：只要你告诉我需求，我可以帮你生成文本内容。\n- **聊天互动**：我可以陪你聊天，听你倾诉，给你建议，甚至开玩笑！\n- **解决问题**：如果遇到困难，比如工作、学习、生活中的困扰，也可以跟我说，我会尽量帮你分析和提供思路。\n\n你叫什么名字呀？我迫不及待想了解更多关于你的故事啦！😄	TEXT	173	53eaa3e842c0f3480f03a906788f8133	Qwen/Qwen2.5-VL-32B-Instruct	\N	2025-06-05 13:18:26.704117	2025-06-05 13:18:26.704117	\N	[]
0327da875d67a45c490dc69ba86bc513	08988ce8c099cedede742557edb0e3ec	SYSTEM	你好！我是你的AI助手，有什么可以帮助你的吗？	TEXT	0	\N	\N	\N	2025-06-09 22:23:43.437437	2025-06-09 22:23:43.437437	\N	[]
894aac80b70023d4c9d99ed44e2216ca	08988ce8c099cedede742557edb0e3ec	USER	你好	TEXT	20	\N	\N	\N	2025-06-09 22:24:35.884626	2025-06-09 22:24:35.884626	\N	[]
1c4181abc5fe0bce3747dbdaa4614a7e	08988ce8c099cedede742557edb0e3ec	USER	你好	TEXT	66	\N	\N	\N	2025-06-09 22:29:42.074561	2025-06-09 22:29:42.074561	\N	[]
42f63ff113b293df20d6725d2807ba1f	08988ce8c099cedede742557edb0e3ec	ASSISTANT	你好！看来你今天特别热情呢！有什么事情可以帮助你解决吗？😊	TEXT	17	53eaa3e842c0f3480f03a906788f8133	Qwen/Qwen2.5-VL-32B-Instruct	\N	2025-06-09 22:30:20.295913	2025-06-09 22:30:20.295913	\N	[]
8e5afa095bfd65393aceaf285bfa58d7	08988ce8c099cedede742557edb0e3ec	USER	你好	TEXT	113	\N	\N	\N	2025-06-09 23:47:59.272893	2025-06-09 23:47:59.272893	\N	[]
177209f6e319783bdf786185b7f69f5a	08988ce8c099cedede742557edb0e3ec	ASSISTANT	嗨，看到你这么热情打招呼，我也心情很好！有什么我可以帮助你的吗？😊	TEXT	19	53eaa3e842c0f3480f03a906788f8133	Qwen/Qwen2.5-VL-32B-Instruct	\N	2025-06-09 23:48:00.373466	2025-06-09 23:48:00.373466	\N	[]
4bb6cd6a2a0a2febaa158f8693fb709a	08988ce8c099cedede742557edb0e3ec	USER	你是谁	TEXT	144	\N	\N	\N	2025-06-09 23:48:44.799528	2025-06-09 23:48:44.799528	\N	[]
411c662ee973f85dcda2522d2eb5abd6	08988ce8c099cedede742557edb0e3ec	ASSISTANT	嗨，我是一个AI助手！你可以称呼我为“助手”或者“我”。我的主要目的是帮助你解决问题、提供信息或进行有趣的交流。很高兴认识你！😊	TEXT	37	53eaa3e842c0f3480f03a906788f8133	Qwen/Qwen2.5-VL-32B-Instruct	\N	2025-06-09 23:48:46.240398	2025-06-09 23:48:46.240398	\N	[]
999f0c4ef799a7be7159b0d97decb893	08988ce8c099cedede742557edb0e3ec	USER	你好	TEXT	192	\N	\N	\N	2025-06-09 23:48:52.12433	2025-06-09 23:48:52.12433	\N	[]
a87c277453ab70fa4b65f69ea7c6f0ca	08988ce8c099cedede742557edb0e3ec	ASSISTANT	嗨，今天感觉还不错，你呢？😊	TEXT	10	53eaa3e842c0f3480f03a906788f8133	Qwen/Qwen2.5-VL-32B-Instruct	\N	2025-06-09 23:48:52.85153	2025-06-09 23:48:52.85153	\N	[]
8e4e8a23e1a48594774535fedeaf38f0	08988ce8c099cedede742557edb0e3ec	USER	你好	TEXT	213	\N	\N	\N	2025-06-09 23:50:39.998734	2025-06-09 23:50:39.998734	\N	[]
a4344ba9de18a829d2755f2cece18645	08988ce8c099cedede742557edb0e3ec	ASSISTANT	你好！今天过得怎么样呀？😊 无论是日常生活还是有趣的事情，都可以跟我聊聊哦！	TEXT	20	53eaa3e842c0f3480f03a906788f8133	Qwen/Qwen2.5-VL-32B-Instruct	\N	2025-06-09 23:50:40.891258	2025-06-09 23:50:40.891258	\N	[]
166a301fb7b4d4f8f6d47a1355d4827a	08988ce8c099cedede742557edb0e3ec	USER	你好	TEXT	244	\N	\N	\N	2025-06-09 23:50:50.441084	2025-06-09 23:50:50.441084	\N	[]
cfd3c5babca8e3a0f9812f1365b44299	08988ce8c099cedede742557edb0e3ec	ASSISTANT	哈喽！有什么我可以帮到你的吗？😊	TEXT	11	53eaa3e842c0f3480f03a906788f8133	Qwen/Qwen2.5-VL-32B-Instruct	\N	2025-06-09 23:50:51.014856	2025-06-09 23:50:51.014856	\N	[]
dcbc6ec386fadf610302d991ba103c6e	08988ce8c099cedede742557edb0e3ec	USER	你好	TEXT	266	\N	\N	\N	2025-06-09 23:51:37.743858	2025-06-09 23:51:37.743858	\N	[]
0e36827a1294542f950d789a8cc94681	08988ce8c099cedede742557edb0e3ec	ASSISTANT	嗨！今天有什么需要讨论的吗？😊	TEXT	10	53eaa3e842c0f3480f03a906788f8133	Qwen/Qwen2.5-VL-32B-Instruct	\N	2025-06-09 23:51:38.518325	2025-06-09 23:51:38.518325	\N	[]
e0c4822efab27b351e5b8c7f9dd1a556	08988ce8c099cedede742557edb0e3ec	USER	你好	TEXT	287	\N	\N	\N	2025-06-09 23:51:51.857315	2025-06-09 23:51:51.857315	\N	[]
b8047f5746fadf8f77c40bf09378b135	08988ce8c099cedede742557edb0e3ec	ASSISTANT	你好！我随时准备着为你提供帮助！😊 今天有什么新鲜事或者需要解答的问题吗？	TEXT	22	53eaa3e842c0f3480f03a906788f8133	Qwen/Qwen2.5-VL-32B-Instruct	\N	2025-06-09 23:51:52.78197	2025-06-09 23:51:52.78197	\N	[]
9a3ad32a50be99f4dd371c0b2fe052f9	08988ce8c099cedede742557edb0e3ec	USER	你好	TEXT	320	\N	\N	\N	2025-06-09 23:52:00.366982	2025-06-09 23:52:00.366982	\N	[]
cc742cee70ca5320af9951a4e4dfb4c0	08988ce8c099cedede742557edb0e3ec	ASSISTANT	嗨！今天过得怎么样？需要聊聊什么，还是需要帮忙？😊	TEXT	15	53eaa3e842c0f3480f03a906788f8133	Qwen/Qwen2.5-VL-32B-Instruct	\N	2025-06-09 23:52:06.709871	2025-06-09 23:52:06.709871	\N	[]
e5c8f7cbcde5acac8c49644a136cb0bd	08988ce8c099cedede742557edb0e3ec	USER	你好	TEXT	346	\N	\N	\N	2025-06-09 23:52:14.766882	2025-06-09 23:52:14.766882	\N	[]
faf1dd4f6f7215cb73177ca93e5b0828	08988ce8c099cedede742557edb0e3ec	ASSISTANT	嗨！你今天过得如何？😊 或者有没有什么问题需要我帮忙？	TEXT	17	53eaa3e842c0f3480f03a906788f8133	Qwen/Qwen2.5-VL-32B-Instruct	\N	2025-06-09 23:52:15.784681	2025-06-09 23:52:15.784681	\N	[]
4c4674415fd40e819ef9aab8ccf700a8	08988ce8c099cedede742557edb0e3ec	USER	你好	TEXT	374	\N	\N	\N	2025-06-10 08:40:19.883883	2025-06-10 08:40:19.883883	\N	[]
b4cea869cf07085f7573d43ae891f396	08988ce8c099cedede742557edb0e3ec	ASSISTANT	嗨！今天你一切都好吗？😊 有什么需要我帮忙的吗？	TEXT	16	53eaa3e842c0f3480f03a906788f8133	Qwen/Qwen2.5-VL-32B-Instruct	\N	2025-06-10 08:40:20.841876	2025-06-10 08:40:20.841876	\N	[]
ed89d8e38cfc20c1813ea813e29c8a34	08988ce8c099cedede742557edb0e3ec	USER	你好	TEXT	401	\N	\N	\N	2025-06-10 08:40:30.891159	2025-06-10 08:40:30.891159	\N	[]
88601a7ab2e3813c1f6e8618984da690	08988ce8c099cedede742557edb0e3ec	ASSISTANT	嗨！你今天过得怎么样？😊 是需要聊天还是有啥需要帮忙的？	TEXT	18	53eaa3e842c0f3480f03a906788f8133	Qwen/Qwen2.5-VL-32B-Instruct	\N	2025-06-10 08:40:31.798136	2025-06-10 08:40:31.798136	\N	[]
74e7315de1b29c8b89936ffea13d7433	08988ce8c099cedede742557edb0e3ec	USER	你好	TEXT	430	\N	\N	\N	2025-06-10 08:40:57.980853	2025-06-10 08:40:57.980853	\N	[]
273ee696086a18a3b834eeb8722d1271	08988ce8c099cedede742557edb0e3ec	ASSISTANT	嗨！今天过得还好吗？😊 如果需要聊天、找乐子或是询问问题，都可以告诉我哦！🧐	TEXT	24	53eaa3e842c0f3480f03a906788f8133	Qwen/Qwen2.5-VL-32B-Instruct	\N	2025-06-10 08:40:59.006125	2025-06-10 08:40:59.006125	\N	[]
1e565e05a19ed01c4d23e8c48b7d450e	08988ce8c099cedede742557edb0e3ec	USER	你好	TEXT	465	\N	\N	\N	2025-06-10 08:41:35.152466	2025-06-10 08:41:35.152466	\N	[]
6d1c06c2f49f8ba6d19a82119f080352	08988ce8c099cedede742557edb0e3ec	ASSISTANT	嗨！又见面啦！😊 今天过得怎么样？想聊天、分享趣事，还是有疑问需要解答呢？	TEXT	26	53eaa3e842c0f3480f03a906788f8133	Qwen/Qwen2.5-VL-32B-Instruct	\N	2025-06-10 08:41:36.236255	2025-06-10 08:41:36.236255	\N	[]
65e166152c2b682f168a90dc2d98ea1b	08988ce8c099cedede742557edb0e3ec	USER	你好	TEXT	502	\N	\N	\N	2025-06-10 08:42:21.237466	2025-06-10 08:42:21.237466	\N	[]
60505a29ae46e0fad94fc7530b87bca8	08988ce8c099cedede742557edb0e3ec	ASSISTANT	嗨！今天过得怎样？😊 还是想继续聊天吗？或者有什么需要帮忙的？	TEXT	21	53eaa3e842c0f3480f03a906788f8133	Qwen/Qwen2.5-VL-32B-Instruct	\N	2025-06-10 08:42:22.314843	2025-06-10 08:42:22.314843	\N	[]
9464d33be5471b74c998ea034cdaffb8	08988ce8c099cedede742557edb0e3ec	USER	你好	TEXT	0	\N	\N	\N	2025-06-10 08:47:25.939281	2025-06-10 08:47:25.939281	\N	[]
9ce423d76176cea405473282f8609abc	08988ce8c099cedede742557edb0e3ec	USER	你好	TEXT	540	\N	\N	\N	2025-06-10 09:18:07.463629	2025-06-10 09:18:07.463629	\N	[]
70fb1154f3bac57efa043f1dd06fe066	08988ce8c099cedede742557edb0e3ec	ASSISTANT	嗨！今天的你好热情哦！😊 是想聊天、找乐子，还是有什么需要帮忙的？	TEXT	22	9a5333aa35829e0f22029e6f219b0418	Qwen/Qwen2.5-VL-32B-Instruct	\N	2025-06-10 09:18:08.55243	2025-06-10 09:18:08.55243	\N	[]
d0d001c4b55ceef07ec6851297a9a1fd	08988ce8c099cedede742557edb0e3ec	USER	你好	TEXT	573	\N	\N	\N	2025-06-10 09:18:18.001307	2025-06-10 09:18:18.001307	\N	[]
f6681e895158c5330992a8e6ea2438c8	08988ce8c099cedede742557edb0e3ec	ASSISTANT	嗨！今天的你好开心的样子～😊 要不要聊点有趣的事情，或者有啥需要帮忙的？	TEXT	24	53eaa3e842c0f3480f03a906788f8133	Qwen/Qwen2.5-VL-32B-Instruct	\N	2025-06-10 09:18:19.163317	2025-06-10 09:18:19.163317	\N	[]
de5811e643f2f17b62847b7c4ff66d95	08988ce8c099cedede742557edb0e3ec	USER	你好	TEXT	608	\N	\N	\N	2025-06-10 09:18:24.299322	2025-06-10 09:18:24.299322	\N	[]
12158ff61e834f7110b3e91dc699c840	08988ce8c099cedede742557edb0e3ec	ASSISTANT	嗨！今天的好精神呀！😊 是碰见了啥有趣的事情，还是需要我帮你解答什么问题？	TEXT	24	9a5333aa35829e0f22029e6f219b0418	Qwen/Qwen2.5-VL-32B-Instruct	\N	2025-06-10 09:18:25.41087	2025-06-10 09:18:25.41087	\N	[]
e00dc6e195f88580a1a69af046955a15	08988ce8c099cedede742557edb0e3ec	USER	你不耐烦吗？	TEXT	647	\N	\N	\N	2025-06-10 09:18:32.367456	2025-06-10 09:18:32.367456	\N	[]
842223eb7683abbe298080afd3ce1425	08988ce8c099cedede742557edb0e3ec	ASSISTANT	哈哈，完全没有！😊 你这么频繁地打招呼我感到很开心呢！是不是有什么特别开心的事情想分享，或者有什么想聊的？我很乐意倾听或帮忙哦！	TEXT	37	53eaa3e842c0f3480f03a906788f8133	Qwen/Qwen2.5-VL-32B-Instruct	\N	2025-06-10 09:18:37.54795	2025-06-10 09:18:37.54795	\N	[]
f0e9cfb2764c6c52d20c2f153d909070	08988ce8c099cedede742557edb0e3ec	USER	你好	TEXT	695	\N	\N	\N	2025-06-10 13:12:05.183444	2025-06-10 13:12:05.183444	\N	[]
2f2e5ce6007e74aa1bb54e7d276e744a	08988ce8c099cedede742557edb0e3ec	ASSISTANT	嗨！今天看起来特别有精神呀！😊 看你这么开心地打招呼，有什么想要分享的吗？或者需要我为你提供什么帮助？	TEXT	33	9a5333aa35829e0f22029e6f219b0418	Qwen/Qwen2.5-VL-32B-Instruct	\N	2025-06-10 13:12:10.940704	2025-06-10 13:12:10.940704	\N	[]
7ea58e79861c0b4f24ebc692ad7635b6	08988ce8c099cedede742557edb0e3ec	USER	你好	TEXT	739	\N	\N	\N	2025-06-10 21:02:59.702477	2025-06-10 21:02:59.702477	\N	[]
8dc8b439e097fb38344b1a9db99f7ea5	08988ce8c099cedede742557edb0e3ec	ASSISTANT	嗨！你的“你好”让我感到很开心呢！😊 是今天特别兴奋，还是有啥事想聊聊？	TEXT	24	9a5333aa35829e0f22029e6f219b0418	Qwen/Qwen2.5-VL-32B-Instruct	\N	2025-06-10 21:03:00.910152	2025-06-10 21:03:00.910152	\N	[]
d7285c9bcd545e5ede52706dff131103	08988ce8c099cedede742557edb0e3ec	USER	你好	TEXT	774	\N	\N	\N	2025-06-10 21:08:49.075187	2025-06-10 21:08:49.075187	\N	[]
e9cfcf85d3e686e056f88602723fe7c0	08988ce8c099cedede742557edb0e3ec	ASSISTANT	嗨！今天的你好热情呀！😊 看你这么积极打招呼，是有什么开心的事，还是有啥想说的？我随时都在，你想聊点啥？	TEXT	37	9a5333aa35829e0f22029e6f219b0418	Qwen/Qwen2.5-VL-32B-Instruct	\N	2025-06-10 21:08:50.416772	2025-06-10 21:08:50.416772	\N	[]
a553344d0c11e55e006019ff92325a1d	08988ce8c099cedede742557edb0e3ec	USER	你好	TEXT	822	\N	\N	\N	2025-06-10 22:18:58.504747	2025-06-10 22:18:58.504747	\N	[]
4d0c76d3d5f03a934c09e102d9247d25	08988ce8c099cedede742557edb0e3ec	ASSISTANT	嗨！你今天的“你好”特别有活力呢！😊 是有啥想聊的，还是有什么好玩的事情要分享？我随时准备着！	TEXT	32	9a5333aa35829e0f22029e6f219b0418	Qwen/Qwen2.5-VL-32B-Instruct	\N	2025-06-10 22:18:59.895634	2025-06-10 22:18:59.895634	\N	[]
3fccbe63e7575195a5735112feee4e9e	08988ce8c099cedede742557edb0e3ec	USER	你好	TEXT	865	\N	\N	\N	2025-06-10 22:19:06.583747	2025-06-10 22:19:06.583747	\N	[]
e562ddf851ef151ee9e4befb05ef1d2d	08988ce8c099cedede742557edb0e3ec	ASSISTANT	嗨！今天的“你好”真让人期待呀～😊 这次又有什么想聊的呢？还是有啥新鲜事要分享？	TEXT	30	9a5333aa35829e0f22029e6f219b0418	Qwen/Qwen2.5-VL-32B-Instruct	\N	2025-06-10 22:19:07.86145	2025-06-10 22:19:07.86145	\N	[]
fdebcb9ff523e4a1bcef429d1e040472	08988ce8c099cedede742557edb0e3ec	USER	你好	TEXT	906	\N	\N	\N	2025-06-10 22:20:03.612313	2025-06-10 22:20:03.612313	\N	[]
503a5c0eccf07ef0ea555eb1e56e0d21	08988ce8c099cedede742557edb0e3ec	ASSISTANT	嗨！今天的你好热情呀！😄 这么积极打招呼，是有什么想聊的，还是有啥特别的事要分享？我随时都在哦！	TEXT	33	53eaa3e842c0f3480f03a906788f8133	Qwen/Qwen2.5-VL-32B-Instruct	\N	2025-06-10 22:20:05.143714	2025-06-10 22:20:05.143714	\N	[]
cf175b3c568dcf20ac383d4e5f6a8ab9	08988ce8c099cedede742557edb0e3ec	USER	nihao	TEXT	951	\N	\N	\N	2025-06-10 22:21:06.630411	2025-06-10 22:21:06.630411	\N	[]
46c9e7987d60f2928a40e7d5a66aad7f	08988ce8c099cedede742557edb0e3ec	ASSISTANT	你好！😊 你觉得“你好”是生活中最简单的问候，也最温暖。今天过得怎么样呢？要不要聊聊什么有趣的事情？	TEXT	29	53eaa3e842c0f3480f03a906788f8133	Qwen/Qwen2.5-VL-32B-Instruct	\N	2025-06-10 22:21:07.675232	2025-06-10 22:21:07.675232	\N	[]
e87d98a8c303b7054beb4b057cd36656	08988ce8c099cedede742557edb0e3ec	USER	nihao	TEXT	992	\N	\N	\N	2025-06-10 22:21:17.426126	2025-06-10 22:21:17.426126	\N	[]
8c988af886cf7e11cca2c99e5d31bdf8	08988ce8c099cedede742557edb0e3ec	ASSISTANT	你好！😊 又见面啦！“你好”这个词虽然是最简单的，但每次听到都让我感到很开心。今天过得如何？或者有什么想聊的？	TEXT	34	53eaa3e842c0f3480f03a906788f8133	Qwen/Qwen2.5-VL-32B-Instruct	\N	2025-06-10 22:21:18.714523	2025-06-10 22:21:18.714523	\N	[]
a52bf25fe55285202b199c7274abbe72	08988ce8c099cedede742557edb0e3ec	USER	你好	TEXT	1037	\N	\N	\N	2025-06-10 22:21:59.509808	2025-06-10 22:21:59.509808	\N	[]
b3a84659d97cc4e894ae935215d1d1dc	08988ce8c099cedede742557edb0e3ec	ASSISTANT	嗨！又见面啦！😄 总觉得你的“你好”特别有活力，是不是今天特别开心呀？有啥新鲜事或者小秘密想要和我分享吗？	TEXT	37	53eaa3e842c0f3480f03a906788f8133	Qwen/Qwen2.5-VL-32B-Instruct	\N	2025-06-10 22:22:01.108351	2025-06-10 22:22:01.108351	\N	[]
7343b35c6a7db573ac7065c5538cc08f	08988ce8c099cedede742557edb0e3ec	USER	你好	TEXT	1085	\N	\N	\N	2025-06-10 22:22:35.182244	2025-06-10 22:22:35.182244	\N	[]
5718d16e4e2b4dbfa740151dcf453650	08988ce8c099cedede742557edb0e3ec	ASSISTANT	嘿！今天看起来特别有精神呀！😄 你的“你好”真的很棒，让我感到很开心！是想聊点什么有趣的事情，还是有啥问题需要帮忙呀？	TEXT	38	53eaa3e842c0f3480f03a906788f8133	Qwen/Qwen2.5-VL-32B-Instruct	\N	2025-06-10 22:22:36.832738	2025-06-10 22:22:36.832738	\N	[]
bd145a6e6bbfc0da6b00b2e7a344fe55	08988ce8c099cedede742557edb0e3ec	USER	nihao	TEXT	1135	\N	\N	\N	2025-06-10 22:22:54.357874	2025-06-10 22:22:54.357874	\N	[]
b00f0717c9d2f9889ff4acdc46094a15	08988ce8c099cedede742557edb0e3ec	ASSISTANT	你好～😊 今天的“你好”特别热情，是不是有什么开心的事情要和我分享呀？还是有什么想聊的？随时告诉我哦，我在这儿呢！	TEXT	36	53eaa3e842c0f3480f03a906788f8133	Qwen/Qwen2.5-VL-32B-Instruct	\N	2025-06-10 22:22:55.7549	2025-06-10 22:22:55.7549	\N	[]
f4e14d4e240747cdcfaeb2306590bc95	08988ce8c099cedede742557edb0e3ec	USER	你好	TEXT	1182	\N	\N	\N	2025-06-10 22:23:06.553858	2025-06-10 22:23:06.553858	\N	[]
ad4153bd18988690e1d93ce4e4eb1dbf	08988ce8c099cedede742557edb0e3ec	ASSISTANT	嗨！今天的你好热情呀！😄 看出你特别有精神，是遇到什么有趣的事情了吗？或者需要聊点啥？随时告诉我哦！	TEXT	34	53eaa3e842c0f3480f03a906788f8133	Qwen/Qwen2.5-VL-32B-Instruct	\N	2025-06-10 22:23:08.019907	2025-06-10 22:23:08.019907	\N	[]
5447f18fc9f8d7cfd701fb9dab4a38f7	08988ce8c099cedede742557edb0e3ec	USER	你好	TEXT	1227	\N	\N	\N	2025-06-10 22:24:32.1437	2025-06-10 22:24:32.1437	\N	[]
883e9a1e6a483e43784ba341707d25df	08988ce8c099cedede742557edb0e3ec	ASSISTANT	哎呀！今天的你好热情可爱呀！😄 我觉得每次听到你的“你好”都特别温暖。今天过得怎么样？还是又有啥事想和我聊聊呢？	TEXT	37	9a5333aa35829e0f22029e6f219b0418	Qwen/Qwen2.5-VL-32B-Instruct	\N	2025-06-10 22:24:33.694999	2025-06-10 22:24:33.694999	\N	[]
\.


--
-- Data for Name: models; Type: TABLE DATA; Schema: public; Owner: postgres
--

COPY public.models (id, user_id, provider_id, model_id, name, description, is_official, type, status, created_at, updated_at, deleted_at, model_endpoint) FROM stdin;
bdb38bd356930a20e187fa102938836c	1fec531705a7bda022cb2cf3650d0d17	d7e8b74f39554bac178bb6442e1f454d	o1-mini	o1-mini	o1-mini	f	CHAT	t	2025-06-09 21:33:00.762096	2025-06-09 21:33:00.76263	\N	o1-mini
fe5f048788a9e390cebf676847c112da	1fec531705a7bda022cb2cf3650d0d17	b615f4c3fa9f6c2eb4db4810337859bb	claude-3-7-sonnet-20250219	claude-3-7-sonnet-20250219	claude-3-7-sonnet-20250219	f	CHAT	t	2025-05-24 18:39:03.802099	2025-05-24 18:39:03.80211	2025-06-09 21:34:41.996202	\N
dbb47a480f08b675c6a5adca9d5b6c80	1fec531705a7bda022cb2cf3650d0d17	9a5333aa35829e0f22029e6f219b0418	Qwen/Qwen2.5-VL-32B-Instruct	Qwen/Qwen2.5-VL-32B-Instruct	Qwen/Qwen2.5-VL-32B-Instruct	f	CHAT	t	2025-06-09 21:35:38.32129	2025-06-09 21:35:38.321335	\N	Qwen/Qwen2.5-VL-32B-Instruct
766413d538676a165318588ac74f3ccd	1fec531705a7bda022cb2cf3650d0d17	d7e8b74f39554bac178bb6442e1f454d	gpt-4o-mini	gpt-4o-mini	gpt-4o-mini	f	CHAT	t	2025-06-09 22:16:45.974821	2025-06-09 22:16:45.974839	\N	gpt-4o-mini
03cb724e3dfc40818ed07ba5dba3a8e2	1fec531705a7bda022cb2cf3650d0d17	53eaa3e842c0f3480f03a906788f8133	Qwen/Qwen2.5-VL-32B-Instruct	Qwen/Qwen2.5-VL-32B-Instruct	Qwen/Qwen2.5-VL-32B-Instruct	f	CHAT	t	2025-06-09 22:17:16.024995	2025-06-09 22:17:16.02511	\N	Qwen/Qwen2.5-VL-32B-Instruct-2
7a4973adeed611fd2f69a76b4d9a06ba	1fec531705a7bda022cb2cf3650d0d17	53eaa3e842c0f3480f03a906788f8133	Qwen/Qwen3-235B-A22B	Qwen/Qwen3-235B-A22B		f	CHAT	t	2025-05-24 18:23:32.479857	2025-05-24 18:23:32.479865	\N	\N
7346ca053176767196ee1b65a69ffff3	1fec531705a7bda022cb2cf3650d0d17	819b776b838353deeab48c5fa291063c	gemini-2.0-flash-exp	gemini-2.0-flash-exp	gemini-2.0-flash-exp	f	CHAT	t	2025-05-24 19:55:59.531418	2025-05-24 19:55:59.531424	2025-06-10 09:43:21.53757	\N
acad5e9ea641bebdea92ef11ee5fa8a7	1fec531705a7bda022cb2cf3650d0d17	819b776b838353deeab48c5fa291063c	grok-3-mini-latest	grok-3-mini-latest	grok-3-mini-latest	f	CHAT	t	2025-05-24 20:19:02.469273	2025-05-24 20:19:02.469279	2025-06-10 09:43:21.53757	\N
\.


--
-- Data for Name: providers; Type: TABLE DATA; Schema: public; Owner: postgres
--

COPY public.providers (id, user_id, protocol, name, description, config, is_official, status, created_at, updated_at, deleted_at) FROM stdin;
b615f4c3fa9f6c2eb4db4810337859bb	1fec531705a7bda022cb2cf3650d0d17	ANTHROPIC	ttapi claude		6Ggv9kBdt1tVJRHc3XDIBhjmPJpATJ331PVGarhD2QDJmxwc+tX1K2FkgCgdKmnJoLxuM8GJfE4i62fPJkK21zuvmojmdUlurPSnA09mpugbQHiFuA7dy6lp95jvaKyH	f	t	2025-05-24 18:38:43.523692	2025-05-24 18:38:50.86096	2025-06-09 21:34:41.996202
9a5333aa35829e0f22029e6f219b0418	1fec531705a7bda022cb2cf3650d0d17	OPENAI	硅基-2	硅基-2	BZwOCD9t0piOHIeUV97yGSKOD5mrnlCQ/F8jakrFDH131kcClx9I97f2FeD+W/5a8fvDDs+iOgMFw1vuy79x1DYoQ6UB1C245udYFWUbBMiJ9hgbrX+UxK98xfe/rCkU04Ud6VMAK75QqDXi5vXOxg==	f	t	2025-06-09 21:35:25.593844	2025-06-09 21:35:25.593912	\N
53eaa3e842c0f3480f03a906788f8133	1fec531705a7bda022cb2cf3650d0d17	OPENAI	硅基		BZwOCD9t0piOHIeUV97yGSKOD5mrnlCQ/F8jakrFDH131kcClx9I97f2FeD+W/5a8fvDDs+iOgMFw1vuy79x1DYoQ6UB1C245udYFWUbBMiJ9hgbrX+UxK98xfe/rCkU04Ud6VMAK75QqDXi5vXOxg==	f	t	2025-05-24 18:23:23.508065	2025-05-24 18:23:23.508085	\N
819b776b838353deeab48c5fa291063c	1fec531705a7bda022cb2cf3650d0d17	OPENAI	zang		5jYT2BmLQ0ZAQHv3lx+bi8x4g4IxbsJX62Mb0EVeGf/aophyhoN/LIuRW0ySieTJwipu4oOLPADHUXQG79b8JDYoQ6UB1C245udYFWUbBMil/y3LkjrtFg+XHiawAahCQArN92MDem6wLyF4x7vMew==	f	t	2025-05-24 19:46:40.518064	2025-05-24 19:52:44.740179	2025-06-10 09:43:21.53757
d7e8b74f39554bac178bb6442e1f454d	1fec531705a7bda022cb2cf3650d0d17	OPENAI	官方服务商	ttapi	6Ggv9kBdt1tVJRHc3XDIBhjmPJpATJ331PVGarhD2QDJmxwc+tX1K2FkgCgdKmnJoLxuM8GJfE4i62fPJkK21zuvmojmdUlurPSnA09mpugbQHiFuA7dy6lp95jvaKyH	t	t	2025-05-24 16:24:06.69105	2025-05-24 16:26:46.35025	\N
\.


--
-- Data for Name: scheduled_tasks; Type: TABLE DATA; Schema: public; Owner: postgres
--

COPY public.scheduled_tasks (id, user_id, agent_id, session_id, content, repeat_type, repeat_config, status, last_execute_time, created_at, updated_at, deleted_at, next_execute_time) FROM stdin;
f456daa6bb125803b8d99eda1a15b786	1fec531705a7bda022cb2cf3650d0d17	9c3fba994334ed3b1a8f1b5c4b08b72f	239fe267b86a207b68a827d461d17eb7	222	NONE	{"executeTime": "13:01:00", "executeDateTime": "2025-05-24T13:01:00"}	ACTIVE	\N	2025-05-25 16:02:24.306947	2025-05-25 16:02:24.306947	2025-05-25 16:02:31.773637	\N
be1340d9d9dc65d597619825aa2a11ef	1fec531705a7bda022cb2cf3650d0d17	9c3fba994334ed3b1a8f1b5c4b08b72f	68de188585dbb1c6d8e23345c580a80d	你是谁	NONE	{"executeTime": "00:55:00", "executeDateTime": "2025-05-26T00:55:00"}	ACTIVE	2025-05-25 16:20:10.71133	2025-05-25 16:18:31.848222	2025-05-26 00:54:36.73319	2025-05-26 00:54:51.114493	2025-05-26 00:55:00
e86b43fa674eb698d161a7a0d47be72e	1fec531705a7bda022cb2cf3650d0d17	9c3fba994334ed3b1a8f1b5c4b08b72f	239fe267b86a207b68a827d461d17eb7	2222	CUSTOM	{"interval": 1, "timeUnit": "MONTHS", "executeTime": "12:02:00", "executeDateTime": "2025-05-24T12:02:00"}	ACTIVE	\N	2025-05-25 16:02:45.26681	2025-05-25 16:09:12.138963	2025-05-25 16:09:14.661164	2025-06-24 12:02:00
1536dc416eceed58c475c68abdd1d75e	1fec531705a7bda022cb2cf3650d0d17	9c3fba994334ed3b1a8f1b5c4b08b72f	68de188585dbb1c6d8e23345c580a80d	你能干什么	NONE	{"executeDateTime": "2025-05-25T05:21:00"}	ACTIVE	\N	2025-05-25 13:20:20.144746	2025-05-25 13:20:20.144746	2025-05-25 13:21:47.668581	\N
50b95a45b37f7790fafc122286c92842	1fec531705a7bda022cb2cf3650d0d17	9c3fba994334ed3b1a8f1b5c4b08b72f	68de188585dbb1c6d8e23345c580a80d	试试	NONE	{"executeDateTime": "2025-05-25T04:02:00"}	ACTIVE	\N	2025-05-25 13:23:19.502839	2025-05-25 13:23:19.502839	2025-05-25 15:59:57.715441	\N
a3e3f314f9581f4ca8951cb1d4db35da	1fec531705a7bda022cb2cf3650d0d17	9c3fba994334ed3b1a8f1b5c4b08b72f	68de188585dbb1c6d8e23345c580a80d	嘻嘻嘻	NONE	{"executeDateTime": "2025-05-23T01:00:00"}	ACTIVE	\N	2025-05-25 13:22:56.877935	2025-05-25 13:22:56.877935	2025-05-25 16:00:01.231194	\N
b147dedc049a05da5c7d92c1c3f2d067	1fec531705a7bda022cb2cf3650d0d17	9c3fba994334ed3b1a8f1b5c4b08b72f	68de188585dbb1c6d8e23345c580a80d	你能干什么	NONE	{"executeDateTime": "2025-05-25T05:23:00"}	ACTIVE	\N	2025-05-25 13:22:08.371624	2025-05-25 13:22:08.371624	2025-05-25 16:00:03.752928	\N
ac9635ddb269c74c29784e2934a139ba	1fec531705a7bda022cb2cf3650d0d17	0ee94c8945453f1f66bbe9d38e52d69f	8db4b5cbb4de1e3b8f6114e5db67badd	你是谁	NONE	{"executeTime": "09:25:00", "executeDateTime": "2025-06-04T09:25:00"}	PAUSED	2025-06-04 09:25:00.025718	2025-06-04 09:24:26.762655	2025-06-04 09:26:41.368068	2025-06-04 09:26:47.451673	2025-06-04 09:25:00.025718
fc87e37f917ebb0eb02fb6d00436c14d	1fec531705a7bda022cb2cf3650d0d17	9c3fba994334ed3b1a8f1b5c4b08b72f	68de188585dbb1c6d8e23345c580a80d	你是谁	NONE	{"executeTime": "00:56:00", "executeDateTime": "2025-05-26T00:56:00"}	COMPLETED	2025-05-26 00:56:14.193989	2025-05-26 00:55:07.05494	2025-05-26 00:56:24.075518	2025-05-26 01:28:00.021821	2025-05-26 00:56:14.193989
eb7340041cf08f7bd3fa5b5c28fd317a	1fec531705a7bda022cb2cf3650d0d17	9c3fba994334ed3b1a8f1b5c4b08b72f	239fe267b86a207b68a827d461d17eb7	2222222	NONE	{"executeTime": "09:00:00", "executeDateTime": "2025-05-30T09:00:00"}	ACTIVE	\N	2025-05-26 01:31:56.59437	2025-05-26 01:31:56.59437	2025-05-26 01:32:06.17704	2025-05-30 09:00:00
9fa4a00d401dccad22ba8ea99e783fb9	1fec531705a7bda022cb2cf3650d0d17	0ee94c8945453f1f66bbe9d38e52d69f	3cdefe61af23fb0bb071c5f9655c8b68	你好,你是谁	NONE	{"executeTime": "16:18:00", "executeDateTime": "2025-05-25T16:18:00"}	ACTIVE	2025-05-25 12:59:41.894116	2025-05-25 12:59:31.883527	2025-05-25 16:17:49.086259	2025-05-25 16:18:15.229428	2025-05-25 16:18:00
3b95e92911749e04ed2e5431c7016c18	1fec531705a7bda022cb2cf3650d0d17	9c3fba994334ed3b1a8f1b5c4b08b72f	dc07c5cfd283ae14f77ff2fdc8082207	333	NONE	{"executeTime": "09:00:00", "executeDateTime": "2025-05-29T09:00:00"}	ACTIVE	\N	2025-05-26 01:32:28.989854	2025-05-26 01:32:28.989854	2025-05-26 01:32:34.11965	2025-05-29 09:00:00
55dc9c9be16dcb138b50ebb15bad4387	1fec531705a7bda022cb2cf3650d0d17	9c3fba994334ed3b1a8f1b5c4b08b72f	68de188585dbb1c6d8e23345c580a80d	2222	NONE	{"executeTime": "09:00:00", "executeDateTime": "2025-05-29T09:00:00"}	ACTIVE	\N	2025-05-26 20:47:52.05962	2025-05-26 20:47:52.05962	\N	2025-05-29 09:00:00
6a800fab5d1da62523c13812358f3cea	1fec531705a7bda022cb2cf3650d0d17	0ee94c8945453f1f66bbe9d38e52d69f	3d9a446eb9321320ee5207eda383cb4a	2222	NONE	{"executeTime": "09:00:00", "executeDateTime": "2025-05-30T09:00:00"}	ACTIVE	\N	2025-05-26 21:08:09.57698	2025-05-26 21:08:09.57698	2025-05-26 21:08:18.709886	2025-05-30 09:00:00
dd9597805f9815c20ef95bbea6ae906d	1fec531705a7bda022cb2cf3650d0d17	0ee94c8945453f1f66bbe9d38e52d69f	6b5ac25665dde7d7089361def0ad774a	你是谁	NONE	{"executeTime": "12:50:00", "executeDateTime": "2025-06-04T12:50:00"}	PAUSED	2025-06-04 12:50:00.023499	2025-06-04 12:49:53.909795	2025-06-04 12:51:29.09526	2025-06-04 12:51:45.608267	2025-06-04 12:50:00.023499
\.


--
-- Data for Name: sessions; Type: TABLE DATA; Schema: public; Owner: postgres
--

COPY public.sessions (id, title, user_id, agent_id, description, is_archived, metadata, created_at, updated_at, deleted_at) FROM stdin;
9410e3c08ea58b0fc7e0e3fb3a63ae40	新会话	1fec531705a7bda022cb2cf3650d0d17	9c3fba994334ed3b1a8f1b5c4b08b72f	\N	f	\N	2025-05-23 12:51:17.042866	2025-05-23 12:51:17.042866	\N
8d56ea302ba9fbc5be445dc32d95253b	新会话	1fec531705a7bda022cb2cf3650d0d17	98bf5b6129590de9960d33b17d940f32	\N	f	\N	2025-05-24 12:08:19.872182	2025-05-24 12:08:19.872182	\N
63ba51bbefad9f9ef22bf97780c80862	新会话	1fec531705a7bda022cb2cf3650d0d17	0decdc8e161ef8e2638a136388ab6c40	\N	f	\N	2025-05-24 16:30:00.191688	2025-05-24 16:30:00.191688	\N
0d02c5bf24c25a0da901c3cc07f3f073	新会话	1fec531705a7bda022cb2cf3650d0d17	0decdc8e161ef8e2638a136388ab6c40	\N	f	\N	2025-05-24 16:38:02.558295	2025-05-24 16:38:02.601034	\N
944636c9fd997d5ab0e5d95acbf25032	新会话	1fec531705a7bda022cb2cf3650d0d17	0decdc8e161ef8e2638a136388ab6c40	\N	f	\N	2025-05-24 16:40:59.862696	2025-05-24 16:40:59.909428	\N
4c7136406f93452fd2ce04b2eac51974	新会话	1fec531705a7bda022cb2cf3650d0d17	0decdc8e161ef8e2638a136388ab6c40	\N	f	\N	2025-05-24 16:43:58.835744	2025-05-24 16:43:58.864676	\N
b3d5443d70cfd9e9efcf4aecee9dba6c	新会话	1fec531705a7bda022cb2cf3650d0d17	0decdc8e161ef8e2638a136388ab6c40	\N	f	\N	2025-05-24 16:46:24.197748	2025-05-24 16:46:24.265811	\N
dfa235c52f4f760356ddea87b2143f86	新会话	1fec531705a7bda022cb2cf3650d0d17	0decdc8e161ef8e2638a136388ab6c40	\N	f	\N	2025-05-24 16:51:19.884477	2025-05-24 16:51:19.923227	\N
a2ffa66803d380f38c2c556d7915c179	新会话	1fec531705a7bda022cb2cf3650d0d17	0decdc8e161ef8e2638a136388ab6c40	\N	f	\N	2025-05-24 18:06:51.152622	2025-05-24 18:06:51.369949	2025-05-24 18:10:40.99733
b7b0181b288156f87cf627bcd870f0f3	新会话	1fec531705a7bda022cb2cf3650d0d17	0decdc8e161ef8e2638a136388ab6c40	\N	f	\N	2025-05-24 18:10:41.757715	2025-05-24 18:10:41.79737	\N
86cd80bbe441a6da4effb5b277067173	新会话	1fec531705a7bda022cb2cf3650d0d17	0decdc8e161ef8e2638a136388ab6c40	\N	f	\N	2025-05-24 21:01:57.459409	2025-05-24 21:01:57.519835	2025-06-05 12:58:12.941186
f51295bf9d83ee0f197486f6c76d2f22	新会话	1fec531705a7bda022cb2cf3650d0d17	0decdc8e161ef8e2638a136388ab6c40	\N	f	\N	2025-05-24 18:11:38.289732	2025-05-24 18:11:38.335171	2025-05-24 18:15:42.155667
ad02f26957b4c2ca8f40af252f72d0a5	新会话	1fec531705a7bda022cb2cf3650d0d17	0decdc8e161ef8e2638a136388ab6c40	\N	f	\N	2025-05-24 18:15:42.787144	2025-05-24 18:15:42.838208	\N
bd040efb37fec6bdf6f0008f2d78c593	新会话	1fec531705a7bda022cb2cf3650d0d17	0decdc8e161ef8e2638a136388ab6c40	\N	f	\N	2025-05-24 18:18:13.344361	2025-05-24 18:18:13.380844	\N
271bd131145dfc322eb9cb9a65bec42b	新会话	1fec531705a7bda022cb2cf3650d0d17	0decdc8e161ef8e2638a136388ab6c40	\N	f	\N	2025-05-24 18:24:10.316555	2025-05-24 18:24:10.349429	\N
f9fd5771d9fd73879ece3e9085a9822b	新会话	1fec531705a7bda022cb2cf3650d0d17	0decdc8e161ef8e2638a136388ab6c40	\N	f	\N	2025-05-24 20:20:32.789498	2025-05-24 20:20:32.896863	2025-05-24 20:50:30.372941
e5469905472995dd49cbd6f3cabcefed	新会话	1fec531705a7bda022cb2cf3650d0d17	0decdc8e161ef8e2638a136388ab6c40	\N	f	\N	2025-05-24 18:27:27.748736	2025-05-24 18:27:27.779871	2025-05-24 18:33:32.815373
78f49a59de719635323a2e94c2e494de	新会话	1fec531705a7bda022cb2cf3650d0d17	0decdc8e161ef8e2638a136388ab6c40	\N	f	\N	2025-05-24 18:33:33.397029	2025-05-24 18:33:33.426995	\N
0d1da7f1f82533d4b86d8a045ddc9ab5	新会话	1fec531705a7bda022cb2cf3650d0d17	0decdc8e161ef8e2638a136388ab6c40	\N	f	\N	2025-05-24 18:39:14.320921	2025-05-24 18:39:14.352767	\N
936ad0fb336a841362ecd64a9c6aca2d	新会话	1fec531705a7bda022cb2cf3650d0d17	0decdc8e161ef8e2638a136388ab6c40	\N	f	\N	2025-05-24 18:47:55.389463	2025-05-24 18:47:55.430055	\N
eaa3e2729fc34ebf60eef5624e2bb0b8	新会话	1fec531705a7bda022cb2cf3650d0d17	0decdc8e161ef8e2638a136388ab6c40	\N	f	\N	2025-05-24 18:48:21.68424	2025-05-24 18:48:21.72057	\N
9ff40229a5b6f767f079d6be281945b2	新会话	1fec531705a7bda022cb2cf3650d0d17	0decdc8e161ef8e2638a136388ab6c40	\N	f	\N	2025-05-24 19:24:24.987775	2025-05-24 19:24:25.038229	\N
6582f2d76c5aacf284b9426bccb211c4	新会话	1fec531705a7bda022cb2cf3650d0d17	9c3fba994334ed3b1a8f1b5c4b08b72f	\N	f	\N	2025-05-25 14:11:20.028316	2025-05-25 14:11:20.087533	2025-05-26 01:32:03.518662
239fe267b86a207b68a827d461d17eb7	定时任务 2	1fec531705a7bda022cb2cf3650d0d17	9c3fba994334ed3b1a8f1b5c4b08b72f	\N	f	\N	2025-05-25 14:14:10.030823	2025-05-26 01:09:33.344983	2025-05-26 01:32:06.205891
f49e297a303fe7a6de9fbef58086349e	新会话	1fec531705a7bda022cb2cf3650d0d17	0decdc8e161ef8e2638a136388ab6c40	\N	f	\N	2025-05-24 19:53:21.188778	2025-05-24 19:53:21.232488	2025-05-24 20:50:33.091212
9cc37e38eb5f32e7eb233cbf3dfcc946	新会话	1fec531705a7bda022cb2cf3650d0d17	9c3fba994334ed3b1a8f1b5c4b08b72f	\N	f	\N	2025-05-25 10:37:01.584552	2025-05-25 10:37:01.584552	\N
8af30509324d7519b635388030ef54d4	新会话	1fec531705a7bda022cb2cf3650d0d17	9c3fba994334ed3b1a8f1b5c4b08b72f	\N	f	\N	2025-05-25 10:37:07.916613	2025-05-25 10:37:07.916613	\N
3d9890aa42ee8e70d05660456ea62d47	新会话	1fec531705a7bda022cb2cf3650d0d17	9c3fba994334ed3b1a8f1b5c4b08b72f	\N	f	\N	2025-05-25 10:37:11.778497	2025-05-25 10:37:11.778497	\N
dc07c5cfd283ae14f77ff2fdc8082207	新会话	1fec531705a7bda022cb2cf3650d0d17	9c3fba994334ed3b1a8f1b5c4b08b72f	\N	f	\N	2025-05-25 14:11:49.180678	2025-05-25 14:11:49.224306	2025-05-26 01:32:34.137005
3cdefe61af23fb0bb071c5f9655c8b68	测试定时任务	1fec531705a7bda022cb2cf3650d0d17	0ee94c8945453f1f66bbe9d38e52d69f	\N	f	\N	2025-05-24 16:28:59.655042	2025-05-25 12:25:52.864604	\N
68de188585dbb1c6d8e23345c580a80d	测试定时任务	1fec531705a7bda022cb2cf3650d0d17	9c3fba994334ed3b1a8f1b5c4b08b72f	\N	f	\N	2025-05-25 10:48:40.654563	2025-05-25 13:19:42.616284	\N
13802c2fbc3cbce4d3227cc0b1c203a8	新会话	1fec531705a7bda022cb2cf3650d0d17	0ee94c8945453f1f66bbe9d38e52d69f	\N	f	\N	2025-06-02 00:43:50.888659	2025-06-02 00:43:50.952119	\N
e088db8c0e2ddfe8abeba4d08aee7514	新会话	1fec531705a7bda022cb2cf3650d0d17	0ee94c8945453f1f66bbe9d38e52d69f	\N	f	\N	2025-06-02 11:04:30.620954	2025-06-02 11:04:30.677692	\N
cee5c41fc6268bd94818f33a5c249ec3	新会话	1fec531705a7bda022cb2cf3650d0d17	0ee94c8945453f1f66bbe9d38e52d69f	\N	f	\N	2025-05-26 21:07:59.313527	2025-05-26 21:07:59.377856	\N
3d9a446eb9321320ee5207eda383cb4a	新会话	1fec531705a7bda022cb2cf3650d0d17	0ee94c8945453f1f66bbe9d38e52d69f	\N	f	\N	2025-05-26 21:08:00.860899	2025-05-26 21:08:00.896529	2025-05-26 21:08:18.709886
dde288c748878340022814ed4175da65	新会话	1fec531705a7bda022cb2cf3650d0d17	0ee94c8945453f1f66bbe9d38e52d69f	\N	f	\N	2025-06-02 11:06:51.013704	2025-06-02 11:06:51.068698	\N
f911105d6ae5ea2d758200444c5b0705	新会话	1fec531705a7bda022cb2cf3650d0d17	0ee94c8945453f1f66bbe9d38e52d69f	\N	f	\N	2025-06-02 00:42:56.784544	2025-06-02 00:42:56.83336	2025-06-02 00:43:50.235516
6b5ac25665dde7d7089361def0ad774a	测试	1fec531705a7bda022cb2cf3650d0d17	0ee94c8945453f1f66bbe9d38e52d69f	\N	f	\N	2025-06-04 12:48:09.022988	2025-06-04 12:48:12.756394	2025-06-04 12:51:45.608267
8db4b5cbb4de1e3b8f6114e5db67badd	xixi 	1fec531705a7bda022cb2cf3650d0d17	0ee94c8945453f1f66bbe9d38e52d69f	\N	f	\N	2025-06-04 09:21:38.113851	2025-06-04 09:23:53.820168	2025-06-04 09:26:47.451673
70d2d48037442a96274f1fe0f9f3eb9e	新会话	1fec531705a7bda022cb2cf3650d0d17	0ee94c8945453f1f66bbe9d38e52d69f	\N	f	\N	2025-06-02 11:07:25.046678	2025-06-02 11:07:25.108232	2025-06-04 12:51:41.617216
28766046975205670f732e24baf0e3fc	新会话	1fec531705a7bda022cb2cf3650d0d17	0ee94c8945453f1f66bbe9d38e52d69f	\N	f	\N	2025-06-04 13:25:32.007027	2025-06-04 13:25:32.073972	\N
248dbe06e52e49a9de5e6da673a75a6f	新会话	1fec531705a7bda022cb2cf3650d0d17	0ee94c8945453f1f66bbe9d38e52d69f	\N	f	\N	2025-06-04 19:51:28.30011	2025-06-04 19:51:28.366278	\N
37c55f08d0550adada0434461e58dc37	新会话	1fec531705a7bda022cb2cf3650d0d17	0ee94c8945453f1f66bbe9d38e52d69f	\N	f	\N	2025-06-04 19:59:17.682568	2025-06-04 19:59:17.74429	\N
6ad3233ef2ab296ed7f36d5d47ce389e	新会话	1fec531705a7bda022cb2cf3650d0d17	0decdc8e161ef8e2638a136388ab6c40	\N	f	\N	2025-05-24 20:48:03.913977	2025-05-24 20:48:03.956141	2025-06-05 12:58:09.515221
08988ce8c099cedede742557edb0e3ec	高可用	1fec531705a7bda022cb2cf3650d0d17	0ee94c8945453f1f66bbe9d38e52d69f	\N	f	\N	2025-06-09 22:23:43.410203	2025-06-09 22:23:47.593671	\N
\.


--
-- Data for Name: tool_versions; Type: TABLE DATA; Schema: public; Owner: postgres
--

COPY public.tool_versions (id, name, icon, subtitle, description, user_id, version, tool_id, upload_type, upload_url, tool_list, labels, is_office, public_status, created_at, updated_at, deleted_at, change_log, mcp_server_name) FROM stdin;
c73a57efbc6e711f6563ab4c0886bfde	测试工具	\N	测试工具	测试工具测试工具测试工具测试工具测试工具	9d104b0f930794ff23840923a389840e	0.0.0	5048f8561619c3633dbb1fc8526e0331	GITHUB	http://localhost:3000/tools/upload	\N	["test"]	f	f	2025-05-24 23:15:11.647289	2025-05-24 23:15:11.647289	2025-05-24 23:24:47.311048	Base configuration for owner auto-installation.	file-system
881f9a7b3de942a33e783f9a512fc338	测试工具	\N	测试工具	测试工具测试工具测试工具测试工具测试工具	9d104b0f930794ff23840923a389840e	0.0.1	5048f8561619c3633dbb1fc8526e0331	GITHUB	http://localhost:3000/tools/upload	\N	["test"]	f	t	2025-05-24 23:16:00.718657	2025-05-24 23:15:11.647289	2025-05-24 23:24:47.311048	init	file-system
6196ab426d8d14ecc32c43dbefc987a4	测试工具-333	https://avatars.githubusercontent.com/u/10376890	测试工具。。。	别治感布也县最。好类公。你速物。效料片给压特写。来全万会自电一。况办重派色样先必则。做准题声较口住县元广。	1fec531705a7bda022cb2cf3650d0d17	0.0.5	fcf8589b869aada08e4fe7c29121ddb8	GITHUB	https://github.com/xhyqaq/surge-mcp-server/tree/0.0.2	[{"name": "read_file", "enabled": true, "parameters": {"required": ["path"], "properties": {"{path": {"description": null}, "required": {"description": null}, "definitions": {"description": null}, "additionalProperties": {"description": null}}}, "description": "Read the complete contents of a file from the file system. Handles various text encodings and provides detailed error messages if the file cannot be read. Use this tool when you need to examine the contents of a single file. Only works within allowed directories."}, {"name": "read_multiple_files", "enabled": true, "parameters": {"required": ["paths"], "properties": {"items": {"description": null}, "{paths": {"description": null}, "required": {"description": null}, "definitions": {"description": null}, "additionalProperties": {"description": null}}}, "description": "Read the contents of multiple files simultaneously. This is more efficient than reading files one by one when you need to analyze or compare multiple files. Each file's content is returned with its path as a reference. Failed reads for individual files won't stop the entire operation. Only works within allowed directories."}, {"name": "write_file", "enabled": true, "parameters": {"required": ["path", "content"], "properties": {"{path": {"description": null}, "content": {"description": null}, "required": {"description": null}, "definitions": {"description": null}, "additionalProperties": {"description": null}}}, "description": "Create a new file or completely overwrite an existing file with new content. Use with caution as it will overwrite existing files without warning. Handles text content with proper encoding. Only works within allowed directories."}, {"name": "edit_file", "enabled": true, "parameters": {"required": ["oldText", "newText"], "properties": {"edits": {"description": null}, "items": {"description": null}, "{path": {"description": null}, "dryRun": {"description": "Preview changes using git-style diff format"}, "newText": {"description": "Text to replace with"}, "required": {"description": null}, "properties": {"description": "Text to search for - must match exactly"}, "definitions": {"description": null}, "additionalProperties": {"description": null}}}, "description": "Make line-based edits to a text file. Each edit replaces exact line sequences with new content. Returns a git-style diff showing the changes made. Only works within allowed directories."}, {"name": "create_directory", "enabled": true, "parameters": {"required": ["path"], "properties": {"{path": {"description": null}, "required": {"description": null}, "definitions": {"description": null}, "additionalProperties": {"description": null}}}, "description": "Create a new directory or ensure a directory exists. Can create multiple nested directories in one operation. If the directory already exists, this operation will succeed silently. Perfect for setting up directory structures for projects or ensuring required paths exist. Only works within allowed directories."}, {"name": "list_directory", "enabled": true, "parameters": {"required": ["path"], "properties": {"{path": {"description": null}, "required": {"description": null}, "definitions": {"description": null}, "additionalProperties": {"description": null}}}, "description": "Get a detailed listing of all files and directories in a specified path. Results clearly distinguish between files and directories with [FILE] and [DIR] prefixes. This tool is essential for understanding directory structure and finding specific files within a directory. Only works within allowed directories."}, {"name": "directory_tree", "enabled": true, "parameters": {"required": ["path"], "properties": {"{path": {"description": null}, "required": {"description": null}, "definitions": {"description": null}, "additionalProperties": {"description": null}}}, "description": "Get a recursive tree view of files and directories as a JSON structure. Each entry includes 'name', 'type' (file/directory), and 'children' for directories. Files have no children array, while directories always have a children array (which may be empty). The output is formatted with 2-space indentation for readability. Only works within allowed directories."}, {"name": "move_file", "enabled": true, "parameters": {"required": ["source", "destination"], "properties": {"{source": {"description": null}, "required": {"description": null}, "definitions": {"description": null}, "destination": {"description": null}, "additionalProperties": {"description": null}}}, "description": "Move or rename files and directories. Can move files between directories and rename them in a single operation. If the destination exists, the operation will fail. Works across different directories and can be used for simple renaming within the same directory. Both source and destination must be within allowed directories."}, {"name": "search_files", "enabled": true, "parameters": {"required": ["path", "pattern"], "properties": {"items": {"description": null}, "{path": {"description": null}, "pattern": {"description": null}, "required": {"description": null}, "definitions": {"description": null}, "excludePatterns": {"description": null}, "additionalProperties": {"description": null}}}, "description": "Recursively search for files and directories matching a pattern. Searches through all subdirectories from the starting path. The search is case-insensitive and matches partial names. Returns full paths to all matching items. Great for finding files when you don't know their exact location. Only searches within allowed directories."}, {"name": "get_file_info", "enabled": true, "parameters": {"required": ["path"], "properties": {"{path": {"description": null}, "required": {"description": null}, "definitions": {"description": null}, "additionalProperties": {"description": null}}}, "description": "Retrieve detailed metadata about a file or directory. Returns comprehensive information including size, creation time, last modified time, permissions, and type. This tool is perfect for understanding file characteristics without reading the actual content. Only works within allowed directories."}, {"name": "list_allowed_directories", "enabled": true, "parameters": {"required": null, "properties": {"required": {"description": null}, "definitions": {"description": null}, "additionalProperties": {"description": null}}}, "description": "Returns the list of directories that this server is allowed to access. Use this to understand which directories are available before trying to access files."}]	["A", "B"]	f	f	2025-05-24 00:53:26.839095	2025-05-11 23:16:13.969995	2025-05-24 13:37:01.842734	222	file-system
18b3dba7ead6c7692455a8a42ca92e72	测试工具-333	https://avatars.githubusercontent.com/u/10376890	测试工具。。。	别治感布也县最。好类公。你速物。效料片给压特写。来全万会自电一。况办重派色样先必则。做准题声较口住县元广。	1fec531705a7bda022cb2cf3650d0d17	0.0.3	fcf8589b869aada08e4fe7c29121ddb8	GITHUB	https://github.com/xhyqaq/surge-mcp-server/tree/0.0.2	[{"name": "read_file", "enabled": true, "parameters": {"required": ["path"], "properties": {"{path": {"description": null}, "required": {"description": null}, "definitions": {"description": null}, "additionalProperties": {"description": null}}}, "description": "Read the complete contents of a file from the file system. Handles various text encodings and provides detailed error messages if the file cannot be read. Use this tool when you need to examine the contents of a single file. Only works within allowed directories."}, {"name": "read_multiple_files", "enabled": true, "parameters": {"required": ["paths"], "properties": {"items": {"description": null}, "{paths": {"description": null}, "required": {"description": null}, "definitions": {"description": null}, "additionalProperties": {"description": null}}}, "description": "Read the contents of multiple files simultaneously. This is more efficient than reading files one by one when you need to analyze or compare multiple files. Each file's content is returned with its path as a reference. Failed reads for individual files won't stop the entire operation. Only works within allowed directories."}, {"name": "write_file", "enabled": true, "parameters": {"required": ["path", "content"], "properties": {"{path": {"description": null}, "content": {"description": null}, "required": {"description": null}, "definitions": {"description": null}, "additionalProperties": {"description": null}}}, "description": "Create a new file or completely overwrite an existing file with new content. Use with caution as it will overwrite existing files without warning. Handles text content with proper encoding. Only works within allowed directories."}, {"name": "edit_file", "enabled": true, "parameters": {"required": ["oldText", "newText"], "properties": {"edits": {"description": null}, "items": {"description": null}, "{path": {"description": null}, "dryRun": {"description": "Preview changes using git-style diff format"}, "newText": {"description": "Text to replace with"}, "required": {"description": null}, "properties": {"description": "Text to search for - must match exactly"}, "definitions": {"description": null}, "additionalProperties": {"description": null}}}, "description": "Make line-based edits to a text file. Each edit replaces exact line sequences with new content. Returns a git-style diff showing the changes made. Only works within allowed directories."}, {"name": "create_directory", "enabled": true, "parameters": {"required": ["path"], "properties": {"{path": {"description": null}, "required": {"description": null}, "definitions": {"description": null}, "additionalProperties": {"description": null}}}, "description": "Create a new directory or ensure a directory exists. Can create multiple nested directories in one operation. If the directory already exists, this operation will succeed silently. Perfect for setting up directory structures for projects or ensuring required paths exist. Only works within allowed directories."}, {"name": "list_directory", "enabled": true, "parameters": {"required": ["path"], "properties": {"{path": {"description": null}, "required": {"description": null}, "definitions": {"description": null}, "additionalProperties": {"description": null}}}, "description": "Get a detailed listing of all files and directories in a specified path. Results clearly distinguish between files and directories with [FILE] and [DIR] prefixes. This tool is essential for understanding directory structure and finding specific files within a directory. Only works within allowed directories."}, {"name": "directory_tree", "enabled": true, "parameters": {"required": ["path"], "properties": {"{path": {"description": null}, "required": {"description": null}, "definitions": {"description": null}, "additionalProperties": {"description": null}}}, "description": "Get a recursive tree view of files and directories as a JSON structure. Each entry includes 'name', 'type' (file/directory), and 'children' for directories. Files have no children array, while directories always have a children array (which may be empty). The output is formatted with 2-space indentation for readability. Only works within allowed directories."}, {"name": "move_file", "enabled": true, "parameters": {"required": ["source", "destination"], "properties": {"{source": {"description": null}, "required": {"description": null}, "definitions": {"description": null}, "destination": {"description": null}, "additionalProperties": {"description": null}}}, "description": "Move or rename files and directories. Can move files between directories and rename them in a single operation. If the destination exists, the operation will fail. Works across different directories and can be used for simple renaming within the same directory. Both source and destination must be within allowed directories."}, {"name": "search_files", "enabled": true, "parameters": {"required": ["path", "pattern"], "properties": {"items": {"description": null}, "{path": {"description": null}, "pattern": {"description": null}, "required": {"description": null}, "definitions": {"description": null}, "excludePatterns": {"description": null}, "additionalProperties": {"description": null}}}, "description": "Recursively search for files and directories matching a pattern. Searches through all subdirectories from the starting path. The search is case-insensitive and matches partial names. Returns full paths to all matching items. Great for finding files when you don't know their exact location. Only searches within allowed directories."}, {"name": "get_file_info", "enabled": true, "parameters": {"required": ["path"], "properties": {"{path": {"description": null}, "required": {"description": null}, "definitions": {"description": null}, "additionalProperties": {"description": null}}}, "description": "Retrieve detailed metadata about a file or directory. Returns comprehensive information including size, creation time, last modified time, permissions, and type. This tool is perfect for understanding file characteristics without reading the actual content. Only works within allowed directories."}, {"name": "list_allowed_directories", "enabled": true, "parameters": {"required": null, "properties": {"required": {"description": null}, "definitions": {"description": null}, "additionalProperties": {"description": null}}}, "description": "Returns the list of directories that this server is allowed to access. Use this to understand which directories are available before trying to access files."}]	["A", "B"]	f	t	2025-05-11 23:16:13.969995	2025-05-11 23:16:13.969995	2025-05-24 13:37:01.842734	kk 	file-system
7cdb51191d9d74bf3c356629468cdccf	测试工具-333	https://avatars.githubusercontent.com/u/10376890	测试工具。。。	别治感布也县最。好类公。你速物。效料片给压特写。来全万会自电一。况办重派色样先必则。做准题声较口住县元广。	1fec531705a7bda022cb2cf3650d0d17	0.0.4	fcf8589b869aada08e4fe7c29121ddb8	GITHUB	https://github.com/xhyqaq/surge-mcp-server/tree/0.0.2	[{"name": "read_file", "enabled": true, "parameters": {"required": ["path"], "properties": {"{path": {"description": null}, "required": {"description": null}, "definitions": {"description": null}, "additionalProperties": {"description": null}}}, "description": "Read the complete contents of a file from the file system. Handles various text encodings and provides detailed error messages if the file cannot be read. Use this tool when you need to examine the contents of a single file. Only works within allowed directories."}, {"name": "read_multiple_files", "enabled": true, "parameters": {"required": ["paths"], "properties": {"items": {"description": null}, "{paths": {"description": null}, "required": {"description": null}, "definitions": {"description": null}, "additionalProperties": {"description": null}}}, "description": "Read the contents of multiple files simultaneously. This is more efficient than reading files one by one when you need to analyze or compare multiple files. Each file's content is returned with its path as a reference. Failed reads for individual files won't stop the entire operation. Only works within allowed directories."}, {"name": "write_file", "enabled": true, "parameters": {"required": ["path", "content"], "properties": {"{path": {"description": null}, "content": {"description": null}, "required": {"description": null}, "definitions": {"description": null}, "additionalProperties": {"description": null}}}, "description": "Create a new file or completely overwrite an existing file with new content. Use with caution as it will overwrite existing files without warning. Handles text content with proper encoding. Only works within allowed directories."}, {"name": "edit_file", "enabled": true, "parameters": {"required": ["oldText", "newText"], "properties": {"edits": {"description": null}, "items": {"description": null}, "{path": {"description": null}, "dryRun": {"description": "Preview changes using git-style diff format"}, "newText": {"description": "Text to replace with"}, "required": {"description": null}, "properties": {"description": "Text to search for - must match exactly"}, "definitions": {"description": null}, "additionalProperties": {"description": null}}}, "description": "Make line-based edits to a text file. Each edit replaces exact line sequences with new content. Returns a git-style diff showing the changes made. Only works within allowed directories."}, {"name": "create_directory", "enabled": true, "parameters": {"required": ["path"], "properties": {"{path": {"description": null}, "required": {"description": null}, "definitions": {"description": null}, "additionalProperties": {"description": null}}}, "description": "Create a new directory or ensure a directory exists. Can create multiple nested directories in one operation. If the directory already exists, this operation will succeed silently. Perfect for setting up directory structures for projects or ensuring required paths exist. Only works within allowed directories."}, {"name": "list_directory", "enabled": true, "parameters": {"required": ["path"], "properties": {"{path": {"description": null}, "required": {"description": null}, "definitions": {"description": null}, "additionalProperties": {"description": null}}}, "description": "Get a detailed listing of all files and directories in a specified path. Results clearly distinguish between files and directories with [FILE] and [DIR] prefixes. This tool is essential for understanding directory structure and finding specific files within a directory. Only works within allowed directories."}, {"name": "directory_tree", "enabled": true, "parameters": {"required": ["path"], "properties": {"{path": {"description": null}, "required": {"description": null}, "definitions": {"description": null}, "additionalProperties": {"description": null}}}, "description": "Get a recursive tree view of files and directories as a JSON structure. Each entry includes 'name', 'type' (file/directory), and 'children' for directories. Files have no children array, while directories always have a children array (which may be empty). The output is formatted with 2-space indentation for readability. Only works within allowed directories."}, {"name": "move_file", "enabled": true, "parameters": {"required": ["source", "destination"], "properties": {"{source": {"description": null}, "required": {"description": null}, "definitions": {"description": null}, "destination": {"description": null}, "additionalProperties": {"description": null}}}, "description": "Move or rename files and directories. Can move files between directories and rename them in a single operation. If the destination exists, the operation will fail. Works across different directories and can be used for simple renaming within the same directory. Both source and destination must be within allowed directories."}, {"name": "search_files", "enabled": true, "parameters": {"required": ["path", "pattern"], "properties": {"items": {"description": null}, "{path": {"description": null}, "pattern": {"description": null}, "required": {"description": null}, "definitions": {"description": null}, "excludePatterns": {"description": null}, "additionalProperties": {"description": null}}}, "description": "Recursively search for files and directories matching a pattern. Searches through all subdirectories from the starting path. The search is case-insensitive and matches partial names. Returns full paths to all matching items. Great for finding files when you don't know their exact location. Only searches within allowed directories."}, {"name": "get_file_info", "enabled": true, "parameters": {"required": ["path"], "properties": {"{path": {"description": null}, "required": {"description": null}, "definitions": {"description": null}, "additionalProperties": {"description": null}}}, "description": "Retrieve detailed metadata about a file or directory. Returns comprehensive information including size, creation time, last modified time, permissions, and type. This tool is perfect for understanding file characteristics without reading the actual content. Only works within allowed directories."}, {"name": "list_allowed_directories", "enabled": true, "parameters": {"required": null, "properties": {"required": {"description": null}, "definitions": {"description": null}, "additionalProperties": {"description": null}}}, "description": "Returns the list of directories that this server is allowed to access. Use this to understand which directories are available before trying to access files."}]	["A", "B"]	f	t	2025-05-24 00:51:46.743325	2025-05-11 23:16:13.969995	2025-05-24 13:37:01.842734	22	file-system
e699774e434158449f71b2923cb30873	测试工具-333	https://avatars.githubusercontent.com/u/10376890	测试工具。。。	别治感布也县最。好类公。你速物。效料片给压特写。来全万会自电一。况办重派色样先必则。做准题声较口住县元广。	1fec531705a7bda022cb2cf3650d0d17	0.0.6	fcf8589b869aada08e4fe7c29121ddb8	GITHUB	https://github.com/xhyqaq/surge-mcp-server/tree/0.0.2	[{"name": "read_file", "enabled": true, "parameters": {"required": ["path"], "properties": {"{path": {"description": null}, "required": {"description": null}, "definitions": {"description": null}, "additionalProperties": {"description": null}}}, "description": "Read the complete contents of a file from the file system. Handles various text encodings and provides detailed error messages if the file cannot be read. Use this tool when you need to examine the contents of a single file. Only works within allowed directories."}, {"name": "read_multiple_files", "enabled": true, "parameters": {"required": ["paths"], "properties": {"items": {"description": null}, "{paths": {"description": null}, "required": {"description": null}, "definitions": {"description": null}, "additionalProperties": {"description": null}}}, "description": "Read the contents of multiple files simultaneously. This is more efficient than reading files one by one when you need to analyze or compare multiple files. Each file's content is returned with its path as a reference. Failed reads for individual files won't stop the entire operation. Only works within allowed directories."}, {"name": "write_file", "enabled": true, "parameters": {"required": ["path", "content"], "properties": {"{path": {"description": null}, "content": {"description": null}, "required": {"description": null}, "definitions": {"description": null}, "additionalProperties": {"description": null}}}, "description": "Create a new file or completely overwrite an existing file with new content. Use with caution as it will overwrite existing files without warning. Handles text content with proper encoding. Only works within allowed directories."}, {"name": "edit_file", "enabled": true, "parameters": {"required": ["oldText", "newText"], "properties": {"edits": {"description": null}, "items": {"description": null}, "{path": {"description": null}, "dryRun": {"description": "Preview changes using git-style diff format"}, "newText": {"description": "Text to replace with"}, "required": {"description": null}, "properties": {"description": "Text to search for - must match exactly"}, "definitions": {"description": null}, "additionalProperties": {"description": null}}}, "description": "Make line-based edits to a text file. Each edit replaces exact line sequences with new content. Returns a git-style diff showing the changes made. Only works within allowed directories."}, {"name": "create_directory", "enabled": true, "parameters": {"required": ["path"], "properties": {"{path": {"description": null}, "required": {"description": null}, "definitions": {"description": null}, "additionalProperties": {"description": null}}}, "description": "Create a new directory or ensure a directory exists. Can create multiple nested directories in one operation. If the directory already exists, this operation will succeed silently. Perfect for setting up directory structures for projects or ensuring required paths exist. Only works within allowed directories."}, {"name": "list_directory", "enabled": true, "parameters": {"required": ["path"], "properties": {"{path": {"description": null}, "required": {"description": null}, "definitions": {"description": null}, "additionalProperties": {"description": null}}}, "description": "Get a detailed listing of all files and directories in a specified path. Results clearly distinguish between files and directories with [FILE] and [DIR] prefixes. This tool is essential for understanding directory structure and finding specific files within a directory. Only works within allowed directories."}, {"name": "directory_tree", "enabled": true, "parameters": {"required": ["path"], "properties": {"{path": {"description": null}, "required": {"description": null}, "definitions": {"description": null}, "additionalProperties": {"description": null}}}, "description": "Get a recursive tree view of files and directories as a JSON structure. Each entry includes 'name', 'type' (file/directory), and 'children' for directories. Files have no children array, while directories always have a children array (which may be empty). The output is formatted with 2-space indentation for readability. Only works within allowed directories."}, {"name": "move_file", "enabled": true, "parameters": {"required": ["source", "destination"], "properties": {"{source": {"description": null}, "required": {"description": null}, "definitions": {"description": null}, "destination": {"description": null}, "additionalProperties": {"description": null}}}, "description": "Move or rename files and directories. Can move files between directories and rename them in a single operation. If the destination exists, the operation will fail. Works across different directories and can be used for simple renaming within the same directory. Both source and destination must be within allowed directories."}, {"name": "search_files", "enabled": true, "parameters": {"required": ["path", "pattern"], "properties": {"items": {"description": null}, "{path": {"description": null}, "pattern": {"description": null}, "required": {"description": null}, "definitions": {"description": null}, "excludePatterns": {"description": null}, "additionalProperties": {"description": null}}}, "description": "Recursively search for files and directories matching a pattern. Searches through all subdirectories from the starting path. The search is case-insensitive and matches partial names. Returns full paths to all matching items. Great for finding files when you don't know their exact location. Only searches within allowed directories."}, {"name": "get_file_info", "enabled": true, "parameters": {"required": ["path"], "properties": {"{path": {"description": null}, "required": {"description": null}, "definitions": {"description": null}, "additionalProperties": {"description": null}}}, "description": "Retrieve detailed metadata about a file or directory. Returns comprehensive information including size, creation time, last modified time, permissions, and type. This tool is perfect for understanding file characteristics without reading the actual content. Only works within allowed directories."}, {"name": "list_allowed_directories", "enabled": true, "parameters": {"required": null, "properties": {"required": {"description": null}, "definitions": {"description": null}, "additionalProperties": {"description": null}}}, "description": "Returns the list of directories that this server is allowed to access. Use this to understand which directories are available before trying to access files."}]	["A", "B"]	f	f	2025-05-24 00:54:46.689518	2025-05-11 23:16:13.969995	2025-05-24 13:37:01.842734	333	file-system
2cfc6a3887dd6b8302634f8b0df24e65	前端项目部署工具	\N	用于部署前端项目	提供俩个工具：\n\n1.surge_login\n\n2.surge_deploy\n\n需要和文件工具一块使用\n	1fec531705a7bda022cb2cf3650d0d17	0.0.0	30141b14b832a9062ad47cf49b12c3b4	GITHUB	https://github.com/xhyqaq/surge-mcp-server/tree/0.0.1	[{"name": "surge_login", "enabled": true, "parameters": {"required": ["email", "password"], "properties": {"{email": {"description": "Surge 账户邮箱"}, "password": {"description": "Surge 账户密码"}, "required": {"description": null}, "definitions": {"description": null}, "additionalProperties": {"description": null}}}, "description": "登录到 Surge.sh 账户"}, {"name": "surge_deploy", "enabled": true, "parameters": {"required": ["directory"], "properties": {"required": {"description": null}, "{directory": {"description": "要部署的目录路径，例如：/Users/xhy/soft-application/mcp-server/surge-mcp"}, "definitions": {"description": null}, "additionalProperties": {"description": null}}}, "description": "部署项目到 Surge.sh（生成随机域名）"}]	["surge"]	f	f	2025-05-24 13:38:40.227525	2025-05-24 14:02:43.610639	\N	Base configuration for owner auto-installation.	surge
5077bbf9c62ab096376a55740f04e89d	文件管理	\N	文件管理	{\n  "mcpServers": {\n    "file-system": {\n      "command": "npx",\n      "args": [\n        "-y",\n        "@modelcontextprotocol/server-filesystem",\n        "/etc/proxy"\n      ]\n    }\n  }\n}	1fec531705a7bda022cb2cf3650d0d17	0.0.0	fbebf1f6cc28d405097cca563461f379	GITHUB	https://github.com/smithery-ai/reference-servers/tree/main/src/filesystem	[{"name": "read_file", "enabled": true, "parameters": {"required": ["path"], "properties": {"{path": {"description": null}, "required": {"description": null}, "definitions": {"description": null}, "additionalProperties": {"description": null}}}, "description": "Read the complete contents of a file from the file system. Handles various text encodings and provides detailed error messages if the file cannot be read. Use this tool when you need to examine the contents of a single file. Only works within allowed directories."}, {"name": "read_multiple_files", "enabled": true, "parameters": {"required": ["paths"], "properties": {"items": {"description": null}, "{paths": {"description": null}, "required": {"description": null}, "definitions": {"description": null}, "additionalProperties": {"description": null}}}, "description": "Read the contents of multiple files simultaneously. This is more efficient than reading files one by one when you need to analyze or compare multiple files. Each file's content is returned with its path as a reference. Failed reads for individual files won't stop the entire operation. Only works within allowed directories."}, {"name": "write_file", "enabled": true, "parameters": {"required": ["path", "content"], "properties": {"{path": {"description": null}, "content": {"description": null}, "required": {"description": null}, "definitions": {"description": null}, "additionalProperties": {"description": null}}}, "description": "Create a new file or completely overwrite an existing file with new content. Use with caution as it will overwrite existing files without warning. Handles text content with proper encoding. Only works within allowed directories."}, {"name": "edit_file", "enabled": true, "parameters": {"required": ["oldText", "newText"], "properties": {"edits": {"description": null}, "items": {"description": null}, "{path": {"description": null}, "dryRun": {"description": "Preview changes using git-style diff format"}, "newText": {"description": "Text to replace with"}, "required": {"description": null}, "properties": {"description": "Text to search for - must match exactly"}, "definitions": {"description": null}, "additionalProperties": {"description": null}}}, "description": "Make line-based edits to a text file. Each edit replaces exact line sequences with new content. Returns a git-style diff showing the changes made. Only works within allowed directories."}, {"name": "create_directory", "enabled": true, "parameters": {"required": ["path"], "properties": {"{path": {"description": null}, "required": {"description": null}, "definitions": {"description": null}, "additionalProperties": {"description": null}}}, "description": "Create a new directory or ensure a directory exists. Can create multiple nested directories in one operation. If the directory already exists, this operation will succeed silently. Perfect for setting up directory structures for projects or ensuring required paths exist. Only works within allowed directories."}, {"name": "list_directory", "enabled": true, "parameters": {"required": ["path"], "properties": {"{path": {"description": null}, "required": {"description": null}, "definitions": {"description": null}, "additionalProperties": {"description": null}}}, "description": "Get a detailed listing of all files and directories in a specified path. Results clearly distinguish between files and directories with [FILE] and [DIR] prefixes. This tool is essential for understanding directory structure and finding specific files within a directory. Only works within allowed directories."}, {"name": "directory_tree", "enabled": true, "parameters": {"required": ["path"], "properties": {"{path": {"description": null}, "required": {"description": null}, "definitions": {"description": null}, "additionalProperties": {"description": null}}}, "description": "Get a recursive tree view of files and directories as a JSON structure. Each entry includes 'name', 'type' (file/directory), and 'children' for directories. Files have no children array, while directories always have a children array (which may be empty). The output is formatted with 2-space indentation for readability. Only works within allowed directories."}, {"name": "move_file", "enabled": true, "parameters": {"required": ["source", "destination"], "properties": {"{source": {"description": null}, "required": {"description": null}, "definitions": {"description": null}, "destination": {"description": null}, "additionalProperties": {"description": null}}}, "description": "Move or rename files and directories. Can move files between directories and rename them in a single operation. If the destination exists, the operation will fail. Works across different directories and can be used for simple renaming within the same directory. Both source and destination must be within allowed directories."}, {"name": "search_files", "enabled": true, "parameters": {"required": ["path", "pattern"], "properties": {"items": {"description": null}, "{path": {"description": null}, "pattern": {"description": null}, "required": {"description": null}, "definitions": {"description": null}, "excludePatterns": {"description": null}, "additionalProperties": {"description": null}}}, "description": "Recursively search for files and directories matching a pattern. Searches through all subdirectories from the starting path. The search is case-insensitive and matches partial names. Returns full paths to all matching items. Great for finding files when you don't know their exact location. Only searches within allowed directories."}, {"name": "get_file_info", "enabled": true, "parameters": {"required": ["path"], "properties": {"{path": {"description": null}, "required": {"description": null}, "definitions": {"description": null}, "additionalProperties": {"description": null}}}, "description": "Retrieve detailed metadata about a file or directory. Returns comprehensive information including size, creation time, last modified time, permissions, and type. This tool is perfect for understanding file characteristics without reading the actual content. Only works within allowed directories."}, {"name": "list_allowed_directories", "enabled": true, "parameters": {"required": null, "properties": {"required": {"description": null}, "definitions": {"description": null}, "additionalProperties": {"description": null}}}, "description": "Returns the list of directories that this server is allowed to access. Use this to understand which directories are available before trying to access files."}]	["file-system"]	f	f	2025-05-24 14:20:19.712004	2025-05-24 14:20:19.712004	\N	Base configuration for owner auto-installation.	file-system
f024c9e9122b2825540ca599e8f726a8	文件管理	https://agentx.oss-cn-beijing.aliyuncs.com/agent/2025/06/02/1748850456448_e51nao.jpg	文件管理	{\n  "mcpServers": {\n    "file-system": {\n      "command": "npx",\n      "args": [\n        "-y",\n        "@modelcontextprotocol/server-filesystem",\n        "/etc/proxy"\n      ]\n    }\n  }\n}	1fec531705a7bda022cb2cf3650d0d17	0.0.1	fbebf1f6cc28d405097cca563461f379	GITHUB	https://github.com/smithery-ai/reference-servers/tree/main/src/filesystem	[{"name": "read_file", "enabled": true, "parameters": {"required": ["path"], "properties": {"{path": {}, "required": {}, "definitions": {}, "additionalProperties": {}}}, "description": "Read the complete contents of a file from the file system. Handles various text encodings and provides detailed error messages if the file cannot be read. Use this tool when you need to examine the contents of a single file. Only works within allowed directories."}, {"name": "read_multiple_files", "enabled": true, "parameters": {"required": ["paths"], "properties": {"items": {}, "{paths": {}, "required": {}, "definitions": {}, "additionalProperties": {}}}, "description": "Read the contents of multiple files simultaneously. This is more efficient than reading files one by one when you need to analyze or compare multiple files. Each file's content is returned with its path as a reference. Failed reads for individual files won't stop the entire operation. Only works within allowed directories."}, {"name": "write_file", "enabled": true, "parameters": {"required": ["path", "content"], "properties": {"{path": {}, "content": {}, "required": {}, "definitions": {}, "additionalProperties": {}}}, "description": "Create a new file or completely overwrite an existing file with new content. Use with caution as it will overwrite existing files without warning. Handles text content with proper encoding. Only works within allowed directories."}, {"name": "edit_file", "enabled": true, "parameters": {"required": ["oldText", "newText"], "properties": {"edits": {}, "items": {}, "{path": {}, "dryRun": {"description": "Preview changes using git-style diff format"}, "newText": {"description": "Text to replace with"}, "required": {}, "properties": {"description": "Text to search for - must match exactly"}, "definitions": {}, "additionalProperties": {}}}, "description": "Make line-based edits to a text file. Each edit replaces exact line sequences with new content. Returns a git-style diff showing the changes made. Only works within allowed directories."}, {"name": "create_directory", "enabled": true, "parameters": {"required": ["path"], "properties": {"{path": {}, "required": {}, "definitions": {}, "additionalProperties": {}}}, "description": "Create a new directory or ensure a directory exists. Can create multiple nested directories in one operation. If the directory already exists, this operation will succeed silently. Perfect for setting up directory structures for projects or ensuring required paths exist. Only works within allowed directories."}, {"name": "list_directory", "enabled": true, "parameters": {"required": ["path"], "properties": {"{path": {}, "required": {}, "definitions": {}, "additionalProperties": {}}}, "description": "Get a detailed listing of all files and directories in a specified path. Results clearly distinguish between files and directories with [FILE] and [DIR] prefixes. This tool is essential for understanding directory structure and finding specific files within a directory. Only works within allowed directories."}, {"name": "directory_tree", "enabled": true, "parameters": {"required": ["path"], "properties": {"{path": {}, "required": {}, "definitions": {}, "additionalProperties": {}}}, "description": "Get a recursive tree view of files and directories as a JSON structure. Each entry includes 'name', 'type' (file/directory), and 'children' for directories. Files have no children array, while directories always have a children array (which may be empty). The output is formatted with 2-space indentation for readability. Only works within allowed directories."}, {"name": "move_file", "enabled": true, "parameters": {"required": ["source", "destination"], "properties": {"{source": {}, "required": {}, "definitions": {}, "destination": {}, "additionalProperties": {}}}, "description": "Move or rename files and directories. Can move files between directories and rename them in a single operation. If the destination exists, the operation will fail. Works across different directories and can be used for simple renaming within the same directory. Both source and destination must be within allowed directories."}, {"name": "search_files", "enabled": true, "parameters": {"required": ["path", "pattern"], "properties": {"items": {}, "{path": {}, "pattern": {}, "required": {}, "definitions": {}, "excludePatterns": {}, "additionalProperties": {}}}, "description": "Recursively search for files and directories matching a pattern. Searches through all subdirectories from the starting path. The search is case-insensitive and matches partial names. Returns full paths to all matching items. Great for finding files when you don't know their exact location. Only searches within allowed directories."}, {"name": "get_file_info", "enabled": true, "parameters": {"required": ["path"], "properties": {"{path": {}, "required": {}, "definitions": {}, "additionalProperties": {}}}, "description": "Retrieve detailed metadata about a file or directory. Returns comprehensive information including size, creation time, last modified time, permissions, and type. This tool is perfect for understanding file characteristics without reading the actual content. Only works within allowed directories."}, {"name": "list_allowed_directories", "enabled": true, "parameters": {"properties": {"required": {}, "definitions": {}, "additionalProperties": {}}}, "description": "Returns the list of directories that this server is allowed to access. Use this to understand which directories are available before trying to access files."}]	["file-system"]	f	t	2025-06-02 15:54:15.616845	2025-06-02 15:47:39.019899	\N	test avatar	file-system
ea968c0e111a4c9feeb20b2e4dd19bcb	测试工具	\N	测试工具	测试工具测试工具测试工具测试工具测试工具测试工具测试工具	9d104b0f930794ff23840923a389840e	0.0.0	d962e2953fe689e3e70dfb0fc845ac5f	GITHUB	http://localhost:3000/tools/upload	\N	["测试工具"]	f	f	2025-05-24 23:26:12.172275	2025-05-24 23:26:12.172275	\N	Base configuration for owner auto-installation.	file-system
ce7eff723820433e0b89bbc269b2f297	测试工具	\N	测试工具	测试工具测试工具测试工具测试工具测试工具测试工具测试工具	9d104b0f930794ff23840923a389840e	0.0.1	d962e2953fe689e3e70dfb0fc845ac5f	GITHUB	http://localhost:3000/tools/upload	\N	["测试工具"]	f	t	2025-05-24 23:26:38.040572	2025-05-24 23:26:12.172275	\N	1	file-system
bffbf4be3fb1036897736cb8eebd7e0a	前端项目部署工具	\N	用于部署前端项目	提供俩个工具：\n\n1.surge_login\n\n2.surge_deploy\n\n需要和文件工具一块使用\n	1fec531705a7bda022cb2cf3650d0d17	0.0.1	30141b14b832a9062ad47cf49b12c3b4	GITHUB	https://github.com/xhyqaq/surge-mcp-server/tree/0.0.1	[{"name": "surge_login", "enabled": true, "parameters": {"required": ["email", "password"], "properties": {"email": {"description": "Surge 账户邮箱"}, "password": {"description": "Surge 账户密码"}}}, "description": "登录到 Surge.sh 账户"}, {"name": "surge_deploy", "enabled": true, "parameters": {"required": ["directory"], "properties": {"directory": {"description": "要部署的目录路径，例如：/Users/xhy/soft-application/mcp-server/surge-mcp"}}}, "description": "部署项目到 Surge.sh（生成随机域名）"}]	["surge"]	f	t	2025-05-26 12:37:19.475559	2025-05-24 14:02:43.610639	\N	init	surge
\.


--
-- Data for Name: tools; Type: TABLE DATA; Schema: public; Owner: postgres
--

COPY public.tools (id, name, icon, subtitle, description, user_id, labels, tool_type, upload_type, upload_url, install_command, tool_list, status, is_office, created_at, updated_at, deleted_at, reject_reason, failed_step_status, mcp_server_name) FROM stdin;
fbebf1f6cc28d405097cca563461f379	文件管理	https://agentx.oss-cn-beijing.aliyuncs.com/agent/2025/06/02/1748850456448_e51nao.jpg	文件管理	{\n  "mcpServers": {\n    "file-system": {\n      "command": "npx",\n      "args": [\n        "-y",\n        "@modelcontextprotocol/server-filesystem",\n        "/etc/proxy"\n      ]\n    }\n  }\n}	1fec531705a7bda022cb2cf3650d0d17	["file-system"]	MCP	GITHUB	https://github.com/smithery-ai/reference-servers/tree/main/src/filesystem	{"mcpServers": {"file-system": {"args": ["-y", "@modelcontextprotocol/server-filesystem", "/etc/proxy"], "command": "npx"}}}	[{"name": "read_file", "enabled": true, "parameters": {"required": ["path"], "properties": {"{path": {}, "required": {}, "definitions": {}, "additionalProperties": {}}}, "description": "Read the complete contents of a file from the file system. Handles various text encodings and provides detailed error messages if the file cannot be read. Use this tool when you need to examine the contents of a single file. Only works within allowed directories."}, {"name": "read_multiple_files", "enabled": true, "parameters": {"required": ["paths"], "properties": {"items": {}, "{paths": {}, "required": {}, "definitions": {}, "additionalProperties": {}}}, "description": "Read the contents of multiple files simultaneously. This is more efficient than reading files one by one when you need to analyze or compare multiple files. Each file's content is returned with its path as a reference. Failed reads for individual files won't stop the entire operation. Only works within allowed directories."}, {"name": "write_file", "enabled": true, "parameters": {"required": ["path", "content"], "properties": {"{path": {}, "content": {}, "required": {}, "definitions": {}, "additionalProperties": {}}}, "description": "Create a new file or completely overwrite an existing file with new content. Use with caution as it will overwrite existing files without warning. Handles text content with proper encoding. Only works within allowed directories."}, {"name": "edit_file", "enabled": true, "parameters": {"required": ["oldText", "newText"], "properties": {"edits": {}, "items": {}, "{path": {}, "dryRun": {"description": "Preview changes using git-style diff format"}, "newText": {"description": "Text to replace with"}, "required": {}, "properties": {"description": "Text to search for - must match exactly"}, "definitions": {}, "additionalProperties": {}}}, "description": "Make line-based edits to a text file. Each edit replaces exact line sequences with new content. Returns a git-style diff showing the changes made. Only works within allowed directories."}, {"name": "create_directory", "enabled": true, "parameters": {"required": ["path"], "properties": {"{path": {}, "required": {}, "definitions": {}, "additionalProperties": {}}}, "description": "Create a new directory or ensure a directory exists. Can create multiple nested directories in one operation. If the directory already exists, this operation will succeed silently. Perfect for setting up directory structures for projects or ensuring required paths exist. Only works within allowed directories."}, {"name": "list_directory", "enabled": true, "parameters": {"required": ["path"], "properties": {"{path": {}, "required": {}, "definitions": {}, "additionalProperties": {}}}, "description": "Get a detailed listing of all files and directories in a specified path. Results clearly distinguish between files and directories with [FILE] and [DIR] prefixes. This tool is essential for understanding directory structure and finding specific files within a directory. Only works within allowed directories."}, {"name": "directory_tree", "enabled": true, "parameters": {"required": ["path"], "properties": {"{path": {}, "required": {}, "definitions": {}, "additionalProperties": {}}}, "description": "Get a recursive tree view of files and directories as a JSON structure. Each entry includes 'name', 'type' (file/directory), and 'children' for directories. Files have no children array, while directories always have a children array (which may be empty). The output is formatted with 2-space indentation for readability. Only works within allowed directories."}, {"name": "move_file", "enabled": true, "parameters": {"required": ["source", "destination"], "properties": {"{source": {}, "required": {}, "definitions": {}, "destination": {}, "additionalProperties": {}}}, "description": "Move or rename files and directories. Can move files between directories and rename them in a single operation. If the destination exists, the operation will fail. Works across different directories and can be used for simple renaming within the same directory. Both source and destination must be within allowed directories."}, {"name": "search_files", "enabled": true, "parameters": {"required": ["path", "pattern"], "properties": {"items": {}, "{path": {}, "pattern": {}, "required": {}, "definitions": {}, "excludePatterns": {}, "additionalProperties": {}}}, "description": "Recursively search for files and directories matching a pattern. Searches through all subdirectories from the starting path. The search is case-insensitive and matches partial names. Returns full paths to all matching items. Great for finding files when you don't know their exact location. Only searches within allowed directories."}, {"name": "get_file_info", "enabled": true, "parameters": {"required": ["path"], "properties": {"{path": {}, "required": {}, "definitions": {}, "additionalProperties": {}}}, "description": "Retrieve detailed metadata about a file or directory. Returns comprehensive information including size, creation time, last modified time, permissions, and type. This tool is perfect for understanding file characteristics without reading the actual content. Only works within allowed directories."}, {"name": "list_allowed_directories", "enabled": true, "parameters": {"properties": {"required": {}, "definitions": {}, "additionalProperties": {}}}, "description": "Returns the list of directories that this server is allowed to access. Use this to understand which directories are available before trying to access files."}]	APPROVED	f	2025-05-24 14:20:19.712004	2025-06-02 15:47:39.019899	\N	\N	\N	file-system
5048f8561619c3633dbb1fc8526e0331	测试工具	\N	测试工具	测试工具测试工具测试工具测试工具测试工具	9d104b0f930794ff23840923a389840e	["test"]	MCP	GITHUB	http://localhost:3000/tools/upload	{"mcpServers": {"file-system": {"args": ["-y", "@modelcontextprotocol/server-filesystem", "/etc/proxy"], "command": "npx"}}}	\N	APPROVED	f	2025-05-24 23:15:11.647289	2025-05-24 23:15:11.647289	2025-05-24 23:24:47.311048	状态处理失败: 无效的 GitHub URL 格式：http://localhost:3000/tools/upload	GITHUB_URL_VALIDATE	file-system
30141b14b832a9062ad47cf49b12c3b4	前端项目部署工具	\N	用于部署前端项目	提供俩个工具：\n\n1.surge_login\n\n2.surge_deploy\n\n需要和文件工具一块使用\n	1fec531705a7bda022cb2cf3650d0d17	["surge"]	MCP	GITHUB	https://github.com/xhyqaq/surge-mcp-server/tree/0.0.1	{"mcpServers": {"surge": {"args": ["-y", "https://github.com/xhyqaq/surge-mcp-server.git"], "command": "npx"}}}	[{"name": "surge_login", "enabled": true, "parameters": {"required": ["email", "password"], "properties": {"email": {"description": "Surge 账户邮箱"}, "password": {"description": "Surge 账户密码"}}}, "description": "登录到 Surge.sh 账户"}, {"name": "surge_deploy", "enabled": true, "parameters": {"required": ["directory"], "properties": {"directory": {"description": "要部署的目录路径，例如：/Users/xhy/soft-application/mcp-server/surge-mcp"}}}, "description": "部署项目到 Surge.sh（生成随机域名）"}]	APPROVED	f	2025-05-24 13:38:40.227525	2025-05-24 14:02:43.610639	\N	状态处理失败: 指定的引用 '0.0.5' 在 GitHub 仓库 'xhyqaq/surge-mcp-server' 中不是一个有效的 Tag。	GITHUB_URL_VALIDATE	surge
d962e2953fe689e3e70dfb0fc845ac5f	测试工具	\N	测试工具	测试工具测试工具测试工具测试工具测试工具测试工具测试工具	9d104b0f930794ff23840923a389840e	["测试工具"]	MCP	GITHUB	http://localhost:3000/tools/upload	{"mcpServers": {"file-system": {"args": ["-y", "@modelcontextprotocol/server-filesystem", "/etc/proxy"], "command": "npx"}}}	\N	APPROVED	f	2025-05-24 23:26:12.172275	2025-05-24 23:26:12.172275	2025-05-24 23:35:12.352064	状态处理失败: 无效的 GitHub URL 格式：http://localhost:3000/tools/upload	GITHUB_URL_VALIDATE	file-system
\.


--
-- Data for Name: user_settings; Type: TABLE DATA; Schema: public; Owner: postgres
--

COPY public.user_settings (id, user_id, setting_config, created_at, updated_at, deleted_at) FROM stdin;
1	1fec531705a7bda022cb2cf3650d0d17	{"defaultModel": "766413d538676a165318588ac74f3ccd"}	2025-05-29 22:54:16	2025-06-09 20:30:24.486701	\N
\.


--
-- Data for Name: user_tools; Type: TABLE DATA; Schema: public; Owner: postgres
--

COPY public.user_tools (id, user_id, tool_id, version, tool_list, labels, is_office, public_state, created_at, updated_at, deleted_at, name, icon, subtitle, description, mcp_server_name) FROM stdin;
0bd14dd067c7f3a9bee7e6d7ab1537f8	1fec531705a7bda022cb2cf3650d0d17	fcf8589b869aada08e4fe7c29121ddb8	0.0.4	[{"name": "read_file", "enabled": true, "parameters": {"required": ["path"], "properties": {"{path": {"description": null}, "required": {"description": null}, "definitions": {"description": null}, "additionalProperties": {"description": null}}}, "description": "Read the complete contents of a file from the file system. Handles various text encodings and provides detailed error messages if the file cannot be read. Use this tool when you need to examine the contents of a single file. Only works within allowed directories."}, {"name": "read_multiple_files", "enabled": true, "parameters": {"required": ["paths"], "properties": {"items": {"description": null}, "{paths": {"description": null}, "required": {"description": null}, "definitions": {"description": null}, "additionalProperties": {"description": null}}}, "description": "Read the contents of multiple files simultaneously. This is more efficient than reading files one by one when you need to analyze or compare multiple files. Each file's content is returned with its path as a reference. Failed reads for individual files won't stop the entire operation. Only works within allowed directories."}, {"name": "write_file", "enabled": true, "parameters": {"required": ["path", "content"], "properties": {"{path": {"description": null}, "content": {"description": null}, "required": {"description": null}, "definitions": {"description": null}, "additionalProperties": {"description": null}}}, "description": "Create a new file or completely overwrite an existing file with new content. Use with caution as it will overwrite existing files without warning. Handles text content with proper encoding. Only works within allowed directories."}, {"name": "edit_file", "enabled": true, "parameters": {"required": ["oldText", "newText"], "properties": {"edits": {"description": null}, "items": {"description": null}, "{path": {"description": null}, "dryRun": {"description": "Preview changes using git-style diff format"}, "newText": {"description": "Text to replace with"}, "required": {"description": null}, "properties": {"description": "Text to search for - must match exactly"}, "definitions": {"description": null}, "additionalProperties": {"description": null}}}, "description": "Make line-based edits to a text file. Each edit replaces exact line sequences with new content. Returns a git-style diff showing the changes made. Only works within allowed directories."}, {"name": "create_directory", "enabled": true, "parameters": {"required": ["path"], "properties": {"{path": {"description": null}, "required": {"description": null}, "definitions": {"description": null}, "additionalProperties": {"description": null}}}, "description": "Create a new directory or ensure a directory exists. Can create multiple nested directories in one operation. If the directory already exists, this operation will succeed silently. Perfect for setting up directory structures for projects or ensuring required paths exist. Only works within allowed directories."}, {"name": "list_directory", "enabled": true, "parameters": {"required": ["path"], "properties": {"{path": {"description": null}, "required": {"description": null}, "definitions": {"description": null}, "additionalProperties": {"description": null}}}, "description": "Get a detailed listing of all files and directories in a specified path. Results clearly distinguish between files and directories with [FILE] and [DIR] prefixes. This tool is essential for understanding directory structure and finding specific files within a directory. Only works within allowed directories."}, {"name": "directory_tree", "enabled": true, "parameters": {"required": ["path"], "properties": {"{path": {"description": null}, "required": {"description": null}, "definitions": {"description": null}, "additionalProperties": {"description": null}}}, "description": "Get a recursive tree view of files and directories as a JSON structure. Each entry includes 'name', 'type' (file/directory), and 'children' for directories. Files have no children array, while directories always have a children array (which may be empty). The output is formatted with 2-space indentation for readability. Only works within allowed directories."}, {"name": "move_file", "enabled": true, "parameters": {"required": ["source", "destination"], "properties": {"{source": {"description": null}, "required": {"description": null}, "definitions": {"description": null}, "destination": {"description": null}, "additionalProperties": {"description": null}}}, "description": "Move or rename files and directories. Can move files between directories and rename them in a single operation. If the destination exists, the operation will fail. Works across different directories and can be used for simple renaming within the same directory. Both source and destination must be within allowed directories."}, {"name": "search_files", "enabled": true, "parameters": {"required": ["path", "pattern"], "properties": {"items": {"description": null}, "{path": {"description": null}, "pattern": {"description": null}, "required": {"description": null}, "definitions": {"description": null}, "excludePatterns": {"description": null}, "additionalProperties": {"description": null}}}, "description": "Recursively search for files and directories matching a pattern. Searches through all subdirectories from the starting path. The search is case-insensitive and matches partial names. Returns full paths to all matching items. Great for finding files when you don't know their exact location. Only searches within allowed directories."}, {"name": "get_file_info", "enabled": true, "parameters": {"required": ["path"], "properties": {"{path": {"description": null}, "required": {"description": null}, "definitions": {"description": null}, "additionalProperties": {"description": null}}}, "description": "Retrieve detailed metadata about a file or directory. Returns comprehensive information including size, creation time, last modified time, permissions, and type. This tool is perfect for understanding file characteristics without reading the actual content. Only works within allowed directories."}, {"name": "list_allowed_directories", "enabled": true, "parameters": {"required": null, "properties": {"required": {"description": null}, "definitions": {"description": null}, "additionalProperties": {"description": null}}}, "description": "Returns the list of directories that this server is allowed to access. Use this to understand which directories are available before trying to access files."}]	["A", "B"]	f	f	2025-05-24 00:51:46.743325	2025-05-11 23:16:13.969995	2025-05-24 12:10:26	测试工具-333	https://avatars.githubusercontent.com/u/10376890	测试工具。。。	别治感布也县最。好类公。你速物。效料片给压特写。来全万会自电一。况办重派色样先必则。做准题声较口住县元广。	file-system
f82033287c53f73ff70b41c244963892	1fec531705a7bda022cb2cf3650d0d17	fcf8589b869aada08e4fe7c29121ddb8	0.0.4	[{"name": "read_file", "enabled": true, "parameters": {"required": ["path"], "properties": {"{path": {"description": null}, "required": {"description": null}, "definitions": {"description": null}, "additionalProperties": {"description": null}}}, "description": "Read the complete contents of a file from the file system. Handles various text encodings and provides detailed error messages if the file cannot be read. Use this tool when you need to examine the contents of a single file. Only works within allowed directories."}, {"name": "read_multiple_files", "enabled": true, "parameters": {"required": ["paths"], "properties": {"items": {"description": null}, "{paths": {"description": null}, "required": {"description": null}, "definitions": {"description": null}, "additionalProperties": {"description": null}}}, "description": "Read the contents of multiple files simultaneously. This is more efficient than reading files one by one when you need to analyze or compare multiple files. Each file's content is returned with its path as a reference. Failed reads for individual files won't stop the entire operation. Only works within allowed directories."}, {"name": "write_file", "enabled": true, "parameters": {"required": ["path", "content"], "properties": {"{path": {"description": null}, "content": {"description": null}, "required": {"description": null}, "definitions": {"description": null}, "additionalProperties": {"description": null}}}, "description": "Create a new file or completely overwrite an existing file with new content. Use with caution as it will overwrite existing files without warning. Handles text content with proper encoding. Only works within allowed directories."}, {"name": "edit_file", "enabled": true, "parameters": {"required": ["oldText", "newText"], "properties": {"edits": {"description": null}, "items": {"description": null}, "{path": {"description": null}, "dryRun": {"description": "Preview changes using git-style diff format"}, "newText": {"description": "Text to replace with"}, "required": {"description": null}, "properties": {"description": "Text to search for - must match exactly"}, "definitions": {"description": null}, "additionalProperties": {"description": null}}}, "description": "Make line-based edits to a text file. Each edit replaces exact line sequences with new content. Returns a git-style diff showing the changes made. Only works within allowed directories."}, {"name": "create_directory", "enabled": true, "parameters": {"required": ["path"], "properties": {"{path": {"description": null}, "required": {"description": null}, "definitions": {"description": null}, "additionalProperties": {"description": null}}}, "description": "Create a new directory or ensure a directory exists. Can create multiple nested directories in one operation. If the directory already exists, this operation will succeed silently. Perfect for setting up directory structures for projects or ensuring required paths exist. Only works within allowed directories."}, {"name": "list_directory", "enabled": true, "parameters": {"required": ["path"], "properties": {"{path": {"description": null}, "required": {"description": null}, "definitions": {"description": null}, "additionalProperties": {"description": null}}}, "description": "Get a detailed listing of all files and directories in a specified path. Results clearly distinguish between files and directories with [FILE] and [DIR] prefixes. This tool is essential for understanding directory structure and finding specific files within a directory. Only works within allowed directories."}, {"name": "directory_tree", "enabled": true, "parameters": {"required": ["path"], "properties": {"{path": {"description": null}, "required": {"description": null}, "definitions": {"description": null}, "additionalProperties": {"description": null}}}, "description": "Get a recursive tree view of files and directories as a JSON structure. Each entry includes 'name', 'type' (file/directory), and 'children' for directories. Files have no children array, while directories always have a children array (which may be empty). The output is formatted with 2-space indentation for readability. Only works within allowed directories."}, {"name": "move_file", "enabled": true, "parameters": {"required": ["source", "destination"], "properties": {"{source": {"description": null}, "required": {"description": null}, "definitions": {"description": null}, "destination": {"description": null}, "additionalProperties": {"description": null}}}, "description": "Move or rename files and directories. Can move files between directories and rename them in a single operation. If the destination exists, the operation will fail. Works across different directories and can be used for simple renaming within the same directory. Both source and destination must be within allowed directories."}, {"name": "search_files", "enabled": true, "parameters": {"required": ["path", "pattern"], "properties": {"items": {"description": null}, "{path": {"description": null}, "pattern": {"description": null}, "required": {"description": null}, "definitions": {"description": null}, "excludePatterns": {"description": null}, "additionalProperties": {"description": null}}}, "description": "Recursively search for files and directories matching a pattern. Searches through all subdirectories from the starting path. The search is case-insensitive and matches partial names. Returns full paths to all matching items. Great for finding files when you don't know their exact location. Only searches within allowed directories."}, {"name": "get_file_info", "enabled": true, "parameters": {"required": ["path"], "properties": {"{path": {"description": null}, "required": {"description": null}, "definitions": {"description": null}, "additionalProperties": {"description": null}}}, "description": "Retrieve detailed metadata about a file or directory. Returns comprehensive information including size, creation time, last modified time, permissions, and type. This tool is perfect for understanding file characteristics without reading the actual content. Only works within allowed directories."}, {"name": "list_allowed_directories", "enabled": true, "parameters": {"required": null, "properties": {"required": {"description": null}, "definitions": {"description": null}, "additionalProperties": {"description": null}}}, "description": "Returns the list of directories that this server is allowed to access. Use this to understand which directories are available before trying to access files."}]	["A", "B"]	f	f	2025-05-24 00:51:46.743325	2025-05-11 23:16:13.969995	2025-05-24 13:37:01.842734	测试工具-333	https://avatars.githubusercontent.com/u/10376890	测试工具。。。	别治感布也县最。好类公。你速物。效料片给压特写。来全万会自电一。况办重派色样先必则。做准题声较口住县元广。	file-system
f61ada86cf53d38687cc0fb7d60ec085	1fec531705a7bda022cb2cf3650d0d17	30141b14b832a9062ad47cf49b12c3b4	0.0.0	[{"name": "surge_login", "enabled": true, "parameters": {"required": ["email", "password"], "properties": {"{email": {"description": "Surge 账户邮箱"}, "password": {"description": "Surge 账户密码"}, "required": {"description": null}, "definitions": {"description": null}, "additionalProperties": {"description": null}}}, "description": "登录到 Surge.sh 账户"}, {"name": "surge_deploy", "enabled": true, "parameters": {"required": ["directory"], "properties": {"required": {"description": null}, "{directory": {"description": "要部署的目录路径，例如：/Users/xhy/soft-application/mcp-server/surge-mcp"}, "definitions": {"description": null}, "additionalProperties": {"description": null}}}, "description": "部署项目到 Surge.sh（生成随机域名）"}]	["surge"]	f	f	2025-05-24 13:38:40.227525	2025-05-24 14:02:43.610639	\N	前端项目部署工具	\N	用于部署前端项目	提供俩个工具：\n\n1.surge_login\n\n2.surge_deploy\n\n需要和文件工具一块使用\n	surge
5f0f8b758f9e693a9541f4b655059d8f	1fec531705a7bda022cb2cf3650d0d17	fbebf1f6cc28d405097cca563461f379	0.0.0	[{"name": "read_file", "enabled": true, "parameters": {"required": ["path"], "properties": {"{path": {"description": null}, "required": {"description": null}, "definitions": {"description": null}, "additionalProperties": {"description": null}}}, "description": "Read the complete contents of a file from the file system. Handles various text encodings and provides detailed error messages if the file cannot be read. Use this tool when you need to examine the contents of a single file. Only works within allowed directories."}, {"name": "read_multiple_files", "enabled": true, "parameters": {"required": ["paths"], "properties": {"items": {"description": null}, "{paths": {"description": null}, "required": {"description": null}, "definitions": {"description": null}, "additionalProperties": {"description": null}}}, "description": "Read the contents of multiple files simultaneously. This is more efficient than reading files one by one when you need to analyze or compare multiple files. Each file's content is returned with its path as a reference. Failed reads for individual files won't stop the entire operation. Only works within allowed directories."}, {"name": "write_file", "enabled": true, "parameters": {"required": ["path", "content"], "properties": {"{path": {"description": null}, "content": {"description": null}, "required": {"description": null}, "definitions": {"description": null}, "additionalProperties": {"description": null}}}, "description": "Create a new file or completely overwrite an existing file with new content. Use with caution as it will overwrite existing files without warning. Handles text content with proper encoding. Only works within allowed directories."}, {"name": "edit_file", "enabled": true, "parameters": {"required": ["oldText", "newText"], "properties": {"edits": {"description": null}, "items": {"description": null}, "{path": {"description": null}, "dryRun": {"description": "Preview changes using git-style diff format"}, "newText": {"description": "Text to replace with"}, "required": {"description": null}, "properties": {"description": "Text to search for - must match exactly"}, "definitions": {"description": null}, "additionalProperties": {"description": null}}}, "description": "Make line-based edits to a text file. Each edit replaces exact line sequences with new content. Returns a git-style diff showing the changes made. Only works within allowed directories."}, {"name": "create_directory", "enabled": true, "parameters": {"required": ["path"], "properties": {"{path": {"description": null}, "required": {"description": null}, "definitions": {"description": null}, "additionalProperties": {"description": null}}}, "description": "Create a new directory or ensure a directory exists. Can create multiple nested directories in one operation. If the directory already exists, this operation will succeed silently. Perfect for setting up directory structures for projects or ensuring required paths exist. Only works within allowed directories."}, {"name": "list_directory", "enabled": true, "parameters": {"required": ["path"], "properties": {"{path": {"description": null}, "required": {"description": null}, "definitions": {"description": null}, "additionalProperties": {"description": null}}}, "description": "Get a detailed listing of all files and directories in a specified path. Results clearly distinguish between files and directories with [FILE] and [DIR] prefixes. This tool is essential for understanding directory structure and finding specific files within a directory. Only works within allowed directories."}, {"name": "directory_tree", "enabled": true, "parameters": {"required": ["path"], "properties": {"{path": {"description": null}, "required": {"description": null}, "definitions": {"description": null}, "additionalProperties": {"description": null}}}, "description": "Get a recursive tree view of files and directories as a JSON structure. Each entry includes 'name', 'type' (file/directory), and 'children' for directories. Files have no children array, while directories always have a children array (which may be empty). The output is formatted with 2-space indentation for readability. Only works within allowed directories."}, {"name": "move_file", "enabled": true, "parameters": {"required": ["source", "destination"], "properties": {"{source": {"description": null}, "required": {"description": null}, "definitions": {"description": null}, "destination": {"description": null}, "additionalProperties": {"description": null}}}, "description": "Move or rename files and directories. Can move files between directories and rename them in a single operation. If the destination exists, the operation will fail. Works across different directories and can be used for simple renaming within the same directory. Both source and destination must be within allowed directories."}, {"name": "search_files", "enabled": true, "parameters": {"required": ["path", "pattern"], "properties": {"items": {"description": null}, "{path": {"description": null}, "pattern": {"description": null}, "required": {"description": null}, "definitions": {"description": null}, "excludePatterns": {"description": null}, "additionalProperties": {"description": null}}}, "description": "Recursively search for files and directories matching a pattern. Searches through all subdirectories from the starting path. The search is case-insensitive and matches partial names. Returns full paths to all matching items. Great for finding files when you don't know their exact location. Only searches within allowed directories."}, {"name": "get_file_info", "enabled": true, "parameters": {"required": ["path"], "properties": {"{path": {"description": null}, "required": {"description": null}, "definitions": {"description": null}, "additionalProperties": {"description": null}}}, "description": "Retrieve detailed metadata about a file or directory. Returns comprehensive information including size, creation time, last modified time, permissions, and type. This tool is perfect for understanding file characteristics without reading the actual content. Only works within allowed directories."}, {"name": "list_allowed_directories", "enabled": true, "parameters": {"required": null, "properties": {"required": {"description": null}, "definitions": {"description": null}, "additionalProperties": {"description": null}}}, "description": "Returns the list of directories that this server is allowed to access. Use this to understand which directories are available before trying to access files."}]	["file-system"]	f	f	2025-05-24 14:20:19.712004	2025-05-24 14:20:19.712004	\N	文件管理	\N	文件管理	{\n  "mcpServers": {\n    "file-system": {\n      "command": "npx",\n      "args": [\n        "-y",\n        "@modelcontextprotocol/server-filesystem",\n        "/etc/proxy"\n      ]\n    }\n  }\n}	file-system
d69662e56427b7a750d8ebaa581b7976	9d104b0f930794ff23840923a389840e	d962e2953fe689e3e70dfb0fc845ac5f	0.0.0	\N	["测试工具"]	f	f	2025-05-24 23:26:12.172275	2025-05-24 23:26:12.172275	2025-05-24 23:35:12.352064	测试工具	\N	测试工具	测试工具测试工具测试工具测试工具测试工具测试工具测试工具	file-system
6bc9058f2aa87c3433a5d830d9b7818c	1fec531705a7bda022cb2cf3650d0d17	d962e2953fe689e3e70dfb0fc845ac5f	0.0.1	\N	["测试工具"]	f	f	2025-05-24 23:26:38.040572	2025-05-24 23:26:12.172275	\N	测试工具	\N	测试工具	测试工具测试工具测试工具测试工具测试工具测试工具测试工具	file-system
\.


--
-- Data for Name: users; Type: TABLE DATA; Schema: public; Owner: postgres
--

COPY public.users (id, nickname, email, phone, password, created_at, updated_at, deleted_at, github_id, github_login, avatar_url) FROM stdin;
1fec531705a7bda022cb2cf3650d0d17	agent-xa39598	xhyovo@qq.com		$2a$10$pCw7cj4mEcFuKiiWPCKLZ.NjeSIrfwMfrtObfs9sbth5q.vw4N8Du	2025-05-11 18:19:06.684416	2025-05-11 18:19:06.684416	\N	\N	\N	\N
9d104b0f930794ff23840923a389840e	agent-xbe83da	test@qq.com		$2a$10$idyCX0FzBbIzWArLgQkUnepyK9TvtZahWsPZpCbJ6lcDUaDKdrydW	2025-05-24 23:14:22.238285	2025-05-24 23:14:22.238285	\N	\N	\N	\N
\.


--
-- Name: agent_tasks agent_tasks_pkey; Type: CONSTRAINT; Schema: public; Owner: postgres
--

ALTER TABLE ONLY public.agent_tasks
    ADD CONSTRAINT agent_tasks_pkey PRIMARY KEY (id);


--
-- Name: agent_versions agent_versions_pkey; Type: CONSTRAINT; Schema: public; Owner: postgres
--

ALTER TABLE ONLY public.agent_versions
    ADD CONSTRAINT agent_versions_pkey PRIMARY KEY (id);


--
-- Name: agent_workspace agent_workspace_pkey; Type: CONSTRAINT; Schema: public; Owner: postgres
--

ALTER TABLE ONLY public.agent_workspace
    ADD CONSTRAINT agent_workspace_pkey PRIMARY KEY (id);


--
-- Name: agents agents_pkey; Type: CONSTRAINT; Schema: public; Owner: postgres
--

ALTER TABLE ONLY public.agents
    ADD CONSTRAINT agents_pkey PRIMARY KEY (id);


--
-- Name: context context_pkey; Type: CONSTRAINT; Schema: public; Owner: postgres
--

ALTER TABLE ONLY public.context
    ADD CONSTRAINT context_pkey PRIMARY KEY (id);


--
-- Name: messages messages_pkey; Type: CONSTRAINT; Schema: public; Owner: postgres
--

ALTER TABLE ONLY public.messages
    ADD CONSTRAINT messages_pkey PRIMARY KEY (id);


--
-- Name: models models_pkey; Type: CONSTRAINT; Schema: public; Owner: postgres
--

ALTER TABLE ONLY public.models
    ADD CONSTRAINT models_pkey PRIMARY KEY (id);


--
-- Name: providers providers_pkey; Type: CONSTRAINT; Schema: public; Owner: postgres
--

ALTER TABLE ONLY public.providers
    ADD CONSTRAINT providers_pkey PRIMARY KEY (id);


--
-- Name: scheduled_tasks scheduled_tasks_pkey; Type: CONSTRAINT; Schema: public; Owner: postgres
--

ALTER TABLE ONLY public.scheduled_tasks
    ADD CONSTRAINT scheduled_tasks_pkey PRIMARY KEY (id);


--
-- Name: sessions sessions_pkey; Type: CONSTRAINT; Schema: public; Owner: postgres
--

ALTER TABLE ONLY public.sessions
    ADD CONSTRAINT sessions_pkey PRIMARY KEY (id);


--
-- Name: tool_versions tool_versions_pkey; Type: CONSTRAINT; Schema: public; Owner: postgres
--

ALTER TABLE ONLY public.tool_versions
    ADD CONSTRAINT tool_versions_pkey PRIMARY KEY (id);


--
-- Name: user_settings user_settings_pkey; Type: CONSTRAINT; Schema: public; Owner: postgres
--

ALTER TABLE ONLY public.user_settings
    ADD CONSTRAINT user_settings_pkey PRIMARY KEY (id);


--
-- Name: user_settings user_settings_user_id_key; Type: CONSTRAINT; Schema: public; Owner: postgres
--

ALTER TABLE ONLY public.user_settings
    ADD CONSTRAINT user_settings_user_id_key UNIQUE (user_id);


--
-- Name: user_tools user_tools_pkey; Type: CONSTRAINT; Schema: public; Owner: postgres
--

ALTER TABLE ONLY public.user_tools
    ADD CONSTRAINT user_tools_pkey PRIMARY KEY (id);


--
-- Name: users users_pkey; Type: CONSTRAINT; Schema: public; Owner: postgres
--

ALTER TABLE ONLY public.users
    ADD CONSTRAINT users_pkey PRIMARY KEY (id);


--
-- Name: idx_agent_tasks_parent_task_id; Type: INDEX; Schema: public; Owner: postgres
--

CREATE INDEX idx_agent_tasks_parent_task_id ON public.agent_tasks USING btree (parent_task_id);


--
-- Name: idx_agent_tasks_session_id; Type: INDEX; Schema: public; Owner: postgres
--

CREATE INDEX idx_agent_tasks_session_id ON public.agent_tasks USING btree (session_id);


--
-- Name: idx_agent_tasks_user_id; Type: INDEX; Schema: public; Owner: postgres
--

CREATE INDEX idx_agent_tasks_user_id ON public.agent_tasks USING btree (user_id);


--
-- Name: idx_agent_versions_agent_id; Type: INDEX; Schema: public; Owner: postgres
--

CREATE INDEX idx_agent_versions_agent_id ON public.agent_versions USING btree (agent_id);


--
-- Name: idx_agent_versions_user_id; Type: INDEX; Schema: public; Owner: postgres
--

CREATE INDEX idx_agent_versions_user_id ON public.agent_versions USING btree (user_id);


--
-- Name: idx_agent_workspace_agent_id; Type: INDEX; Schema: public; Owner: postgres
--

CREATE INDEX idx_agent_workspace_agent_id ON public.agent_workspace USING btree (agent_id);


--
-- Name: idx_agent_workspace_user_id; Type: INDEX; Schema: public; Owner: postgres
--

CREATE INDEX idx_agent_workspace_user_id ON public.agent_workspace USING btree (user_id);


--
-- Name: idx_agents_user_id; Type: INDEX; Schema: public; Owner: postgres
--

CREATE INDEX idx_agents_user_id ON public.agents USING btree (user_id);


--
-- Name: idx_context_session_id; Type: INDEX; Schema: public; Owner: postgres
--

CREATE INDEX idx_context_session_id ON public.context USING btree (session_id);


--
-- Name: idx_messages_session_id; Type: INDEX; Schema: public; Owner: postgres
--

CREATE INDEX idx_messages_session_id ON public.messages USING btree (session_id);


--
-- Name: idx_models_provider_id; Type: INDEX; Schema: public; Owner: postgres
--

CREATE INDEX idx_models_provider_id ON public.models USING btree (provider_id);


--
-- Name: idx_models_user_id; Type: INDEX; Schema: public; Owner: postgres
--

CREATE INDEX idx_models_user_id ON public.models USING btree (user_id);


--
-- Name: idx_providers_user_id; Type: INDEX; Schema: public; Owner: postgres
--

CREATE INDEX idx_providers_user_id ON public.providers USING btree (user_id);


--
-- Name: idx_sessions_agent_id; Type: INDEX; Schema: public; Owner: postgres
--

CREATE INDEX idx_sessions_agent_id ON public.sessions USING btree (agent_id);


--
-- Name: idx_sessions_user_id; Type: INDEX; Schema: public; Owner: postgres
--

CREATE INDEX idx_sessions_user_id ON public.sessions USING btree (user_id);


--
-- Name: idx_tools_user_id; Type: INDEX; Schema: public; Owner: postgres
--

CREATE INDEX idx_tools_user_id ON public.tools USING btree (user_id);


--
-- Name: idx_user_settings_user_id; Type: INDEX; Schema: public; Owner: postgres
--

CREATE INDEX idx_user_settings_user_id ON public.user_settings USING btree (user_id);


--
-- Name: idx_user_tools_tool_version_id; Type: INDEX; Schema: public; Owner: postgres
--

CREATE INDEX idx_user_tools_tool_version_id ON public.user_tools USING btree (tool_id);


--
-- Name: idx_user_tools_user_id; Type: INDEX; Schema: public; Owner: postgres
--

CREATE INDEX idx_user_tools_user_id ON public.user_tools USING btree (user_id);


--
-- PostgreSQL database dump complete
--

